squad,players_used,possession,games,games_starts,minutes,goals,assists,pens_made,pens_att,cards_yellow,cards_red,goals_per90,assists_per90,goals_assists_per90,goals_pens_per90,goals_assists_pens_per90,xg,npxg,xa,xg_per90,xa_per90,xg_xa_per90,npxg_per90,npxg_xa_per90,games_gk,games_starts_gk,minutes_gk,goals_against_gk,goals_against_per90_gk,shots_on_target_against,saves,save_pct,wins_gk,draws_gk,losses_gk,clean_sheets,clean_sheets_pct,pens_att_gk,pens_allowed,pens_saved,pens_missed_gk,minutes_90s_gk,free_kick_goals_against_gk,corner_kick_goals_against_gk,own_goals_against_gk,psxg_gk,psnpxg_per_shot_on_target_against,psxg_net_gk,psxg_net_per90_gk,passes_completed_launched_gk,passes_launched_gk,passes_pct_launched_gk,passes_gk,passes_throws_gk,pct_passes_launched_gk,passes_length_avg_gk,goal_kicks,pct_goal_kicks_launched,goal_kick_length_avg,crosses_gk,crosses_stopped_gk,crosses_stopped_pct_gk,def_actions_outside_pen_area_gk,def_actions_outside_pen_area_per90_gk,avg_distance_def_actions_gk,shots_total,shots_on_target,shots_free_kicks,shots_on_target_pct,shots_total_per90,shots_on_target_per90,goals_per_shot,goals_per_shot_on_target,npxg_per_shot,xg_net,npxg_net,passes_completed,passes,passes_pct,passes_total_distance,passes_progressive_distance,passes_completed_short,passes_short,passes_pct_short,passes_completed_medium,passes_medium,passes_pct_medium,passes_completed_long,passes_long,passes_pct_long,xa_net,assisted_shots,passes_into_final_third,passes_into_penalty_area,crosses_into_penalty_area,progressive_passes,passes_live,passes_dead,passes_free_kicks,through_balls,passes_pressure,passes_switches,crosses,corner_kicks,corner_kicks_in,corner_kicks_out,corner_kicks_straight,passes_ground,passes_low,passes_high,passes_left_foot,passes_right_foot,passes_head,throw_ins,passes_other_body,passes_offsides,passes_oob,passes_intercepted,passes_blocked,sca,sca_per90,sca_passes_live,sca_passes_dead,sca_dribbles,sca_shots,sca_fouled,gca,gca_per90,gca_passes_live,gca_passes_dead,gca_dribbles,gca_shots,gca_fouled,gca_og_for,tackles,tackles_won,tackles_def_3rd,tackles_mid_3rd,tackles_att_3rd,dribble_tackles,dribbles_vs,dribble_tackles_pct,dribbled_past,pressures,pressure_regains,pressure_regain_pct,pressures_def_3rd,pressures_mid_3rd,pressures_att_3rd,blocks,blocked_shots,blocked_shots_saves,blocked_passes,interceptions,clearances,errors,touches,touches_def_pen_area,touches_def_3rd,touches_mid_3rd,touches_att_3rd,touches_att_pen_area,touches_live_ball,dribbles_completed,dribbles,dribbles_completed_pct,players_dribbled_past,nutmegs,carries,carry_distance,carry_progressive_distance,pass_targets,passes_received,passes_received_pct,miscontrols,dispossessed,cards_yellow_red,fouls,fouled,offsides,pens_won,pens_conceded,own_goals,ball_recoveries,aerials_won,aerials_lost,aerials_won_pct,league_name,league_country
vs Arsenal,28.0,42.0,38.0,418.0,3420.0,49.0,32.0,7.0,7.0,76.0,2.0,1.29,0.84,2.13,1.11,1.95,54.5,49.2,35.1,1.43,0.92,2.36,1.29,2.22,38.0,38.0,3420.0,73.0,1.92,158.0,93.0,0.563,10.0,7.0,21.0,4.0,10.5,5.0,4.0,1.0,0.0,38.0,3.0,8.0,4.0,59.4,0.35,-9.6,-0.25,301.0,719.0,41.9,818.0,136.0,58.2,45.1,295.0,82.4,60.5,302.0,28.0,9.3,19.0,0.5,14.3,489.0,175.0,18.0,35.8,12.87,4.61,0.09,0.24,0.1,-5.5,-7.2,12283.0,16125.0,76.2,242801.0,90887.0,5232.0,6103.0,85.7,4901.0,5942.0,82.5,1954.0,3545.0,55.1,-3.1,348.0,988.0,299.0,64.0,1134.0,14377.0,1748.0,444.0,52.0,2866.0,500.0,448.0,183.0,12.0,23.0,9.0,10042.0,2142.0,3941.0,4412.0,9528.0,876.0,716.0,218.0,82.0,359.0,292.0,414.0,771.0,20.29,546.0,68.0,44.0,47.0,47.0,91.0,2.39,56.0,4.0,9.0,5.0,11.0,2.0,638.0,398.0,313.0,242.0,83.0,194.0,579.0,33.5,385.0,7524.0,1762.0,23.4,2458.0,3318.0,1748.0,718.0,150.0,4.0,568.0,413.0,856.0,10.0,20660.0,2266.0,6503.0,9732.0,5642.0,945.0,18942.0,349.0,583.0,59.9,380.0,10.0,13155.0,73837.0,40249.0,15055.0,12283.0,81.6,470.0,401.0,1.0,477.0,387.0,94.0,7.0,5.0,4.0,3415.0,483.0,418.0,53.6,Premier League,England
vs Bournemouth,28.0,53.2,38.0,418.0,3420.0,67.0,48.0,5.0,5.0,91.0,9.0,1.76,1.26,3.03,1.63,2.89,55.8,52.0,35.1,1.47,0.92,2.39,1.37,2.29,38.0,38.0,3420.0,56.0,1.47,152.0,104.0,0.678,19.0,6.0,13.0,12.0,31.6,9.0,7.0,1.0,1.0,38.0,0.0,7.0,1.0,58.9,0.35,3.9,0.1,293.0,748.0,39.2,863.0,113.0,56.7,45.0,301.0,86.0,63.6,318.0,24.0,7.5,22.0,0.58,15.0,513.0,166.0,18.0,32.4,13.5,4.37,0.12,0.37,0.11,11.2,10.0,16058.0,20278.0,79.2,311851.0,104530.0,6772.0,7717.0,87.8,6749.0,7891.0,85.5,2334.0,4139.0,56.4,12.9,368.0,1320.0,365.0,71.0,1407.0,18528.0,1750.0,356.0,59.0,3489.0,579.0,504.0,222.0,30.0,26.0,8.0,13603.0,2469.0,4206.0,5438.0,12476.0,923.0,777.0,191.0,79.0,402.0,265.0,446.0,815.0,21.45,631.0,56.0,33.0,46.0,35.0,121.0,3.18,91.0,3.0,7.0,9.0,8.0,3.0,645.0,399.0,330.0,234.0,81.0,194.0,546.0,35.5,352.0,5828.0,1663.0,28.5,1965.0,2377.0,1486.0,618.0,115.0,1.0,503.0,369.0,794.0,7.0,24409.0,2250.0,7056.0,11636.0,7186.0,1043.0,22695.0,291.0,459.0,63.4,318.0,16.0,16752.0,90191.0,46867.0,18929.0,16058.0,84.8,458.0,353.0,4.0,457.0,329.0,85.0,3.0,7.0,1.0,3604.0,527.0,524.0,50.1,Premier League,England
vs Brighton,21.0,57.4,38.0,418.0,3420.0,60.0,39.0,10.0,10.0,52.0,2.0,1.58,1.03,2.61,1.32,2.34,56.4,49.0,35.4,1.48,0.93,2.42,1.29,2.22,38.0,38.0,3420.0,35.0,0.92,99.0,69.0,0.697,20.0,9.0,9.0,13.0,34.2,6.0,5.0,1.0,0.0,38.0,0.0,10.0,0.0,36.8,0.32,1.8,0.05,208.0,574.0,36.2,818.0,122.0,45.7,40.7,261.0,76.6,59.8,325.0,28.0,8.6,28.0,0.74,15.8,566.0,155.0,27.0,27.4,14.89,4.08,0.09,0.32,0.09,3.6,1.0,17605.0,21611.0,81.5,329901.0,105860.0,7481.0,8448.0,88.6,7670.0,8785.0,87.3,2227.0,3799.0,58.6,3.6,406.0,1410.0,387.0,74.0,1484.0,19756.0,1855.0,493.0,45.0,3303.0,544.0,473.0,215.0,25.0,30.0,7.0,15137.0,2471.0,4003.0,5935.0,13268.0,1009.0,814.0,180.0,31.0,402.0,303.0,460.0,894.0,23.53,633.0,77.0,67.0,51.0,56.0,102.0,2.68,65.0,3.0,13.0,10.0,11.0,0.0,552.0,335.0,263.0,198.0,91.0,164.0,510.0,32.2,346.0,5396.0,1552.0,28.8,1821.0,2235.0,1340.0,526.0,105.0,4.0,421.0,312.0,832.0,6.0,25956.0,1922.0,6891.0,13011.0,7755.0,1095.0,24149.0,371.0,595.0,62.4,401.0,21.0,18055.0,100883.0,56994.0,20470.0,17605.0,86.0,471.0,492.0,1.0,329.0,444.0,39.0,8.0,5.0,0.0,3729.0,551.0,583.0,48.6,Premier League,England
vs Burnley,23.0,58.8,38.0,418.0,3420.0,64.0,43.0,2.0,3.0,58.0,3.0,1.68,1.13,2.82,1.63,2.76,63.1,60.8,44.8,1.66,1.18,2.84,1.6,2.78,38.0,38.0,3420.0,45.0,1.18,114.0,73.0,0.623,20.0,7.0,11.0,12.0,31.6,2.0,2.0,0.0,0.0,38.0,0.0,10.0,2.0,43.8,0.38,0.8,0.02,273.0,750.0,36.4,1034.0,146.0,48.7,41.2,297.0,82.8,61.2,368.0,45.0,12.2,22.0,0.58,15.7,654.0,199.0,13.0,30.4,17.21,5.24,0.09,0.31,0.1,0.9,1.2,16662.0,21116.0,78.9,324021.0,109112.0,6921.0,7927.0,87.3,7093.0,8300.0,85.5,2412.0,4270.0,56.5,-1.8,490.0,1241.0,411.0,114.0,1436.0,19155.0,1961.0,433.0,41.0,3302.0,649.0,602.0,246.0,14.0,17.0,2.0,13923.0,2615.0,4578.0,5818.0,12565.0,1052.0,902.0,241.0,42.0,450.0,300.0,502.0,1046.0,27.53,825.0,66.0,46.0,68.0,30.0,106.0,2.79,79.0,4.0,5.0,9.0,5.0,4.0,492.0,310.0,243.0,197.0,52.0,149.0,400.0,37.3,251.0,5178.0,1495.0,28.9,1721.0,2421.0,1036.0,516.0,100.0,2.0,416.0,214.0,1041.0,8.0,25445.0,2357.0,8147.0,11767.0,7091.0,1201.0,23528.0,340.0,579.0,58.7,369.0,18.0,17166.0,97019.0,54073.0,19531.0,16662.0,85.3,455.0,381.0,1.0,380.0,345.0,47.0,1.0,2.0,2.0,4031.0,749.0,706.0,51.5,Premier League,England
vs Cardiff City,25.0,64.4,38.0,418.0,3420.0,69.0,53.0,4.0,7.0,49.0,3.0,1.82,1.39,3.21,1.71,3.11,61.8,56.5,41.0,1.63,1.08,2.71,1.49,2.57,38.0,38.0,3420.0,34.0,0.89,113.0,82.0,0.726,24.0,4.0,10.0,17.0,44.7,4.0,3.0,1.0,0.0,38.0,0.0,4.0,1.0,39.4,0.33,6.4,0.17,211.0,513.0,41.1,897.0,162.0,35.9,36.0,274.0,69.7,54.9,306.0,22.0,7.2,20.0,0.53,14.8,557.0,201.0,21.0,36.1,14.66,5.29,0.12,0.32,0.11,7.2,8.5,17680.0,22070.0,80.1,328839.0,117630.0,7666.0,8741.0,87.7,7496.0,8788.0,85.3,2241.0,3805.0,58.9,12.0,418.0,1336.0,386.0,69.0,1621.0,20142.0,1928.0,405.0,48.0,3810.0,499.0,459.0,268.0,39.0,32.0,4.0,15433.0,2554.0,4083.0,5609.0,13596.0,1169.0,909.0,257.0,31.0,393.0,366.0,560.0,901.0,23.71,639.0,83.0,69.0,47.0,48.0,119.0,3.13,82.0,6.0,13.0,7.0,7.0,0.0,572.0,351.0,315.0,209.0,48.0,164.0,498.0,32.9,334.0,4734.0,1508.0,31.9,1840.0,1952.0,942.0,514.0,129.0,6.0,385.0,257.0,973.0,7.0,26503.0,2258.0,7888.0,13108.0,7236.0,1139.0,24614.0,394.0,615.0,64.1,417.0,30.0,17963.0,103443.0,56602.0,20899.0,17680.0,84.6,510.0,472.0,0.0,419.0,366.0,37.0,6.0,4.0,1.0,4018.0,737.0,743.0,49.8,Premier League,England
vs Chelsea,24.0,37.2,38.0,418.0,3420.0,39.0,30.0,1.0,2.0,63.0,0.0,1.03,0.79,1.82,1.0,1.79,35.2,33.5,26.9,0.93,0.71,1.63,0.88,1.59,38.0,38.0,3420.0,63.0,1.66,189.0,132.0,0.693,8.0,9.0,21.0,10.0,26.3,5.0,5.0,0.0,0.0,38.0,0.0,9.0,2.0,56.8,0.28,-4.2,-0.11,314.0,818.0,38.4,930.0,129.0,58.6,46.3,332.0,82.2,61.7,348.0,24.0,6.9,8.0,0.21,12.9,345.0,120.0,9.0,34.8,9.08,3.16,0.11,0.32,0.1,3.8,4.5,12092.0,15729.0,76.9,253329.0,89007.0,4420.0,5171.0,85.5,5341.0,6247.0,85.5,2168.0,3806.0,57.0,3.1,256.0,952.0,257.0,66.0,1016.0,14049.0,1680.0,391.0,26.0,2892.0,486.0,364.0,140.0,18.0,11.0,3.0,10096.0,1945.0,3688.0,4504.0,9284.0,692.0,716.0,212.0,72.0,370.0,279.0,417.0,525.0,13.82,378.0,55.0,34.0,20.0,20.0,62.0,1.63,44.0,7.0,4.0,4.0,3.0,0.0,724.0,470.0,396.0,248.0,80.0,197.0,659.0,29.9,462.0,8431.0,1762.0,20.9,3254.0,3438.0,1739.0,706.0,188.0,1.0,518.0,457.0,859.0,3.0,20140.0,2778.0,7669.0,8710.0,4844.0,692.0,18509.0,311.0,509.0,61.1,338.0,20.0,12807.0,68728.0,33784.0,14645.0,12092.0,82.6,493.0,450.0,0.0,432.0,327.0,79.0,2.0,5.0,2.0,3102.0,352.0,376.0,48.4,Premier League,England
vs Crystal Palace,26.0,55.0,38.0,418.0,3420.0,52.0,35.0,4.0,5.0,62.0,2.0,1.37,0.92,2.29,1.26,2.18,48.5,44.8,33.1,1.28,0.87,2.15,1.18,2.05,38.0,38.0,3420.0,51.0,1.34,137.0,99.0,0.701,17.0,7.0,14.0,11.0,28.9,11.0,10.0,1.0,0.0,38.0,1.0,4.0,3.0,40.1,0.24,-7.9,-0.21,256.0,557.0,46.0,702.0,110.0,50.3,43.1,297.0,68.7,56.0,279.0,16.0,5.7,22.0,0.58,14.9,524.0,156.0,20.0,29.8,13.79,4.11,0.09,0.31,0.09,3.5,3.2,16753.0,20829.0,80.4,337902.0,111410.0,6601.0,7642.0,86.4,7275.0,8397.0,86.6,2682.0,4177.0,64.2,1.9,379.0,1584.0,371.0,102.0,1580.0,18997.0,1832.0,426.0,38.0,3409.0,750.0,534.0,214.0,31.0,34.0,6.0,14139.0,2467.0,4223.0,5526.0,12889.0,988.0,807.0,198.0,48.0,401.0,353.0,559.0,813.0,21.39,588.0,79.0,45.0,45.0,43.0,80.0,2.11,56.0,5.0,6.0,5.0,7.0,1.0,777.0,465.0,395.0,292.0,90.0,236.0,756.0,31.2,520.0,6232.0,1698.0,27.2,2269.0,2687.0,1276.0,628.0,148.0,2.0,480.0,388.0,882.0,9.0,25581.0,2231.0,6919.0,12515.0,7764.0,992.0,23800.0,356.0,629.0,56.6,387.0,17.0,17395.0,97350.0,53796.0,19544.0,16753.0,85.7,501.0,517.0,1.0,413.0,383.0,62.0,4.0,11.0,3.0,3776.0,569.0,528.0,51.9,Premier League,England
vs Everton,23.0,48.5,38.0,418.0,3420.0,44.0,24.0,2.0,5.0,77.0,2.0,1.16,0.63,1.79,1.11,1.74,45.0,41.1,28.8,1.18,0.76,1.94,1.08,1.84,38.0,38.0,3420.0,54.0,1.42,159.0,108.0,0.673,14.0,9.0,15.0,10.0,26.3,5.0,2.0,2.0,1.0,38.0,2.0,8.0,1.0,48.0,0.29,-5.0,-0.13,245.0,701.0,35.0,874.0,138.0,53.3,44.4,293.0,80.2,61.3,377.0,30.0,8.0,23.0,0.61,14.5,398.0,128.0,16.0,32.2,10.47,3.37,0.11,0.33,0.11,-1.0,0.9,13163.0,17565.0,74.9,264710.0,96560.0,5316.0,6258.0,84.9,5527.0,6740.0,82.0,2137.0,3972.0,53.8,-4.8,276.0,1068.0,272.0,61.0,1201.0,15586.0,1979.0,467.0,39.0,3296.0,509.0,398.0,177.0,19.0,18.0,7.0,10580.0,2474.0,4511.0,4683.0,10289.0,917.0,951.0,216.0,77.0,414.0,355.0,492.0,622.0,16.37,428.0,64.0,33.0,36.0,43.0,70.0,1.84,42.0,4.0,2.0,11.0,7.0,2.0,717.0,448.0,343.0,299.0,75.0,219.0,598.0,36.6,379.0,6939.0,1991.0,28.7,2471.0,3086.0,1382.0,658.0,150.0,3.0,508.0,396.0,1011.0,6.0,22287.0,2413.0,7615.0,10476.0,5489.0,815.0,20354.0,303.0,517.0,58.6,334.0,23.0,14139.0,78731.0,42294.0,16339.0,13163.0,80.6,483.0,529.0,1.0,450.0,421.0,85.0,5.0,5.0,1.0,3745.0,662.0,688.0,49.0,Premier League,England
vs Fulham,28.0,51.4,38.0,418.0,3420.0,79.0,59.0,5.0,7.0,43.0,0.0,2.08,1.55,3.63,1.95,3.5,65.2,59.9,44.8,1.72,1.18,2.89,1.58,2.75,38.0,38.0,3420.0,34.0,0.89,138.0,107.0,0.768,26.0,5.0,7.0,15.0,39.5,3.0,2.0,1.0,0.0,38.0,0.0,4.0,1.0,41.3,0.28,8.3,0.22,308.0,691.0,44.6,983.0,146.0,50.5,43.6,269.0,72.5,58.0,299.0,31.0,10.4,19.0,0.5,15.2,582.0,222.0,16.0,38.1,15.32,5.84,0.13,0.33,0.11,13.8,14.1,16145.0,20448.0,79.0,329970.0,112980.0,6051.0,7030.0,86.1,7131.0,8359.0,85.3,2753.0,4464.0,61.7,14.2,412.0,1347.0,406.0,97.0,1521.0,18558.0,1890.0,476.0,38.0,3366.0,653.0,550.0,223.0,25.0,25.0,5.0,13520.0,2400.0,4528.0,5619.0,12164.0,1097.0,850.0,256.0,70.0,394.0,354.0,485.0,886.0,23.32,646.0,66.0,45.0,54.0,48.0,129.0,3.39,94.0,6.0,8.0,12.0,5.0,2.0,700.0,447.0,309.0,290.0,101.0,200.0,624.0,32.1,424.0,7049.0,1866.0,26.5,2068.0,3488.0,1493.0,549.0,123.0,2.0,426.0,317.0,696.0,6.0,24700.0,2232.0,7332.0,11846.0,6985.0,1196.0,22857.0,316.0,525.0,60.2,335.0,21.0,16338.0,87423.0,48290.0,19317.0,16145.0,83.6,480.0,417.0,0.0,357.0,405.0,79.0,5.0,3.0,1.0,3822.0,523.0,541.0,49.2,Premier League,England
vs Huddersfield,31.0,53.0,38.0,418.0,3420.0,75.0,56.0,7.0,8.0,66.0,2.0,1.97,1.47,3.45,1.79,3.26,63.3,57.3,46.1,1.67,1.21,2.88,1.51,2.72,38.0,38.0,3420.0,22.0,0.58,118.0,98.0,0.822,28.0,7.0,3.0,19.0,50.0,1.0,1.0,0.0,0.0,38.0,1.0,3.0,2.0,27.3,0.23,7.3,0.19,256.0,679.0,37.7,932.0,147.0,48.9,41.4,285.0,78.2,59.4,432.0,28.0,6.5,24.0,0.63,15.3,512.0,177.0,24.0,34.6,13.47,4.66,0.13,0.38,0.12,11.7,10.7,15902.0,20072.0,79.2,307429.0,110177.0,6458.0,7457.0,86.6,6985.0,8170.0,85.5,2261.0,3784.0,59.8,9.9,393.0,1303.0,328.0,76.0,1457.0,18210.0,1862.0,434.0,46.0,3777.0,485.0,375.0,167.0,20.0,21.0,2.0,13431.0,2627.0,4014.0,5394.0,12080.0,1015.0,916.0,221.0,71.0,380.0,430.0,529.0,866.0,22.79,627.0,71.0,60.0,46.0,49.0,134.0,3.53,91.0,8.0,13.0,6.0,13.0,0.0,648.0,388.0,334.0,268.0,46.0,214.0,524.0,40.8,310.0,6145.0,1719.0,28.0,2130.0,2850.0,1165.0,647.0,126.0,2.0,521.0,353.0,1029.0,14.0,24839.0,2406.0,7567.0,12314.0,6382.0,940.0,22995.0,443.0,710.0,62.4,479.0,24.0,16637.0,87738.0,46550.0,18873.0,15902.0,84.3,480.0,517.0,0.0,389.0,408.0,79.0,7.0,1.0,2.0,3813.0,613.0,624.0,49.6,Premier League,England
vs Leicester City,25.0,48.9,38.0,418.0,3420.0,48.0,36.0,5.0,5.0,70.0,6.0,1.26,0.95,2.21,1.13,2.08,42.6,38.9,30.9,1.12,0.81,1.93,1.02,1.84,38.0,38.0,3420.0,51.0,1.34,174.0,130.0,0.736,16.0,7.0,15.0,8.0,21.1,7.0,5.0,2.0,0.0,38.0,3.0,5.0,2.0,49.5,0.25,0.5,0.01,259.0,676.0,38.3,807.0,146.0,53.9,43.9,302.0,79.8,59.1,365.0,25.0,6.8,21.0,0.55,14.2,424.0,139.0,18.0,32.8,11.16,3.66,0.1,0.31,0.09,5.4,4.1,14140.0,18448.0,76.6,273696.0,96403.0,6035.0,7036.0,85.8,5875.0,7065.0,83.2,2053.0,3756.0,54.7,5.1,303.0,1163.0,281.0,71.0,1244.0,16578.0,1870.0,381.0,41.0,3207.0,521.0,451.0,201.0,28.0,21.0,10.0,11666.0,2538.0,4244.0,5146.0,10717.0,1036.0,898.0,235.0,81.0,420.0,355.0,536.0,637.0,16.76,453.0,65.0,37.0,33.0,31.0,79.0,2.08,55.0,6.0,8.0,5.0,4.0,0.0,626.0,386.0,304.0,245.0,77.0,178.0,595.0,29.9,417.0,6995.0,1805.0,25.8,2509.0,3070.0,1416.0,675.0,152.0,6.0,523.0,391.0,859.0,11.0,22952.0,2344.0,6853.0,11219.0,6295.0,852.0,21105.0,353.0,540.0,65.4,380.0,22.0,14992.0,82848.0,45581.0,16999.0,14140.0,83.2,474.0,554.0,3.0,407.0,337.0,90.0,3.0,7.0,3.0,3766.0,472.0,598.0,44.1,Premier League,England
vs Liverpool,23.0,38.3,38.0,418.0,3420.0,22.0,16.0,0.0,1.0,48.0,1.0,0.58,0.42,1.0,0.58,1.0,30.0,29.3,20.3,0.79,0.53,1.32,0.77,1.3,38.0,38.0,3420.0,89.0,2.34,210.0,130.0,0.61,1.0,7.0,30.0,3.0,7.9,7.0,7.0,0.0,0.0,38.0,1.0,14.0,3.0,83.4,0.37,-2.6,-0.07,295.0,815.0,36.2,881.0,140.0,60.3,47.2,356.0,79.8,61.5,339.0,17.0,5.0,20.0,0.53,12.7,309.0,96.0,9.0,31.1,8.13,2.53,0.07,0.23,0.1,-8.0,-7.3,11637.0,15736.0,74.0,230537.0,86587.0,4901.0,5777.0,84.8,4800.0,5867.0,81.8,1783.0,3568.0,50.0,-4.3,217.0,811.0,219.0,65.0,914.0,14036.0,1700.0,364.0,34.0,2637.0,469.0,377.0,124.0,11.0,10.0,6.0,9577.0,2078.0,4081.0,4245.0,9146.0,996.0,729.0,217.0,113.0,404.0,291.0,415.0,456.0,12.0,338.0,38.0,33.0,17.0,18.0,33.0,0.87,25.0,2.0,0.0,5.0,0.0,0.0,683.0,411.0,408.0,218.0,57.0,203.0,640.0,31.7,437.0,7551.0,1820.0,24.1,2895.0,3345.0,1311.0,706.0,157.0,6.0,549.0,361.0,1047.0,14.0,20206.0,2844.0,8058.0,8901.0,4302.0,616.0,18548.0,349.0,566.0,61.7,390.0,15.0,12472.0,65971.0,34907.0,14536.0,11637.0,80.1,445.0,429.0,0.0,372.0,300.0,128.0,1.0,7.0,3.0,3459.0,431.0,462.0,48.3,Premier League,England
vs Manchester City,21.0,32.2,38.0,418.0,3420.0,23.0,14.0,4.0,4.0,54.0,2.0,0.61,0.37,0.97,0.5,0.87,25.6,22.9,18.8,0.67,0.5,1.17,0.6,1.1,38.0,38.0,3420.0,95.0,2.5,247.0,158.0,0.628,4.0,2.0,32.0,2.0,5.3,4.0,3.0,0.0,1.0,38.0,2.0,9.0,4.0,89.2,0.36,-1.8,-0.05,354.0,923.0,38.4,914.0,102.0,63.5,47.7,384.0,89.3,64.1,355.0,33.0,9.3,15.0,0.39,13.2,239.0,76.0,9.0,31.8,6.29,2.0,0.08,0.25,0.1,-2.6,-3.9,9939.0,13455.0,73.9,203150.0,76529.0,3989.0,4700.0,84.9,4168.0,5037.0,82.7,1653.0,3285.0,50.3,-4.8,181.0,640.0,173.0,43.0,719.0,11866.0,1589.0,390.0,21.0,2749.0,393.0,240.0,82.0,8.0,6.0,1.0,7987.0,1795.0,3673.0,3402.0,8186.0,728.0,600.0,170.0,56.0,327.0,275.0,355.0,368.0,9.68,264.0,34.0,26.0,13.0,21.0,37.0,0.97,21.0,5.0,0.0,4.0,5.0,0.0,696.0,419.0,484.0,177.0,35.0,242.0,707.0,34.2,465.0,8274.0,1547.0,18.7,3988.0,3160.0,1126.0,686.0,203.0,6.0,483.0,373.0,994.0,14.0,17634.0,3155.0,7758.0,7433.0,3350.0,491.0,16078.0,275.0,467.0,58.9,298.0,19.0,10515.0,57481.0,28891.0,12319.0,9939.0,80.7,390.0,347.0,0.0,313.0,314.0,62.0,4.0,4.0,4.0,2769.0,363.0,402.0,47.5,Premier League,England
vs Manchester Utd,28.0,45.5,38.0,418.0,3420.0,51.0,37.0,6.0,6.0,67.0,1.0,1.34,0.97,2.32,1.18,2.16,47.9,43.3,33.9,1.26,0.89,2.15,1.14,2.03,38.0,38.0,3420.0,65.0,1.71,212.0,155.0,0.736,10.0,9.0,19.0,7.0,18.4,12.0,9.0,3.0,0.0,38.0,2.0,7.0,0.0,65.4,0.27,0.4,0.01,240.0,696.0,34.5,824.0,151.0,58.5,46.2,259.0,82.6,61.2,321.0,26.0,8.1,20.0,0.53,13.6,495.0,169.0,22.0,34.1,13.03,4.45,0.09,0.27,0.09,3.1,1.7,13420.0,17406.0,77.1,252437.0,90750.0,6012.0,6852.0,87.7,5388.0,6445.0,83.6,1820.0,3525.0,51.6,3.1,365.0,1017.0,315.0,64.0,1175.0,15651.0,1755.0,476.0,33.0,2664.0,508.0,428.0,183.0,22.0,17.0,6.0,11304.0,2224.0,3878.0,4748.0,10447.0,878.0,734.0,246.0,65.0,427.0,304.0,466.0,778.0,20.47,555.0,78.0,51.0,29.0,46.0,94.0,2.47,64.0,9.0,6.0,4.0,7.0,3.0,645.0,398.0,340.0,233.0,72.0,191.0,581.0,32.9,390.0,7453.0,1776.0,23.8,2600.0,3476.0,1377.0,611.0,130.0,3.0,481.0,348.0,828.0,11.0,21734.0,2322.0,6771.0,10244.0,6078.0,946.0,20027.0,327.0,528.0,61.9,349.0,18.0,14226.0,82173.0,45949.0,16162.0,13420.0,83.0,471.0,402.0,1.0,418.0,415.0,72.0,5.0,10.0,0.0,3466.0,387.0,537.0,41.9,Premier League,England
vs Newcastle Utd,24.0,59.6,38.0,418.0,3420.0,47.0,32.0,6.0,6.0,58.0,1.0,1.24,0.84,2.08,1.08,1.92,52.4,47.9,34.7,1.38,0.91,2.29,1.26,2.17,38.0,38.0,3420.0,42.0,1.11,136.0,95.0,0.699,17.0,9.0,12.0,13.0,34.2,3.0,1.0,2.0,0.0,38.0,1.0,10.0,1.0,39.6,0.28,-1.4,-0.04,232.0,560.0,41.4,895.0,200.0,44.9,39.9,243.0,65.0,55.0,351.0,36.0,10.3,31.0,0.82,15.3,488.0,135.0,29.0,27.7,12.84,3.55,0.08,0.3,0.1,-5.4,-6.9,18415.0,22859.0,80.6,357468.0,117246.0,7423.0,8548.0,86.8,8079.0,9329.0,86.6,2679.0,4257.0,62.9,-2.7,349.0,1592.0,394.0,100.0,1637.0,20939.0,1920.0,426.0,55.0,3496.0,631.0,534.0,233.0,19.0,21.0,8.0,15788.0,2665.0,4406.0,6422.0,13557.0,1123.0,938.0,281.0,53.0,379.0,415.0,593.0,750.0,19.74,502.0,88.0,42.0,46.0,56.0,77.0,2.03,48.0,7.0,3.0,9.0,9.0,0.0,608.0,388.0,290.0,247.0,71.0,181.0,505.0,35.8,324.0,5614.0,1698.0,30.2,1841.0,2440.0,1333.0,613.0,129.0,2.0,484.0,273.0,960.0,8.0,27407.0,2176.0,7291.0,13987.0,7804.0,1057.0,25522.0,392.0,668.0,58.7,438.0,24.0,18830.0,100171.0,52659.0,21683.0,18415.0,84.9,477.0,487.0,0.0,353.0,410.0,65.0,5.0,3.0,1.0,4017.0,716.0,535.0,57.2,Premier League,England
vs Southampton,30.0,56.1,38.0,418.0,3420.0,62.0,49.0,2.0,3.0,62.0,1.0,1.63,1.29,2.92,1.58,2.87,54.9,52.6,38.7,1.45,1.02,2.46,1.39,2.4,38.0,38.0,3420.0,45.0,1.18,152.0,111.0,0.73,17.0,12.0,9.0,10.0,26.3,5.0,4.0,1.0,0.0,38.0,3.0,6.0,1.0,47.0,0.3,3.0,0.08,274.0,717.0,38.2,929.0,131.0,53.3,43.0,306.0,72.5,57.0,312.0,17.0,5.4,32.0,0.84,17.0,517.0,170.0,12.0,32.9,13.61,4.47,0.12,0.35,0.1,7.1,7.4,16279.0,20843.0,78.1,318870.0,108300.0,6556.0,7693.0,85.2,7054.0,8319.0,84.8,2440.0,4159.0,58.7,10.3,375.0,1221.0,374.0,81.0,1405.0,18807.0,2036.0,445.0,49.0,4028.0,574.0,492.0,213.0,10.0,24.0,7.0,13786.0,2698.0,4359.0,5686.0,12348.0,1090.0,989.0,223.0,85.0,379.0,384.0,531.0,782.0,20.58,561.0,77.0,45.0,43.0,33.0,102.0,2.68,67.0,8.0,6.0,11.0,2.0,3.0,572.0,361.0,319.0,189.0,64.0,191.0,554.0,34.5,363.0,5741.0,1648.0,28.7,2191.0,2510.0,1040.0,611.0,142.0,2.0,469.0,313.0,927.0,9.0,25351.0,2360.0,8072.0,11854.0,6914.0,1086.0,23373.0,401.0,680.0,59.0,444.0,29.0,17044.0,89630.0,47457.0,19551.0,16279.0,83.3,498.0,490.0,1.0,354.0,407.0,90.0,1.0,5.0,1.0,4050.0,665.0,551.0,54.7,Premier League,England
vs Tottenham,28.0,41.1,38.0,418.0,3420.0,36.0,28.0,3.0,5.0,61.0,2.0,0.95,0.74,1.68,0.87,1.61,45.3,41.4,31.1,1.19,0.82,2.01,1.09,1.91,38.0,38.0,3420.0,67.0,1.76,186.0,124.0,0.661,13.0,2.0,23.0,6.0,15.8,4.0,4.0,0.0,0.0,38.0,2.0,10.0,1.0,61.9,0.32,-4.1,-0.11,357.0,849.0,42.0,899.0,131.0,65.9,49.1,289.0,88.9,62.8,335.0,22.0,6.6,27.0,0.71,14.2,451.0,148.0,13.0,32.8,11.87,3.89,0.07,0.22,0.09,-9.3,-8.4,11833.0,15767.0,75.0,241102.0,90648.0,4939.0,5803.0,85.1,4558.0,5589.0,81.6,2119.0,3797.0,55.8,-3.1,327.0,931.0,270.0,76.0,1043.0,14026.0,1741.0,418.0,54.0,2714.0,599.0,425.0,186.0,22.0,15.0,4.0,9387.0,2131.0,4249.0,4353.0,9136.0,918.0,742.0,203.0,99.0,355.0,263.0,458.0,709.0,18.66,508.0,64.0,40.0,42.0,36.0,64.0,1.68,44.0,5.0,3.0,4.0,5.0,3.0,685.0,454.0,354.0,248.0,83.0,234.0,669.0,35.0,435.0,7516.0,1867.0,24.8,2658.0,3302.0,1556.0,701.0,153.0,3.0,548.0,329.0,949.0,10.0,20382.0,2471.0,6993.0,9113.0,5459.0,849.0,18689.0,307.0,536.0,57.3,343.0,20.0,12612.0,71952.0,36699.0,14463.0,11833.0,81.8,502.0,449.0,0.0,388.0,366.0,111.0,4.0,3.0,1.0,3515.0,462.0,453.0,50.5,Premier League,England
vs Watford,25.0,52.9,38.0,418.0,3420.0,56.0,38.0,4.0,5.0,50.0,3.0,1.47,1.0,2.47,1.37,2.37,54.4,50.6,36.4,1.43,0.96,2.39,1.33,2.29,38.0,38.0,3420.0,52.0,1.37,150.0,98.0,0.66,16.0,8.0,14.0,10.0,26.3,1.0,1.0,0.0,0.0,38.0,0.0,9.0,1.0,47.6,0.32,-3.4,-0.09,268.0,672.0,39.9,810.0,142.0,55.8,44.5,257.0,85.6,61.9,317.0,23.0,7.3,19.0,0.5,14.5,480.0,173.0,18.0,36.0,12.63,4.55,0.11,0.3,0.11,1.6,1.4,15168.0,19373.0,78.3,299055.0,104482.0,6275.0,7279.0,86.2,6314.0,7512.0,84.1,2360.0,3977.0,59.3,1.6,339.0,1289.0,376.0,100.0,1390.0,17594.0,1779.0,472.0,63.0,3546.0,635.0,503.0,211.0,15.0,12.0,9.0,12759.0,2235.0,4379.0,5264.0,11580.0,1076.0,749.0,225.0,108.0,344.0,315.0,473.0,732.0,19.26,511.0,75.0,54.0,42.0,34.0,89.0,2.34,58.0,5.0,5.0,9.0,7.0,2.0,693.0,443.0,358.0,244.0,91.0,208.0,549.0,37.9,341.0,6318.0,1773.0,28.1,2219.0,2858.0,1241.0,620.0,140.0,3.0,480.0,371.0,990.0,11.0,24007.0,2301.0,7217.0,11494.0,6741.0,1033.0,22290.0,382.0,626.0,61.0,415.0,16.0,15859.0,87137.0,47334.0,18188.0,15168.0,83.4,482.0,468.0,3.0,406.0,431.0,118.0,5.0,1.0,1.0,3876.0,624.0,567.0,52.4,Premier League,England
vs West Ham,26.0,51.3,38.0,418.0,3420.0,54.0,40.0,4.0,5.0,57.0,1.0,1.42,1.05,2.47,1.32,2.37,61.0,57.2,43.6,1.61,1.15,2.75,1.51,2.65,38.0,38.0,3420.0,52.0,1.37,149.0,101.0,0.685,16.0,7.0,15.0,14.0,36.8,5.0,5.0,0.0,0.0,38.0,0.0,8.0,1.0,55.4,0.35,4.4,0.12,258.0,591.0,43.7,796.0,133.0,50.6,42.1,256.0,73.4,57.5,287.0,21.0,7.3,22.0,0.58,13.9,518.0,191.0,19.0,36.9,13.63,5.03,0.1,0.26,0.12,-7.0,-7.2,15318.0,19332.0,79.2,291781.0,107721.0,6684.0,7634.0,87.6,6325.0,7491.0,84.4,2119.0,3622.0,58.5,-3.6,376.0,1379.0,369.0,89.0,1558.0,17647.0,1685.0,353.0,59.0,3122.0,542.0,522.0,205.0,16.0,47.0,5.0,13233.0,2187.0,3912.0,5210.0,11852.0,901.0,781.0,219.0,117.0,337.0,373.0,491.0,815.0,21.45,586.0,67.0,65.0,38.0,44.0,100.0,2.63,71.0,10.0,7.0,5.0,6.0,0.0,685.0,421.0,328.0,264.0,93.0,202.0,613.0,33.0,411.0,6310.0,1656.0,26.2,2199.0,2944.0,1167.0,620.0,129.0,2.0,491.0,328.0,809.0,5.0,23711.0,2226.0,6823.0,11670.0,6822.0,995.0,22069.0,431.0,700.0,61.6,465.0,17.0,16245.0,93729.0,53130.0,18139.0,15318.0,84.4,444.0,466.0,0.0,404.0,322.0,129.0,5.0,5.0,1.0,3784.0,429.0,444.0,49.1,Premier League,England
vs Wolves,21.0,53.1,38.0,418.0,3420.0,42.0,32.0,3.0,4.0,76.0,4.0,1.11,0.84,1.95,1.03,1.87,38.7,35.7,23.7,1.02,0.62,1.64,0.94,1.56,38.0,38.0,3420.0,47.0,1.24,144.0,101.0,0.701,13.0,9.0,16.0,11.0,28.9,4.0,4.0,0.0,0.0,38.0,2.0,11.0,1.0,49.2,0.32,3.2,0.08,256.0,705.0,36.3,878.0,124.0,54.0,44.1,276.0,83.7,61.9,311.0,20.0,6.4,37.0,0.97,15.9,457.0,141.0,20.0,30.9,12.03,3.71,0.09,0.28,0.08,3.3,3.3,16723.0,20885.0,80.1,321536.0,104474.0,6906.0,7874.0,87.7,7219.0,8366.0,86.3,2373.0,3994.0,59.4,8.3,298.0,1237.0,322.0,53.0,1382.0,19036.0,1849.0,438.0,42.0,2992.0,543.0,417.0,189.0,23.0,18.0,0.0,14385.0,2512.0,3988.0,5870.0,12572.0,896.0,862.0,220.0,44.0,394.0,350.0,508.0,681.0,17.92,475.0,56.0,57.0,36.0,43.0,74.0,1.95,47.0,8.0,3.0,5.0,8.0,2.0,676.0,429.0,325.0,277.0,74.0,180.0,547.0,32.9,367.0,6776.0,1867.0,27.6,2353.0,3059.0,1364.0,560.0,124.0,4.0,436.0,332.0,799.0,14.0,25302.0,2174.0,6926.0,13143.0,6809.0,863.0,23495.0,398.0,643.0,61.9,433.0,21.0,17551.0,95400.0,50358.0,19685.0,16723.0,85.0,488.0,485.0,1.0,340.0,396.0,49.0,4.0,4.0,1.0,3754.0,560.0,595.0,48.5,Premier League,England
Arsenal,28.0,58.0,38.0,418.0,3420.0,69.0,52.0,4.0,5.0,73.0,2.0,1.82,1.37,3.18,1.71,3.08,57.1,53.1,44.0,1.5,1.16,2.66,1.4,2.56,38.0,38.0,3420.0,51.0,1.34,175.0,132.0,0.749,21.0,7.0,10.0,8.0,21.1,7.0,7.0,0.0,0.0,38.0,1.0,5.0,2.0,54.5,0.29,5.5,0.15,153.0,520.0,29.4,1079.0,213.0,33.1,35.4,265.0,61.5,50.7,318.0,25.0,7.9,22.0,0.58,15.2,464.0,158.0,11.0,34.1,12.21,4.16,0.14,0.41,0.12,11.9,11.9,18309.0,22238.0,82.3,350027.0,109920.0,7348.0,8303.0,88.5,8227.0,9315.0,88.3,2477.0,3909.0,63.4,8.0,357.0,1277.0,434.0,71.0,1557.0,20351.0,1887.0,519.0,81.0,3500.0,534.0,466.0,208.0,17.0,26.0,3.0,16232.0,2659.0,3347.0,6584.0,13397.0,860.0,808.0,287.0,79.0,340.0,396.0,568.0,773.0,20.34,609.0,46.0,47.0,31.0,22.0,122.0,3.21,95.0,6.0,5.0,5.0,7.0,3.0,600.0,393.0,302.0,227.0,71.0,200.0,580.0,34.5,380.0,6149.0,1641.0,26.7,1999.0,2852.0,1298.0,538.0,124.0,2.0,414.0,300.0,858.0,9.0,26528.0,2664.0,8528.0,12815.0,6859.0,1109.0,24712.0,366.0,579.0,63.2,385.0,22.0,18955.0,104368.0,56667.0,21172.0,18309.0,86.5,482.0,445.0,1.0,414.0,460.0,93.0,4.0,6.0,2.0,3404.0,418.0,483.0,46.4,Premier League,England
Bournemouth,28.0,46.8,38.0,418.0,3420.0,55.0,43.0,7.0,9.0,60.0,1.0,1.45,1.13,2.58,1.26,2.39,53.3,46.4,36.5,1.4,0.96,2.36,1.22,2.18,38.0,38.0,3420.0,70.0,1.84,166.0,103.0,0.608,13.0,6.0,19.0,10.0,26.3,5.0,5.0,0.0,0.0,38.0,2.0,8.0,3.0,56.2,0.32,-10.8,-0.28,211.0,541.0,39.0,740.0,193.0,44.7,39.8,300.0,70.0,54.6,360.0,24.0,6.7,18.0,0.47,13.9,434.0,152.0,14.0,35.0,11.42,4.0,0.11,0.32,0.11,1.7,1.6,13459.0,17433.0,77.2,264694.0,98646.0,5294.0,6283.0,84.3,6051.0,7178.0,84.3,1957.0,3419.0,57.2,6.5,318.0,1017.0,358.0,78.0,1305.0,15517.0,1916.0,502.0,29.0,2691.0,411.0,458.0,188.0,10.0,15.0,4.0,11503.0,2311.0,3619.0,5090.0,9977.0,908.0,817.0,280.0,53.0,393.0,347.0,500.0,669.0,17.61,484.0,63.0,40.0,28.0,43.0,98.0,2.58,64.0,7.0,7.0,6.0,10.0,1.0,492.0,303.0,271.0,170.0,51.0,139.0,457.0,30.4,318.0,6740.0,1545.0,22.9,2551.0,2948.0,1241.0,595.0,152.0,4.0,443.0,277.0,1065.0,6.0,21928.0,2539.0,8028.0,9574.0,5665.0,959.0,20074.0,322.0,546.0,59.0,352.0,17.0,14012.0,79887.0,42981.0,16105.0,13459.0,83.6,501.0,451.0,0.0,342.0,441.0,58.0,8.0,5.0,3.0,3567.0,524.0,527.0,49.9,Premier League,England
Brighton,21.0,42.6,38.0,418.0,3420.0,35.0,24.0,5.0,6.0,61.0,4.0,0.92,0.63,1.55,0.79,1.42,34.4,29.9,23.3,0.91,0.61,1.52,0.79,1.4,38.0,38.0,3420.0,60.0,1.58,155.0,105.0,0.677,9.0,9.0,20.0,7.0,18.4,10.0,10.0,0.0,0.0,38.0,1.0,6.0,0.0,57.7,0.32,-2.3,-0.06,353.0,859.0,41.1,765.0,109.0,68.0,49.1,360.0,94.2,64.8,354.0,19.0,5.4,7.0,0.18,12.7,369.0,99.0,11.0,26.8,9.71,2.61,0.08,0.3,0.08,0.6,0.1,11577.0,15706.0,73.7,245953.0,91441.0,4359.0,5233.0,83.3,4812.0,5917.0,81.3,2207.0,3995.0,55.2,0.7,282.0,893.0,221.0,80.0,928.0,13909.0,1797.0,325.0,19.0,2517.0,682.0,417.0,154.0,21.0,21.0,1.0,9094.0,2238.0,4374.0,3678.0,9460.0,1013.0,860.0,201.0,87.0,403.0,294.0,422.0,590.0,15.53,397.0,77.0,34.0,34.0,40.0,55.0,1.45,29.0,9.0,2.0,7.0,7.0,0.0,685.0,432.0,384.0,224.0,77.0,193.0,594.0,32.5,401.0,6874.0,1568.0,22.8,2735.0,2959.0,1180.0,653.0,192.0,3.0,461.0,312.0,1065.0,6.0,20144.0,2564.0,7662.0,8773.0,4840.0,667.0,18379.0,304.0,511.0,59.5,346.0,13.0,12102.0,68466.0,35133.0,14400.0,11577.0,80.4,497.0,388.0,1.0,468.0,308.0,92.0,4.0,9.0,0.0,3500.0,583.0,551.0,51.4,Premier League,England
Burnley,23.0,41.2,38.0,418.0,3420.0,43.0,32.0,2.0,2.0,75.0,1.0,1.13,0.84,1.97,1.08,1.92,41.9,40.4,27.3,1.1,0.72,1.82,1.06,1.78,38.0,38.0,3420.0,68.0,1.79,199.0,137.0,0.668,11.0,7.0,20.0,8.0,21.1,3.0,2.0,1.0,0.0,38.0,2.0,10.0,4.0,59.6,0.29,-4.4,-0.12,354.0,959.0,36.9,827.0,88.0,78.1,55.8,339.0,92.3,69.0,429.0,22.0,5.1,26.0,0.68,14.6,360.0,114.0,15.0,31.7,9.47,3.0,0.11,0.36,0.12,1.1,0.6,10145.0,14648.0,69.3,214793.0,88798.0,4099.0,5012.0,81.8,3937.0,5047.0,78.0,1966.0,4103.0,47.9,4.7,251.0,891.0,255.0,86.0,955.0,12801.0,1847.0,385.0,29.0,2720.0,480.0,444.0,138.0,34.0,5.0,5.0,7406.0,2200.0,5042.0,4370.0,7419.0,1207.0,879.0,171.0,102.0,450.0,198.0,417.0,528.0,13.89,346.0,79.0,17.0,39.0,38.0,67.0,1.76,42.0,10.0,1.0,9.0,2.0,2.0,590.0,342.0,302.0,232.0,56.0,210.0,579.0,36.3,369.0,6288.0,1478.0,23.5,2152.0,2751.0,1385.0,744.0,241.0,12.0,503.0,314.0,1149.0,15.0,19071.0,2583.0,6307.0,8925.0,4806.0,722.0,17257.0,231.0,401.0,57.6,251.0,5.0,10637.0,59774.0,29331.0,13162.0,10145.0,77.1,477.0,343.0,0.0,365.0,358.0,108.0,1.0,3.0,4.0,3728.0,706.0,749.0,48.5,Premier League,England
Cardiff City,25.0,35.6,38.0,418.0,3420.0,33.0,20.0,3.0,4.0,66.0,1.0,0.87,0.53,1.39,0.79,1.32,39.8,36.7,23.1,1.05,0.61,1.65,0.97,1.57,38.0,38.0,3420.0,69.0,1.82,201.0,135.0,0.677,10.0,4.0,24.0,10.0,26.3,7.0,4.0,3.0,0.0,38.0,1.0,12.0,0.0,69.0,0.32,0.0,0.0,333.0,1103.0,30.2,869.0,49.0,90.4,61.6,319.0,99.4,70.6,299.0,22.0,7.4,38.0,1.0,16.2,409.0,113.0,13.0,27.6,10.76,2.97,0.07,0.27,0.09,-6.8,-6.7,7243.0,11745.0,61.7,154712.0,71766.0,2970.0,3901.0,76.1,2730.0,3830.0,71.3,1427.0,3545.0,40.3,-3.1,267.0,757.0,191.0,59.0,805.0,9943.0,1802.0,421.0,24.0,2243.0,341.0,394.0,167.0,24.0,17.0,4.0,5420.0,1764.0,4561.0,2700.0,6370.0,1057.0,788.0,113.0,71.0,434.0,250.0,378.0,574.0,15.11,376.0,77.0,35.0,40.0,37.0,52.0,1.37,35.0,4.0,3.0,7.0,2.0,1.0,666.0,402.0,361.0,237.0,68.0,195.0,612.0,31.9,417.0,7121.0,1769.0,24.8,2640.0,3270.0,1211.0,707.0,154.0,5.0,553.0,383.0,917.0,10.0,16127.0,2300.0,5352.0,6807.0,4689.0,759.0,14351.0,305.0,501.0,60.9,334.0,14.0,8260.0,49069.0,25485.0,10335.0,7243.0,70.1,420.0,408.0,0.0,380.0,394.0,80.0,2.0,6.0,0.0,3796.0,743.0,737.0,50.2,Premier League,England
Chelsea,24.0,62.8,38.0,418.0,3420.0,61.0,52.0,5.0,5.0,49.0,0.0,1.61,1.37,2.97,1.47,2.84,58.5,54.7,45.7,1.54,1.2,2.74,1.44,2.64,38.0,38.0,3420.0,39.0,1.03,120.0,81.0,0.683,21.0,9.0,8.0,16.0,42.1,2.0,1.0,1.0,0.0,38.0,0.0,6.0,0.0,38.0,0.3,-1.0,-0.03,189.0,339.0,55.8,935.0,173.0,22.8,29.1,264.0,47.7,41.9,268.0,23.0,8.6,23.0,0.61,15.8,597.0,189.0,30.0,31.7,15.71,4.97,0.09,0.3,0.09,2.5,1.3,22803.0,26497.0,86.1,412143.0,126634.0,10383.0,11457.0,90.6,9435.0,10524.0,89.7,2657.0,3788.0,70.1,6.3,471.0,1767.0,468.0,81.0,1858.0,24759.0,1738.0,443.0,60.0,4157.0,653.0,490.0,214.0,25.0,30.0,8.0,20332.0,2696.0,3469.0,4990.0,19475.0,776.0,740.0,281.0,76.0,332.0,432.0,517.0,1018.0,26.79,801.0,57.0,55.0,39.0,52.0,115.0,3.03,81.0,7.0,10.0,7.0,8.0,1.0,620.0,411.0,293.0,236.0,91.0,171.0,509.0,33.6,338.0,6254.0,1795.0,28.7,1950.0,2667.0,1637.0,499.0,83.0,5.0,416.0,290.0,589.0,5.0,30655.0,2275.0,8246.0,15083.0,9489.0,1189.0,28975.0,435.0,659.0,66.0,462.0,16.0,23213.0,121777.0,71143.0,25586.0,22803.0,89.1,448.0,527.0,0.0,341.0,426.0,83.0,5.0,2.0,0.0,3609.0,376.0,352.0,51.6,Premier League,England
Crystal Palace,26.0,45.0,38.0,418.0,3420.0,48.0,33.0,10.0,11.0,58.0,2.0,1.26,0.87,2.13,1.0,1.87,50.1,42.2,31.5,1.32,0.83,2.15,1.11,1.94,38.0,38.0,3420.0,53.0,1.39,156.0,107.0,0.686,14.0,7.0,17.0,12.0,31.6,5.0,4.0,1.0,0.0,38.0,1.0,8.0,1.0,46.6,0.28,-5.4,-0.14,261.0,790.0,33.0,779.0,144.0,62.6,48.7,337.0,89.6,66.1,396.0,27.0,6.8,17.0,0.45,13.7,489.0,137.0,16.0,28.0,12.87,3.61,0.08,0.28,0.09,-2.1,-4.2,12729.0,16683.0,76.3,238091.0,93739.0,5712.0,6665.0,85.7,5083.0,6085.0,83.5,1717.0,3321.0,51.7,1.5,355.0,1002.0,292.0,67.0,1242.0,14827.0,1856.0,425.0,45.0,2750.0,409.0,393.0,203.0,16.0,19.0,8.0,10917.0,2046.0,3720.0,5325.0,9184.0,708.0,801.0,240.0,67.0,335.0,378.0,480.0,779.0,20.5,542.0,68.0,63.0,46.0,44.0,90.0,2.37,51.0,6.0,6.0,8.0,13.0,3.0,758.0,457.0,415.0,264.0,79.0,242.0,629.0,38.5,387.0,7161.0,1735.0,24.2,3073.0,2935.0,1153.0,732.0,173.0,1.0,559.0,366.0,1042.0,15.0,21675.0,2398.0,7396.0,9875.0,5788.0,1044.0,19841.0,491.0,756.0,64.9,520.0,19.0,14055.0,84017.0,46439.0,15428.0,12729.0,82.5,465.0,541.0,1.0,390.0,394.0,82.0,9.0,5.0,1.0,3578.0,528.0,569.0,48.1,Premier League,England
Everton,23.0,51.5,38.0,418.0,3420.0,53.0,34.0,2.0,5.0,56.0,4.0,1.39,0.89,2.29,1.34,2.24,46.5,42.6,30.2,1.22,0.79,2.02,1.12,1.91,38.0,38.0,3420.0,46.0,1.21,128.0,86.0,0.656,15.0,9.0,14.0,14.0,36.8,5.0,2.0,3.0,0.0,38.0,2.0,11.0,2.0,48.3,0.35,4.3,0.11,281.0,764.0,36.8,968.0,150.0,58.4,48.3,282.0,70.6,60.5,282.0,25.0,8.9,35.0,0.92,16.0,494.0,159.0,20.0,32.2,13.0,4.18,0.1,0.32,0.09,6.5,8.4,13878.0,18260.0,76.0,278144.0,101941.0,5541.0,6557.0,84.5,5925.0,7153.0,82.8,2243.0,3969.0,56.5,3.8,341.0,1198.0,310.0,91.0,1373.0,16279.0,1981.0,480.0,36.0,3614.0,579.0,520.0,217.0,14.0,36.0,8.0,11622.0,2330.0,4308.0,4711.0,10804.0,1064.0,918.0,228.0,68.0,472.0,389.0,507.0,739.0,19.45,486.0,83.0,52.0,51.0,51.0,82.0,2.16,55.0,4.0,10.0,9.0,2.0,1.0,711.0,453.0,359.0,270.0,82.0,183.0,517.0,35.4,334.0,6597.0,1899.0,28.8,2277.0,2906.0,1414.0,595.0,104.0,1.0,491.0,369.0,912.0,11.0,23004.0,2288.0,7228.0,10852.0,6316.0,938.0,21065.0,339.0,600.0,56.5,379.0,18.0,14825.0,85032.0,43834.0,17031.0,13878.0,81.5,572.0,499.0,1.0,436.0,422.0,71.0,4.0,4.0,2.0,3955.0,688.0,662.0,51.0,Premier League,England
Fulham,28.0,48.6,38.0,418.0,3420.0,33.0,24.0,2.0,3.0,70.0,2.0,0.87,0.63,1.5,0.82,1.45,39.7,37.4,28.8,1.04,0.76,1.8,0.98,1.74,38.0,38.0,3420.0,81.0,2.13,222.0,147.0,0.658,7.0,5.0,26.0,5.0,13.2,7.0,5.0,1.0,1.0,38.0,1.0,9.0,2.0,75.8,0.32,-3.2,-0.09,332.0,788.0,42.1,833.0,131.0,59.7,44.8,345.0,84.3,60.1,397.0,31.0,7.8,17.0,0.45,13.5,438.0,138.0,10.0,31.5,11.53,3.63,0.07,0.22,0.09,-6.7,-6.4,15145.0,19240.0,78.7,291406.0,105290.0,6456.0,7345.0,87.9,6512.0,7646.0,85.2,2009.0,3744.0,53.7,-4.8,335.0,1096.0,248.0,63.0,1225.0,17462.0,1778.0,399.0,22.0,3213.0,440.0,383.0,160.0,19.0,13.0,7.0,12911.0,1984.0,4345.0,5995.0,10812.0,986.0,755.0,243.0,85.0,398.0,306.0,425.0,712.0,18.74,540.0,58.0,48.0,37.0,20.0,61.0,1.61,42.0,3.0,7.0,5.0,3.0,1.0,605.0,400.0,334.0,220.0,51.0,189.0,524.0,36.1,335.0,6366.0,1641.0,25.8,2452.0,2700.0,1214.0,644.0,160.0,3.0,484.0,370.0,985.0,8.0,23822.0,2733.0,7984.0,11730.0,5399.0,692.0,22098.0,391.0,625.0,62.6,424.0,27.0,15638.0,80735.0,42307.0,18090.0,15145.0,83.7,472.0,502.0,2.0,428.0,343.0,91.0,2.0,6.0,2.0,3667.0,541.0,523.0,50.8,Premier League,England
Huddersfield,31.0,47.0,38.0,418.0,3420.0,20.0,13.0,1.0,1.0,56.0,4.0,0.53,0.34,0.87,0.5,0.84,28.9,28.1,19.8,0.76,0.52,1.28,0.74,1.26,38.0,38.0,3420.0,76.0,2.0,177.0,108.0,0.61,3.0,7.0,28.0,5.0,13.2,8.0,7.0,1.0,0.0,38.0,3.0,8.0,1.0,63.0,0.33,-12.0,-0.32,371.0,883.0,42.0,1064.0,106.0,62.9,46.9,264.0,81.1,61.0,282.0,32.0,11.3,23.0,0.61,14.2,400.0,118.0,15.0,29.5,10.53,3.11,0.05,0.16,0.07,-8.9,-9.1,13000.0,17533.0,74.1,259930.0,97688.0,5324.0,6317.0,84.3,5344.0,6606.0,80.9,2156.0,3992.0,54.0,-6.8,279.0,1014.0,238.0,94.0,1089.0,15641.0,1892.0,429.0,24.0,3183.0,432.0,513.0,162.0,21.0,18.0,6.0,10562.0,2272.0,4699.0,4559.0,10227.0,1054.0,924.0,168.0,56.0,417.0,339.0,524.0,589.0,15.5,415.0,66.0,24.0,30.0,32.0,35.0,0.92,23.0,5.0,0.0,2.0,2.0,2.0,745.0,434.0,359.0,299.0,87.0,230.0,709.0,32.4,479.0,7217.0,1897.0,26.3,2649.0,3201.0,1367.0,667.0,135.0,4.0,532.0,447.0,759.0,6.0,21964.0,2177.0,7018.0,10351.0,5818.0,684.0,20118.0,284.0,524.0,54.2,310.0,14.0,13564.0,73902.0,36182.0,16204.0,13000.0,80.2,424.0,434.0,1.0,427.0,381.0,64.0,1.0,8.0,1.0,3871.0,624.0,613.0,50.4,Premier League,England
Leicester City,25.0,51.1,38.0,418.0,3420.0,48.0,34.0,5.0,7.0,60.0,5.0,1.26,0.89,2.16,1.13,2.03,49.4,44.3,34.1,1.3,0.9,2.2,1.17,2.06,38.0,38.0,3420.0,48.0,1.26,139.0,96.0,0.691,15.0,7.0,16.0,10.0,26.3,5.0,5.0,0.0,0.0,38.0,0.0,7.0,0.0,46.4,0.3,-1.6,-0.04,329.0,692.0,47.5,903.0,108.0,51.3,41.9,305.0,75.1,57.4,338.0,34.0,10.1,16.0,0.42,14.2,508.0,174.0,18.0,34.3,13.37,4.58,0.08,0.25,0.09,-1.4,-1.3,14734.0,19028.0,77.4,291114.0,99445.0,6059.0,7097.0,85.4,6178.0,7440.0,83.0,2306.0,3880.0,59.4,-0.1,363.0,1173.0,275.0,69.0,1308.0,17142.0,1886.0,445.0,46.0,3283.0,651.0,489.0,206.0,12.0,22.0,11.0,12183.0,2553.0,4292.0,4108.0,12347.0,1082.0,844.0,183.0,65.0,436.0,383.0,523.0,779.0,20.5,544.0,75.0,52.0,43.0,42.0,84.0,2.21,56.0,2.0,8.0,6.0,9.0,1.0,714.0,445.0,384.0,255.0,75.0,160.0,540.0,29.6,380.0,6784.0,1889.0,27.8,2475.0,2986.0,1323.0,644.0,108.0,0.0,536.0,369.0,931.0,7.0,23571.0,2376.0,7495.0,11299.0,6328.0,877.0,21754.0,381.0,596.0,63.9,417.0,26.0,15756.0,91184.0,50136.0,17707.0,14734.0,83.2,481.0,448.0,3.0,359.0,381.0,72.0,6.0,5.0,0.0,3733.0,598.0,472.0,55.9,Premier League,England
Liverpool,23.0,61.7,38.0,418.0,3420.0,86.0,55.0,7.0,7.0,39.0,2.0,2.26,1.45,3.71,2.08,3.53,73.6,68.3,47.7,1.94,1.25,3.19,1.8,3.05,38.0,38.0,3420.0,22.0,0.58,96.0,74.0,0.771,30.0,7.0,1.0,21.0,55.3,1.0,0.0,0.0,1.0,38.0,0.0,5.0,0.0,26.8,0.28,4.8,0.13,196.0,394.0,49.7,1054.0,197.0,27.0,32.4,208.0,52.4,46.3,278.0,22.0,7.9,37.0,0.97,16.6,568.0,210.0,20.0,37.0,14.95,5.53,0.14,0.38,0.12,12.4,10.7,21090.0,25254.0,83.5,417026.0,130704.0,8108.0,9120.0,88.9,9688.0,10868.0,89.1,3098.0,4670.0,66.3,7.3,417.0,1731.0,528.0,88.0,1937.0,23407.0,1847.0,441.0,88.0,3738.0,767.0,501.0,247.0,26.0,20.0,5.0,18169.0,2611.0,4474.0,6294.0,16465.0,972.0,892.0,284.0,72.0,387.0,356.0,551.0,912.0,24.0,667.0,69.0,70.0,46.0,38.0,146.0,3.84,99.0,9.0,11.0,10.0,11.0,3.0,603.0,388.0,262.0,246.0,95.0,174.0,564.0,30.9,390.0,6195.0,1812.0,29.2,1756.0,2743.0,1696.0,509.0,92.0,2.0,417.0,299.0,699.0,14.0,29489.0,2056.0,7736.0,15346.0,8207.0,1297.0,27687.0,395.0,640.0,61.7,437.0,33.0,21611.0,105121.0,57522.0,24214.0,21090.0,87.1,544.0,480.0,2.0,321.0,349.0,82.0,7.0,1.0,0.0,3898.0,462.0,431.0,51.7,Premier League,England
Manchester City,21.0,67.8,38.0,418.0,3420.0,91.0,71.0,3.0,4.0,44.0,1.0,2.39,1.87,4.26,2.32,4.18,82.0,79.0,61.5,2.16,1.62,3.78,2.08,3.7,38.0,38.0,3420.0,23.0,0.61,76.0,57.0,0.75,32.0,2.0,4.0,20.0,52.6,4.0,4.0,0.0,0.0,38.0,1.0,5.0,0.0,26.9,0.32,3.9,0.1,137.0,277.0,49.5,901.0,172.0,21.5,29.7,170.0,48.8,49.4,177.0,17.0,9.6,27.0,0.71,17.1,680.0,247.0,20.0,36.3,17.89,6.5,0.13,0.36,0.12,9.0,9.0,24603.0,28124.0,87.5,460695.0,127587.0,10063.0,10977.0,91.7,11374.0,12458.0,91.3,2926.0,4075.0,71.8,9.5,507.0,2097.0,593.0,63.0,2044.0,26548.0,1576.0,326.0,119.0,4224.0,666.0,605.0,294.0,30.0,30.0,12.0,22234.0,2711.0,3179.0,11583.0,14472.0,816.0,725.0,256.0,84.0,334.0,366.0,490.0,1093.0,28.76,833.0,68.0,76.0,57.0,41.0,164.0,4.32,128.0,6.0,10.0,5.0,9.0,3.0,513.0,352.0,215.0,222.0,76.0,167.0,465.0,35.9,298.0,5487.0,1589.0,29.0,1362.0,2474.0,1651.0,440.0,78.0,2.0,362.0,287.0,653.0,6.0,32061.0,2019.0,6900.0,16636.0,10728.0,1670.0,30517.0,423.0,710.0,59.6,465.0,30.0,24823.0,137034.0,79550.0,27101.0,24603.0,90.8,430.0,456.0,0.0,333.0,302.0,102.0,4.0,4.0,0.0,3515.0,402.0,363.0,52.5,Premier League,England
Manchester Utd,28.0,54.5,38.0,418.0,3420.0,65.0,40.0,9.0,12.0,75.0,4.0,1.71,1.05,2.76,1.47,2.53,59.6,50.4,38.3,1.57,1.01,2.58,1.33,2.33,38.0,38.0,3420.0,54.0,1.42,169.0,124.0,0.716,19.0,9.0,10.0,7.0,18.4,6.0,6.0,0.0,0.0,38.0,2.0,7.0,3.0,51.9,0.28,0.9,0.02,311.0,667.0,46.6,756.0,143.0,53.0,43.8,331.0,80.4,60.5,310.0,19.0,6.1,13.0,0.34,12.6,518.0,212.0,28.0,40.9,13.63,5.58,0.11,0.26,0.1,5.4,5.6,16788.0,20703.0,81.1,318767.0,112450.0,7441.0,8361.0,89.0,6767.0,7905.0,85.6,2330.0,3789.0,61.5,1.7,380.0,1327.0,361.0,74.0,1543.0,18832.0,1871.0,417.0,48.0,3537.0,625.0,455.0,198.0,9.0,27.0,9.0,14205.0,2500.0,3998.0,6017.0,12339.0,859.0,833.0,227.0,79.0,321.0,328.0,480.0,854.0,22.47,642.0,54.0,53.0,40.0,50.0,112.0,2.95,75.0,4.0,11.0,10.0,10.0,0.0,581.0,359.0,299.0,215.0,67.0,179.0,528.0,33.9,349.0,6216.0,1619.0,26.0,2204.0,2739.0,1273.0,603.0,138.0,0.0,465.0,316.0,861.0,6.0,25046.0,2320.0,7285.0,12543.0,6675.0,1012.0,23215.0,362.0,585.0,61.9,390.0,17.0,17295.0,89833.0,48401.0,19538.0,16788.0,85.9,454.0,457.0,2.0,436.0,400.0,90.0,10.0,6.0,3.0,3482.0,537.0,387.0,58.1,Premier League,England
Newcastle Utd,24.0,40.4,38.0,418.0,3420.0,41.0,33.0,1.0,3.0,57.0,2.0,1.08,0.87,1.95,1.05,1.92,38.8,36.5,26.1,1.02,0.69,1.71,0.96,1.65,38.0,38.0,3420.0,48.0,1.26,135.0,94.0,0.689,12.0,9.0,17.0,11.0,28.9,6.0,6.0,0.0,0.0,38.0,2.0,10.0,1.0,50.6,0.34,3.6,0.09,272.0,722.0,37.7,836.0,144.0,54.2,43.5,316.0,85.1,62.8,408.0,35.0,8.6,23.0,0.61,13.3,433.0,136.0,17.0,31.4,11.39,3.58,0.09,0.29,0.09,2.2,3.5,10842.0,15148.0,71.6,226560.0,88748.0,4188.0,5055.0,82.8,4524.0,5635.0,80.3,1979.0,3890.0,50.9,6.9,293.0,892.0,267.0,89.0,953.0,13371.0,1777.0,382.0,25.0,2899.0,551.0,430.0,180.0,19.0,27.0,1.0,8424.0,2135.0,4589.0,4111.0,8525.0,1038.0,813.0,230.0,52.0,374.0,262.0,484.0,633.0,16.66,454.0,61.0,39.0,28.0,32.0,61.0,1.61,43.0,5.0,0.0,8.0,2.0,1.0,716.0,422.0,375.0,271.0,70.0,229.0,667.0,34.3,438.0,7340.0,1774.0,24.2,2886.0,3310.0,1144.0,745.0,152.0,5.0,593.0,431.0,1100.0,9.0,19947.0,2472.0,7414.0,8754.0,4909.0,723.0,18203.0,296.0,506.0,58.5,324.0,21.0,11686.0,63711.0,33652.0,13864.0,10842.0,78.2,474.0,428.0,0.0,425.0,336.0,59.0,2.0,6.0,1.0,3788.0,535.0,716.0,42.8,Premier League,England
Southampton,30.0,43.9,38.0,418.0,3420.0,44.0,27.0,4.0,5.0,73.0,3.0,1.16,0.71,1.87,1.05,1.76,45.4,41.7,27.1,1.19,0.71,1.91,1.1,1.81,38.0,38.0,3420.0,65.0,1.71,170.0,110.0,0.629,9.0,12.0,17.0,7.0,18.4,3.0,2.0,1.0,0.0,38.0,0.0,8.0,3.0,54.7,0.31,-7.3,-0.19,204.0,709.0,28.8,691.0,96.0,67.6,50.8,276.0,87.7,65.6,355.0,30.0,8.5,19.0,0.5,14.1,483.0,152.0,19.0,31.5,12.71,4.0,0.08,0.26,0.09,-1.4,-1.7,11568.0,15998.0,72.3,224381.0,82853.0,4979.0,5928.0,84.0,4712.0,5931.0,79.4,1704.0,3588.0,47.5,-0.1,330.0,1091.0,267.0,80.0,1115.0,14242.0,1756.0,399.0,37.0,3198.0,471.0,411.0,191.0,37.0,21.0,8.0,9577.0,2075.0,4346.0,3458.0,10006.0,1108.0,786.0,180.0,51.0,451.0,300.0,471.0,725.0,19.08,496.0,66.0,45.0,50.0,46.0,69.0,1.82,49.0,0.0,3.0,5.0,7.0,1.0,725.0,451.0,371.0,269.0,85.0,235.0,679.0,34.6,444.0,7432.0,1940.0,26.1,2704.0,3166.0,1562.0,697.0,164.0,4.0,533.0,411.0,1026.0,14.0,20629.0,2202.0,6335.0,9614.0,5833.0,815.0,18892.0,329.0,554.0,59.4,363.0,19.0,12398.0,71573.0,37806.0,14584.0,11568.0,79.3,453.0,381.0,2.0,428.0,341.0,62.0,4.0,3.0,3.0,3829.0,551.0,665.0,45.3,Premier League,England
Tottenham,28.0,58.9,38.0,418.0,3420.0,66.0,47.0,4.0,4.0,57.0,3.0,1.74,1.24,2.97,1.63,2.87,55.6,52.6,36.8,1.46,0.97,2.43,1.38,2.35,38.0,38.0,3420.0,39.0,1.03,148.0,114.0,0.757,23.0,2.0,13.0,13.0,34.2,5.0,3.0,2.0,0.0,38.0,1.0,7.0,3.0,50.9,0.32,14.9,0.39,246.0,541.0,45.5,1067.0,182.0,35.8,35.4,266.0,59.8,48.1,331.0,17.0,5.1,19.0,0.5,14.8,533.0,186.0,23.0,34.9,14.03,4.89,0.12,0.33,0.1,10.4,9.4,18683.0,22702.0,82.3,367941.0,115352.0,7220.0,8166.0,88.4,8472.0,9587.0,88.4,2775.0,4309.0,64.4,10.2,385.0,1436.0,383.0,98.0,1503.0,20899.0,1803.0,442.0,40.0,3843.0,605.0,451.0,194.0,18.0,21.0,2.0,16157.0,2498.0,4047.0,6318.0,14035.0,923.0,824.0,250.0,66.0,332.0,318.0,546.0,844.0,22.21,603.0,72.0,61.0,47.0,43.0,103.0,2.71,68.0,8.0,8.0,11.0,8.0,0.0,640.0,401.0,336.0,212.0,92.0,191.0,534.0,35.8,343.0,5919.0,1677.0,28.3,1979.0,2572.0,1368.0,580.0,124.0,4.0,456.0,277.0,780.0,8.0,27062.0,2616.0,8365.0,13239.0,7117.0,1016.0,25308.0,395.0,671.0,58.9,435.0,31.0,19056.0,100034.0,53420.0,21487.0,18683.0,87.0,486.0,453.0,1.0,378.0,366.0,74.0,3.0,5.0,3.0,3705.0,453.0,462.0,49.5,Premier League,England
Watford,25.0,47.1,38.0,418.0,3420.0,51.0,39.0,1.0,1.0,79.0,4.0,1.34,1.03,2.37,1.32,2.34,48.0,47.2,33.4,1.26,0.88,2.14,1.24,2.12,38.0,38.0,3420.0,59.0,1.55,173.0,118.0,0.682,14.0,8.0,16.0,7.0,18.4,5.0,4.0,1.0,0.0,38.0,2.0,7.0,3.0,56.9,0.32,0.9,0.02,360.0,973.0,37.0,942.0,99.0,73.8,52.5,300.0,92.7,68.8,374.0,35.0,9.4,42.0,1.11,15.9,434.0,150.0,22.0,34.6,11.42,3.95,0.12,0.33,0.11,3.0,2.8,12718.0,17004.0,74.8,249287.0,96628.0,5564.0,6541.0,85.1,4941.0,6046.0,81.7,1986.0,3796.0,52.3,5.6,301.0,1010.0,320.0,68.0,1201.0,15200.0,1804.0,481.0,35.0,3073.0,497.0,411.0,177.0,17.0,15.0,2.0,10275.0,2505.0,4224.0,4588.0,9913.0,1046.0,749.0,195.0,78.0,335.0,355.0,475.0,651.0,17.13,465.0,53.0,44.0,30.0,41.0,83.0,2.18,53.0,8.0,12.0,4.0,3.0,1.0,676.0,426.0,370.0,235.0,71.0,211.0,626.0,33.7,415.0,6896.0,1875.0,27.2,2581.0,2976.0,1339.0,591.0,123.0,3.0,468.0,331.0,915.0,11.0,21445.0,2346.0,6799.0,10012.0,5786.0,964.0,19671.0,313.0,550.0,56.9,341.0,18.0,13433.0,72935.0,38317.0,15660.0,12718.0,81.2,487.0,486.0,1.0,437.0,385.0,90.0,1.0,4.0,3.0,3820.0,567.0,624.0,47.6,Premier League,England
West Ham,26.0,48.7,38.0,418.0,3420.0,51.0,33.0,5.0,5.0,59.0,1.0,1.34,0.87,2.21,1.21,2.08,49.1,45.4,32.9,1.29,0.87,2.16,1.19,2.06,38.0,38.0,3420.0,55.0,1.45,191.0,139.0,0.733,15.0,7.0,16.0,7.0,18.4,5.0,4.0,1.0,0.0,38.0,0.0,10.0,1.0,65.6,0.33,11.6,0.31,316.0,848.0,37.3,901.0,142.0,62.9,49.4,303.0,92.7,68.7,376.0,36.0,9.6,16.0,0.42,13.6,437.0,149.0,17.0,34.1,11.5,3.92,0.11,0.31,0.11,1.9,0.6,13888.0,17968.0,77.3,264951.0,95522.0,6135.0,7109.0,86.3,5375.0,6484.0,82.9,2054.0,3655.0,56.2,0.1,314.0,1041.0,291.0,60.0,1175.0,16104.0,1864.0,480.0,44.0,2789.0,550.0,418.0,188.0,24.0,20.0,2.0,11654.0,2361.0,3953.0,5274.0,10468.0,820.0,801.0,223.0,68.0,376.0,314.0,495.0,683.0,17.97,478.0,75.0,31.0,45.0,36.0,82.0,2.16,54.0,6.0,4.0,9.0,7.0,1.0,700.0,443.0,379.0,257.0,64.0,234.0,699.0,33.5,465.0,6747.0,1699.0,25.2,2680.0,2917.0,1150.0,640.0,145.0,2.0,495.0,386.0,884.0,9.0,22419.0,2381.0,7042.0,10842.0,6041.0,887.0,20611.0,389.0,614.0,63.4,411.0,29.0,14672.0,88873.0,46415.0,16707.0,13888.0,83.1,446.0,483.0,0.0,338.0,393.0,73.0,5.0,5.0,1.0,3433.0,444.0,429.0,50.9,Premier League,England
Wolves,21.0,46.9,38.0,418.0,3420.0,46.0,35.0,4.0,4.0,73.0,1.0,1.21,0.92,2.13,1.11,2.03,49.9,46.9,34.8,1.31,0.92,2.23,1.23,2.15,38.0,38.0,3420.0,46.0,1.21,141.0,101.0,0.695,16.0,9.0,13.0,9.0,23.7,4.0,3.0,0.0,1.0,38.0,1.0,7.0,3.0,40.8,0.28,-2.2,-0.06,249.0,585.0,42.6,574.0,110.0,60.6,43.6,282.0,84.0,57.5,315.0,21.0,6.7,13.0,0.34,12.8,470.0,144.0,12.0,30.6,12.37,3.79,0.09,0.29,0.1,-3.9,-4.9,14013.0,18035.0,77.7,289770.0,96141.0,5395.0,6263.0,86.1,5861.0,6984.0,83.9,2594.0,4264.0,60.8,0.2,330.0,1119.0,275.0,77.0,1208.0,16304.0,1731.0,347.0,32.0,3493.0,725.0,447.0,196.0,14.0,25.0,3.0,10899.0,2778.0,4358.0,3531.0,11985.0,1083.0,823.0,189.0,65.0,411.0,311.0,437.0,702.0,18.47,516.0,60.0,40.0,38.0,33.0,82.0,2.16,58.0,6.0,3.0,6.0,8.0,1.0,694.0,407.0,380.0,258.0,56.0,209.0,642.0,32.6,433.0,6221.0,1631.0,26.2,2345.0,2944.0,932.0,660.0,151.0,2.0,509.0,360.0,945.0,8.0,22619.0,2177.0,7229.0,11103.0,5655.0,822.0,20911.0,338.0,547.0,61.8,367.0,12.0,14762.0,84510.0,47743.0,16952.0,14013.0,82.7,459.0,496.0,0.0,412.0,333.0,74.0,3.0,4.0,4.0,3633.0,595.0,560.0,51.5,Premier League,England
