id,player_name,games,time,goals,xG,assists,xA,shots,key_passes,yellow_cards,red_cards,position,team_title,npg,npxG,xGChain,xGBuildup
647,Harry Kane,35,3097,23,22.174858909100294,14,7.577093588188291,138,49,1,0,F,Tottenham,19,19.130183439701796,24.995648321695626,4.451256847940385
1250,Mohamed Salah,37,3085,22,20.250846637412906,5,6.528526101261377,126,55,0,0,F M S,Liverpool,16,15.683833638206124,28.968233548104763,9.800235655158758
1228,Bruno Fernandes,37,3117,18,16.0194544615224,12,11.474995978176594,121,95,6,0,M S,Manchester United,9,8.40783962700516,26.911412378773093,11.93228487111628
453,Son Heung-Min,37,3139,17,11.023286756128073,10,9.512992469593883,68,75,0,0,F M S,Tottenham,16,10.26211790367961,20.6719155497849,6.608751138672233
822,Patrick Bamford,38,3085,17,18.401862610131502,7,3.7822465524077415,107,30,3,0,F S,Leeds,15,16.87952494621277,23.394952706992626,4.131795546039939
5555,Dominic Calvert-Lewin,33,2878,16,18.210513669997454,0,2.101818833500147,83,18,3,0,F S,Everton,16,18.210513669997454,19.884306475520134,4.270797714591026
755,Jamie Vardy,34,2848,15,19.94294610992074,9,5.087881522253156,82,28,1,0,F S,Leicester,7,13.0924265794456,18.227907367050648,2.41258773393929
8865,Ollie Watkins,37,3330,14,16.280177645385265,5,5.314029491506517,98,45,2,1,F,Aston Villa,13,14.757840014994144,22.014020785689354,5.3349911738187075
314,Ilkay Gündogan,28,2033,13,9.566883080638945,2,3.8162196557968855,54,42,1,0,M S,Manchester City,12,8.044545345939696,19.286811731755733,10.148374736309052
3277,Alexandre Lacazette,31,1939,13,12.028909418731928,2,2.209213115274906,45,22,3,0,F M S,Arsenal,10,9.745402876287699,14.361542394384742,2.9379407837986946
468,Callum Wilson,26,2079,12,13.59009125083685,5,3.046300631016493,49,17,2,0,F S,Newcastle United,8,10.545415870845318,14.205592930316925,1.0525451973080635
620,Kelechi Iheanacho,25,1452,12,9.048596148379147,2,3.534099193289876,59,28,1,0,F S,Leicester,12,8.287427310831845,13.961563635617495,3.4299153089523315
986,Danny Ings,29,2200,12,8.276573244482279,4,2.3112305803224444,57,22,1,0,F S,Southampton,10,6.7542355209589005,10.482218006625772,2.4790408574044704
4456,Chris Wood,33,2765,12,12.954135425388813,3,2.03811838850379,70,23,0,0,F S,Burnley,10,11.431797690689564,13.585281524807215,2.1498517598956823
522,Wilfried Zaha,30,2615,11,8.804439894855022,2,3.7028211038559675,60,30,6,0,F M S,Crystal Palace,9,7.282102234661579,13.579472474753857,3.6344361882656813
556,Marcus Rashford,37,2941,11,9.579709991812706,9,4.185122115537524,79,44,4,0,F M S,Manchester United,11,9.579709991812706,20.441910162568092,8.927207557484508
838,Sadio Mané,35,2805,11,14.828547755256295,7,7.787754854187369,94,61,3,0,F M S,Liverpool,11,14.828547755256295,24.99892319738865,6.057656282559037
2251,Gareth Bale,20,909,11,5.797857677564025,2,1.842241395264864,38,21,1,0,M S,Tottenham,11,5.797857677564025,8.149640910327435,2.5945137250237167
7153,Matheus Pereira,33,2594,11,6.948316538706422,6,6.355539299547672,65,58,2,1,M S,West Bromwich Albion,7,3.9036410860717297,10.857054157182574,3.75792377255857
318,Pierre-Emerick Aubameyang,29,2333,10,10.450051955878735,3,2.4313493398949504,57,22,2,0,F M S,Arsenal,8,8.927714295685291,15.113904064521194,3.955129318870604
531,Michail Antonio,26,1993,10,14.138838540762663,5,3.1944228131324053,63,27,3,0,F S,West Ham,10,14.138838540762663,19.273825880140066,2.7705206014215946
606,Christian Benteke,30,1824,10,7.457401188090444,1,0.6976262861862779,71,15,1,1,F S,Crystal Palace,10,7.457401188090444,8.47283953242004,3.153553775511682
618,Raheem Sterling,31,2539,10,12.050674013793468,7,6.628709886223078,70,39,4,0,F M S,Manchester City,10,11.289505157619715,25.88372514024377,12.17315935343504
3294,Edinson Cavani,26,1355,10,8.603231720626354,3,2.3172435145825148,34,14,4,0,F S,Manchester United,10,8.603231720626354,12.259187385439873,2.730645166710019
5612,Anwar El Ghazi,28,1612,10,9.037517840974033,0,1.8828656133264303,64,26,2,0,F M S,Aston Villa,6,5.99284244235605,7.845562790520489,2.6913463715463877
5656,Nicolas Pepe,29,1602,10,6.000206441618502,1,1.0121600376442075,47,11,1,1,F M S,Arsenal,9,5.239037621766329,9.35974013991654,4.217725777998567
8288,Tomas Soucek,38,3420,10,8.982983335852623,1,2.4447560105472803,64,18,7,1,M,West Ham,10,8.982983335852623,16.99843479692936,8.716958418488503
482,Roberto Firmino,36,2882,9,12.860213406383991,7,6.116863399744034,83,44,2,0,F M S,Liverpool,9,12.860213406383991,25.271457761526108,10.198550110682845
558,Jesse Lingard,16,1434,9,5.249168518930674,4,2.329288413748145,42,18,3,0,F M,West Ham,8,3.726830892264843,10.095708649605513,5.690425142645836
750,Riyad Mahrez,27,1961,9,6.23244518134743,6,6.086525144055486,58,45,0,0,F M S,Manchester City,9,6.23244518134743,18.846324333921075,9.170806819573045
5543,Gabriel Jesus,29,2053,9,9.653353471308947,4,3.5496952617540956,55,31,2,0,F M S,Manchester City,9,9.653353471308947,17.878496561199427,6.233648158609867
6055,Phil Foden,28,1606,9,6.083393443375826,5,4.749281365424395,45,36,0,0,F M S,Manchester City,9,6.083393443375826,13.83503944799304,5.486512366682291
6681,Harvey Barnes,25,1954,9,6.697319919243455,4,1.7716880273073912,56,26,0,0,F M S,Leicester,9,6.697319919243455,8.893774410709739,1.5948405284434557
6854,Diogo Jota,19,1114,9,7.05772053822875,0,1.7625210750848055,46,12,2,0,F M S,Liverpool,9,7.05772053822875,10.972974702715874,4.0760964918881655
7700,Che Adams,36,2685,9,12.118734162300825,5,5.227753505110741,55,37,1,0,F S,Southampton,9,12.118734162300825,14.486911714076996,2.7446243297308683
843,James Ward-Prowse,38,3420,8,5.4420363157987595,7,4.070979097858071,43,60,5,0,D M,Southampton,5,2.3973609507083893,10.637730238959193,9.40103399939835
1776,Jarrod Bowen,38,2599,8,7.988894352689385,5,5.229475776664913,55,29,0,0,F M S,West Ham,8,7.988894352689385,14.171939106658101,3.0969949951395392
3621,Neal Maupay,33,2526,8,13.773534506559372,2,4.277407880872488,71,32,1,1,F M S,Brighton,5,10.728932749480009,17.157539159059525,3.381784765049815
6630,Joe Willock,21,1215,8,5.088089782744646,0,0.7337011601775885,23,10,1,0,M S,"Arsenal,Newcastle United",8,4.326921004801989,7.0070693753659725,2.9877271251752973
6818,James Maddison,31,2123,8,3.827569866552949,5,5.386723920702934,75,50,4,0,M S,Leicester,8,3.827569866552949,11.743431102484465,6.073130352422595
7711,David McGoldrick,35,2409,8,7.6057522259652615,1,1.11661896109581,71,17,7,0,F M S,Sheffield United,8,7.6057522259652615,9.950739227235317,3.2536970684304833
8718,Stuart Dallas,38,3412,8,4.457073524594307,2,2.084683418273926,48,26,7,0,D M,Leeds,8,4.457073524594307,18.534343764185905,13.809802262112498
8720,Jack Harrison,36,2871,8,6.254042700864375,8,7.5230593085289,46,59,2,0,M S,Leeds,8,6.254042700864375,19.39748965576291,8.035575423389673
695,Bertrand Traoré,36,2362,7,6.304105126298964,6,4.570987721905112,64,35,1,0,F M S,Aston Villa,7,6.304105126298964,9.835355166345835,1.3322140527889132
1389,Jorginho,28,2022,7,6.972690678201616,1,1.954869382083416,14,24,2,0,M S,Chelsea,0,0.12224532943218946,11.383730475790799,10.87897537369281
2381,Rodrigo,26,1285,7,5.755642192438245,2,3.200529370456934,46,31,3,0,F M S,Leeds,7,5.755642192438245,10.81597439199686,4.3486531134694815
6026,Richarlison,34,2883,7,10.67026119865477,3,3.3947611711919308,81,25,4,1,F M S,Everton,6,9.909092361107469,15.864714227616787,5.1744528617709875
6441,Ferrán Torres,24,1305,7,5.7287076292559505,2,2.202425992116332,36,18,1,0,F M S,Manchester City,7,5.7287076292559505,10.002996038645506,2.9583620112389326
7490,Mason Greenwood,31,1825,7,6.975748036056757,2,2.4278998095542192,67,14,2,0,F M S,Manchester United,7,6.975748036056757,14.031832756474614,5.954058945178986
65,Timo Werner,35,2605,6,13.432795586064458,8,6.66727664321661,80,36,2,0,F M S,Chelsea,6,13.432795586064458,20.533462934195995,5.242121719755232
447,Kevin De Bruyne,25,2008,6,9.98343913257122,12,10.9582067001611,81,79,1,0,M S,Manchester City,4,7.699932523071766,22.51689299941063,11.297133274376392
501,Danny Welbeck,24,1551,6,7.380381532013416,1,3.231366850435734,35,22,0,0,F M S,Brighton,6,6.6192494705319405,10.265666516497731,1.476512636989355
675,Jack Grealish,26,2187,6,5.192683823406696,10,9.334136627614498,50,81,5,0,F M S,Aston Villa,6,5.192683823406696,17.48746880888939,6.972043983638287
702,Tammy Abraham,22,1027,6,6.189150683581829,1,0.7214874606579542,32,9,0,0,F S,Chelsea,6,6.189150683581829,7.9011704083532095,2.1223282255232334
714,Gylfi Sigurdsson,36,2250,6,6.404703327454627,5,4.837685821577907,49,44,2,0,F M S,Everton,3,3.360027943737805,8.475105920806527,3.660514172166586
2249,James Rodríguez,23,1802,6,3.3635378424078226,4,5.439711567014456,37,40,4,0,F M S,Everton,6,3.3635378424078226,12.033004865050316,7.104181377217174
5956,Youri Tielemans,38,3359,6,4.168203926645219,4,3.312251338735223,48,49,6,0,M S,Leicester,4,2.6458663111552596,18.97534204274416,14.94546852633357
7768,Mason Mount,36,2891,6,6.884880336001515,5,9.847691355273128,82,87,2,0,F M S,Chelsea,5,6.123711509630084,21.69607448298484,12.443149040453136
8026,Raphinha,30,2369,6,6.219142843037844,9,9.524860586971045,67,65,3,0,M S,Leeds,6,6.219142843037844,16.792777836322784,6.679691860452294
935,Kurt Zouma,24,2024,5,3.1368534453213215,0,0.08146697096526623,27,4,3,0,D S,Chelsea,5,3.1368534453213215,6.216146335937083,6.133133308030665
2335,Pablo Fornals,33,2603,5,6.74941030330956,4,2.532995485700667,50,31,3,0,F M S,West Ham,5,6.74941030330956,16.320041246712208,8.427109042182565
4476,Callum Robinson,28,1580,5,3.2030633985996246,0,1.0499632060527802,31,16,0,0,F M S,West Bromwich Albion,5,3.2030633985996246,5.2165407538414,1.5963355377316475
6048,Lewis Dunk,33,2934,5,2.7090762509033084,0,0.830638368614018,32,10,5,2,D,Brighton,5,2.7090762509033084,8.376229837536812,7.971441999077797
6382,Pedro Neto,31,2570,5,5.494995640590787,6,5.738268097862601,62,61,4,0,F M S,Wolverhampton Wanderers,5,5.494995640590787,11.516661681234837,4.206935252994299
6827,Bobby Reid,33,2394,5,4.269851532764733,2,1.3097007106989622,34,14,7,0,D F M S,Fulham,5,4.269851532764733,8.202645358629525,3.1313844807446003
6853,Rúben Neves,36,2681,5,4.744082774966955,1,2.061172847636044,67,33,7,0,M S,Wolverhampton Wanderers,2,2.460576256737113,6.995869668200612,4.673971687443554
7322,Bukayo Saka,32,2577,5,7.169173587113619,3,4.511790654622018,61,38,1,0,D F M S,Arsenal,5,7.169173587113619,18.292466390877962,9.180439569987357
7698,Leandro Trossard,35,2647,5,5.412756389006972,5,5.398416234180331,58,51,2,0,F M S,Brighton,5,5.412756389006972,15.99893451668322,7.631562136113644
87,Joelinton,31,2006,4,5.631002204492688,2,2.366481453180313,43,17,3,0,F M S,Newcastle United,3,4.869833366945386,9.268310604617,3.2849576491862535
502,Olivier Giroud,17,750,4,5.070415806025267,0,1.1757991276681423,29,6,1,0,F S,Chelsea,4,5.070415806025267,5.245491370558739,1.7113372217863798
553,Anthony Martial,22,1494,4,7.405651165172458,3,2.6198029601946473,42,17,0,1,F M S,Manchester United,4,7.405651165172458,11.814813017845154,3.3195053301751614
586,John Stones,22,1933,4,2.501298673450947,0,0.04683952126652002,15,2,0,1,D,Manchester City,4,2.501298673450947,10.388179659843445,10.28851056098938
619,Sergio Agüero,12,556,4,3.716518562287092,1,1.315659787505865,19,7,0,0,F M S,Manchester City,3,2.1941808788105845,4.158569987863302,1.2831713519990444
2662,Christian Pulisic,27,1739,4,6.775412477552891,2,2.7612321693450212,43,25,2,0,F M S,Chelsea,4,6.775412477552891,14.593857947736979,7.101119593717158
4105,Raúl Jiménez,10,824,4,2.3609096854925156,0,0.6329625025391579,26,6,0,0,F,Wolverhampton Wanderers,4,2.3609096854925156,3.6840762607753277,1.2332111839205027
4381,Mateusz Klich,35,2404,4,2.999958790373057,5,3.6508504655212164,36,44,6,0,M S,Leeds,2,1.4776211227290332,14.60811685398221,10.386438000015914
5220,Kai Havertz,27,1523,4,6.352183712646365,3,1.553381915204227,33,18,2,0,F M S,Chelsea,4,6.352183712646365,10.382943627424538,4.811911249533296
5556,Ademola Lookman,34,2765,4,6.251116008497775,4,5.25840737298131,69,61,5,0,F M S,Fulham,4,5.48994714114815,15.355220101773739,7.334159415215254
5560,Scott McTominay,32,2121,4,1.8477440048009157,1,2.11461328715086,26,17,3,0,M S,Manchester United,4,1.8477440048009157,10.912294186651707,7.904809940606356
6893,Stuart Armstrong,33,2791,4,2.640008491463959,5,2.9013565443456173,54,35,3,0,M S,Southampton,4,2.640008491463959,10.028461560606956,6.737702840939164
7420,Miguel Almirón,34,2458,4,3.509381879121065,1,3.1359253535047174,33,31,3,0,F M S,Newcastle United,4,3.509381879121065,9.295024225488305,3.899067119695246
8706,Eberechi Eze,34,2570,4,2.494572142139077,6,3.741961938329041,37,42,3,0,M S,Crystal Palace,4,2.494572142139077,7.996477495878935,3.959954559803009
8778,Fabio Silva,32,1341,4,6.13615732640028,3,1.1684245318174362,48,11,2,0,F S,Wolverhampton Wanderers,3,5.374988496303558,5.087808325886726,1.0827536787837744
101,Allan Saint-Maximin,25,1578,3,2.8259131088852882,4,4.013324308209121,30,29,0,0,F M S,Newcastle United,3,2.8259131088852882,10.59472032263875,4.22400295548141
111,Jannik Vestergaard,30,2571,3,2.1054082941263914,0,0.7408252637833357,23,7,3,1,D S,Southampton,3,2.1054082941263914,6.064834667369723,5.990050286054611
239,Pascal Groß,34,2469,3,5.010525770485401,8,5.368290125392377,32,69,3,0,D M S,Brighton,0,1.9658871926367283,10.404419407248497,6.732295144349337
503,Theo Walcott,22,1660,3,2.280676642432809,3,1.2631027586758137,29,17,0,0,F M S,"Everton,Southampton",3,2.280676642432809,5.551979407668114,2.2335501089692116
528,Angelo Ogbonna,28,2493,3,1.6960736466571689,0,0.4284707475453615,13,4,5,0,D,West Ham,3,1.6960736466571689,4.00784369930625,3.785348754376173
592,Ross Barkley,26,1574,3,3.6999339712783694,1,4.31900261156261,39,40,0,0,M S,"Aston Villa,Chelsea",3,3.6999339712783694,9.896902839653194,3.7172514870762825
669,Ashley Westwood,38,3412,3,1.0059903170913458,3,6.534150272607803,19,52,7,0,M,Burnley,3,1.0059903170913458,10.02816173247993,6.304798097349703
773,Aleksandar Mitrovic,27,1369,3,5.677362998947501,3,2.9247111547738314,59,23,3,0,F S,Fulham,2,4.1550253089517355,7.808299113065004,1.8494821228086948
782,Ben Chilwell,27,2296,3,2.9848903995007277,5,2.455677840858698,27,30,3,0,D M,Chelsea,3,2.9848903995007277,11.330961346626282,8.155131921172142
804,Craig Dawson,22,1925,3,2.7360607353039086,0,0.054468296468257904,16,2,3,1,D,West Ham,3,2.7360607353039086,3.005057269707322,3.005057269707322
964,Kyle Bartley,30,2581,3,2.6014003232121468,1,0.7599650248885155,14,7,4,0,D S,West Bromwich Albion,3,2.6014003232121468,2.48464941047132,1.4993401113897562
1017,Matej Vydra,28,1363,3,5.373272832483053,2,2.1183407343924046,35,14,0,0,F S,Burnley,3,5.373272832483053,6.425857454538345,1.0472040101885796
1653,Michael Keane,35,2986,3,1.5046916585415602,1,1.0852528270334005,16,7,4,0,D S,Everton,3,1.5046916585415602,6.951784314587712,6.675621526315808
1740,Paul Pogba,26,1893,3,2.9882028456777334,3,2.066863002255559,31,24,3,0,M S,Manchester United,3,2.9882028456777334,11.6914734095335,7.444205395877361
3293,Lucas Moura,30,1392,3,1.9466326590627432,4,2.0640352852642536,18,16,1,0,F M S,Tottenham,3,1.9466326590627432,7.51403795927763,5.200064562261105
3428,Hélder Costa,22,1152,3,2.598154854029417,3,0.6283337883651257,16,7,0,0,M S,Leeds,3,2.598154854029417,4.516011323779821,2.2073262743651867
3491,Romain Saiss,27,2409,3,3.169141481630504,0,0.6693505402654409,28,5,2,0,D,Wolverhampton Wanderers,3,3.169141481630504,4.751177296042442,3.9122766880318522
3683,Ivan Cavaleiro,36,2477,3,5.548666689544916,0,2.68047393579036,47,42,2,0,D F M S,Fulham,2,4.026328969746828,8.240886438637972,2.8567301016300917
4422,Ashley Barnes,22,1342,3,3.874066237360239,0,0.8005475150421262,38,19,4,0,F M S,Burnley,2,3.1128973700106144,4.19031529314816,1.1986291762441397
5587,Josh Maja,15,809,3,4.918053388595581,0,0.7428302690386772,21,7,0,0,F S,Fulham,2,4.156884551048279,4.449021197855473,0.6455439738929272
5595,Daniel James,15,920,3,2.312423251569271,1,1.3286132868379354,17,10,3,0,M S,Manchester United,3,2.312423251569271,5.241103306412697,2.1443817038089037
5962,Tanguy NDombele Alvaro,33,2141,3,1.5304815424606204,2,2.1263335961848497,18,14,3,0,M S,Tottenham,3,1.5304815424606204,10.934965118765831,8.005785129964352
6144,Sébastien Haller,16,933,3,2.554668180644512,0,1.134867813438177,25,10,0,0,F S,West Ham,3,2.554668180644512,3.66033024340868,0.8529489319771528
7712,Billy Sharp,16,723,3,2.983076898381114,0,0.5832782126963139,9,4,1,0,F S,Sheffield United,1,1.4607392232865095,2.650699468329549,0.6648953501135111
7723,John McGinn,37,3330,3,2.166595253162086,5,3.5017576599493623,45,42,12,0,M,Aston Villa,3,2.166595253162086,14.868267310783267,9.945619264617562
8239,Takumi Minamino,19,1004,3,2.924741802737117,0,0.810821570456028,20,5,1,0,F M S,"Liverpool,Southampton",3,2.924741802737117,6.542065359652042,2.9392819050699472
8291,Daniel Podence,24,1718,3,2.744377875700593,2,1.8394327834248543,32,21,3,0,F M S,Wolverhampton Wanderers,3,2.744377875700593,6.725102685391903,2.910881344228983
9290,Mbaye Diagne,16,1205,3,6.247825153172016,2,0.9861007407307625,25,10,2,0,F S,West Bromwich Albion,3,6.247825153172016,8.729950740933418,1.773010155186057
343,Pierre-Emile Højbjerg,38,3420,2,1.1379272593185306,4,1.7558950493112206,14,16,9,0,M,Tottenham,2,1.1379272593185306,16.20580850355327,14.680379221215844
725,Ola Aina,31,2683,2,0.8479764661751688,1,1.5527279656380415,14,15,3,0,D M,Fulham,2,0.8479764661751688,6.773145352024585,6.1204672530293465
757,Jeffrey Schlupp,27,1424,2,2.0151155441999435,3,2.5725825037807226,18,18,3,0,M S,Crystal Palace,2,2.0151155441999435,5.158029245212674,3.4669567365199327
766,Jamaal Lascelles,19,1633,2,0.7653548326343298,0,0.06688277795910835,16,2,4,0,D,Newcastle United,2,0.7653548326343298,2.606449857354164,2.349907726049423
770,Ayoze Pérez,25,1326,2,4.0365753173828125,1,1.2486064918339252,31,23,2,0,F M S,Leicester,2,4.0365753173828125,9.872759373858571,6.759955797344446
771,Georginio Wijnaldum,38,2961,2,2.817426797002554,0,1.6629218505695462,31,21,1,0,M S,Liverpool,2,2.817426797002554,13.922181812115014,10.476276839151978
790,Nathan Redmond,29,1718,2,3.833790460601449,3,3.3530822433531284,45,29,1,0,F M S,Southampton,2,3.833790460601449,8.997613228857517,3.2675564512610435
807,Jonny Evans,28,2483,2,1.8557127667590976,2,0.5386310797184706,8,10,7,0,D,Leicester,2,1.8557127667590976,8.730609510093927,7.94296670332551
900,Adama Traoré,37,2630,2,2.0761541817337275,2,5.271671320311725,43,55,4,0,D F M S,Wolverhampton Wanderers,2,2.0761541817337275,9.475093045271933,3.006398070603609
1024,Tyrone Mings,36,3194,2,2.0616126153618097,2,0.376271465793252,19,7,4,1,D,Aston Villa,2,2.0616126153618097,6.932438758201897,6.708538291044533
1621,Marcos Alonso,13,962,2,1.8240782842040062,0,1.7216993779875338,22,15,2,0,D S,Chelsea,2,1.8240782842040062,4.643395733088255,2.536423623561859
1654,Ben Mee,30,2695,2,1.6194155449047685,0,0.8052035262808204,22,7,3,0,D,Burnley,2,1.6194155449047685,2.1182815926149487,2.01590633392334
1663,Johann Berg Gudmundsson,22,1369,2,1.5335700865834951,0,0.9595043435692787,19,10,2,0,M S,Burnley,2,1.5335700865834951,3.6138852685689926,1.3255044473335147
1678,Michy Batshuayi,18,706,2,1.3631451642140746,1,1.6547212526202202,12,9,0,0,F S,Crystal Palace,2,1.3631451642140746,3.708006873726845,1.4757320675998926
1687,Harry Maguire,34,3049,2,1.4843367198482156,1,0.2909430041909218,36,7,11,0,D,Manchester United,2,1.4843367198482156,13.127003896981478,13.018347103148699
1726,Abdoulaye Doucouré,29,2468,2,2.3695230297744274,3,2.388998984824866,18,21,6,0,M,Everton,2,2.3695230297744274,10.453207712620497,6.824092600494623
1737,Matt Phillips,33,1823,2,2.9235169077292085,1,3.245671344920993,22,25,1,0,M S,West Bromwich Albion,2,2.9235169077292085,7.040551715530455,2.6132307648658752
1738,Hal Robson-Kanu,19,522,2,1.4960813112556934,0,0.24345019459724426,13,5,2,0,F S,West Bromwich Albion,2,1.4960813112556934,2.264205154031515,0.6344092078506947
1746,Jeff Hendrick,22,1436,2,1.107993796467781,1,1.4332300974056125,10,6,1,1,M S,Newcastle United,2,1.107993796467781,3.6056416034698486,1.3866964289918542
1791,Trent Alexander-Arnold,36,3040,2,2.5930596301332116,7,8.576367635279894,55,77,2,0,D S,Liverpool,2,2.5930596301332116,23.10788096860051,17.6489075710997
2379,João Cancelo,28,2309,2,1.8656360246241093,3,5.1776401260867715,35,45,5,1,D M S,Manchester City,2,1.8656360246241093,18.105726182460785,14.480545476078987
2496,Rodri,34,2751,2,2.6599033242091537,2,2.3353825602680445,32,33,6,0,M S,Manchester City,1,1.8987344661727548,20.85731951147318,18.965820886194706
3203,Issa Diop,18,1379,2,0.9535309672355652,0,0.017779581248760223,3,1,3,0,D S,West Ham,2,0.9535309672355652,2.147920772433281,1.8317234739661217
3288,Thiago Silva,23,1938,2,1.3205454014241695,0,0.2914941646158695,13,5,3,1,D,Chelsea,2,1.3205454014241695,7.84285775385797,7.636919112876058
3389,Benjamin Mendy,13,955,2,0.33414089120924473,1,0.301439743489027,6,5,2,0,D M S,Manchester City,2,0.33414089120924473,2.7691368013620377,2.3486025109887123
3600,Serge Aurier,19,1619,2,1.475271712988615,3,3.7193944454193115,15,17,0,0,D M,Tottenham,2,1.475271712988615,8.711731988936663,5.293095897883177
3635,Bernardo Silva,26,2080,2,3.5988134182989597,6,4.823389740660787,28,27,5,0,F M S,Manchester City,2,3.5988134182989597,17.112389797344804,10.653521364554763
4490,Semi Ajayi,33,2773,2,1.7337955124676228,0,0.510466268286109,13,7,3,1,D S,West Bromwich Albion,2,1.7337955124676228,4.6292767114937305,3.112332496792078
5553,Declan Rice,32,2880,2,3.1917652431875467,1,1.9789341911673546,28,23,2,0,M,West Ham,1,1.6694275382906199,10.661632234230638,9.188759015873075
5584,Aaron Wan-Bissaka,34,3060,2,0.9324539508670568,4,2.547663254663348,7,31,3,0,D,Manchester United,2,0.9324539508670568,12.242122776806355,9.676274543628097
5613,Gabriel,23,1994,2,1.5645499601960182,0,0.05609598755836487,16,2,2,1,D S,Arsenal,2,1.5645499601960182,5.762660853564739,5.748227469623089
6027,Jairo Riedewald,33,1803,2,0.5630812272429466,0,0.8973613884299994,8,11,4,0,M S,Crystal Palace,2,0.5630812272429466,3.511384854093194,2.3339505027979612
6049,Solly March,21,1684,2,1.7836019955575466,1,1.67881984077394,22,27,0,0,D M S,Brighton,2,1.7836019955575466,8.322110306471586,5.68054904974997
6063,Jacob Murphy,26,1611,2,1.4909526873379946,3,3.4334888719022274,30,19,3,0,D M S,Newcastle United,2,1.4909526873379946,8.043614191003144,4.10231579374522
6157,Timothy Castagne,27,2349,2,1.6002665907144547,3,2.3069625329226255,8,21,1,0,D M,Leicester,2,1.6002665907144547,8.445917392149568,6.606226626783609
6456,Callum Hudson-Odoi,23,1048,2,1.3696892522275448,3,3.104141779243946,23,31,0,0,D F M S,Chelsea,2,1.3696892522275448,7.824358187615871,5.499199015088379
6482,Eddie Nketiah,17,405,2,2.022098697721958,1,0.7423548772931099,12,8,0,0,F S,Arsenal,2,2.022098697721958,2.0772803630679846,0.22055049240589142
6521,Yerry Mina,24,1941,2,1.749434195458889,0,0.01959897391498089,17,1,2,0,D S,Everton,2,1.749434195458889,4.3131408374756575,4.212718678638339
6756,Dwight McNeil,36,3075,2,1.0806847736239433,5,5.477006817236543,27,47,1,0,M S,Burnley,2,1.0806847736239433,6.948603229597211,3.6068124379962683
7230,Emile Smith-Rowe,20,1456,2,1.5921600051224232,4,3.622619265690446,13,27,0,0,M S,Arsenal,2,1.5921600051224232,9.538248419761658,5.634505972266197
7722,Trézéguet,21,1175,2,3.9790354687720537,1,2.1475677508860826,35,13,0,0,F M S,Aston Villa,2,3.9790354687720537,7.027209060266614,1.9039327781647444
7726,Ezri Konsa Ngoyo,36,3192,2,3.291558614000678,0,0.09317662566900253,22,2,3,0,D S,Aston Villa,2,3.291558614000678,3.429550213739276,3.3819441627711058
7752,Gabriel Martinelli,14,581,2,3.2524504773318768,1,1.7456509061157703,20,9,0,0,F M S,Arsenal,2,3.2524504773318768,6.159719843417406,1.7565973456948996
7753,James Justin,23,2070,2,1.517483089119196,1,2.0591362714767456,9,19,4,0,D,Leicester,2,1.517483089119196,7.665663853287697,5.505036119371653
7991,Aaron Connolly,17,799,2,4.464137131348252,1,0.16078385151922703,23,6,0,0,F M S,Brighton,2,4.464137131348252,4.783491691574454,0.19122542813420296
8722,Ezgjan Alioski,36,2475,2,1.7466110391542315,3,3.332753329537809,25,28,7,0,D M S,Leeds,2,1.7466110391542315,13.478339981753379,9.686265880707651
8992,Hakim Ziyech,23,1182,2,1.9873138703405857,3,4.4784491918981075,35,34,3,0,F M S,Chelsea,2,1.9873138703405857,7.660671561956406,3.6919242860749364
9040,Conor Gallagher,30,2529,2,1.542326157912612,2,1.4182877968996763,29,21,11,0,M S,West Bromwich Albion,2,1.542326157912612,5.059539876878262,3.124785490334034
9205,Jayden Bogle,16,1109,2,1.9150196239352226,0,0.2085538413375616,17,4,2,0,D M S,Sheffield United,2,1.9150196239352226,2.668701134622097,1.365645308047533
76,Fabian Schär,18,1252,1,1.4605768583714962,0,0,12,0,4,1,D S,Newcastle United,0,0.699408020824194,0.9551226757466793,0.8735608421266079
204,Granit Xhaka,31,2537,1,0.7788538886234164,2,1.4596660807728767,21,17,7,1,D M S,Arsenal,1,0.7788538886234164,13.898659452795982,12.85004018060863
229,Thiago Alcántara,24,1865,1,1.2113061929121614,0,2.554921615868807,22,30,4,0,M S,Liverpool,1,1.2113061929121614,11.152549425140023,9.468282034620643
332,Joel Matip,10,701,1,0.7844753786921501,2,1.1802754700183868,5,3,2,0,D S,Liverpool,1,0.7844753786921501,4.383128449320793,4.383128449320793
486,Adam Lallana,30,1572,1,1.614305904135108,1,2.628757566213608,22,25,0,0,F M S,Brighton,1,1.614305904135108,9.719970118254423,5.874304872006178
492,Héctor Bellerín,25,2098,1,0.8602298125624657,2,2.1715124365873635,15,21,8,0,D S,Arsenal,1,0.8602298125624657,8.05989222228527,6.266995819285512
496,Mohamed Elneny,23,1540,1,0.4756157984957099,0,0.2569417227059603,9,4,3,0,M S,Arsenal,1,0.4756157984957099,5.1957609839737415,4.6511682495474815
500,Alex Iwobi,30,1536,1,0.8436320181936026,2,2.155348900705576,15,16,0,0,D F M S,Everton,1,0.8436320181936026,7.218916330486536,4.475584605708718
512,Scott Dann,15,1350,1,0.5482887476682663,0,0.01761283539235592,4,1,1,0,D,Crystal Palace,1,0.5482887476682663,1.185210364870727,1.167597527615726
532,Cheikhou Kouyaté,36,3126,1,0.823928102850914,0,0.8307871054857969,7,8,4,0,D M S,Crystal Palace,1,0.823928102850914,4.744332442060113,4.530508512631059
535,Manuel Lanzini,17,548,1,0.9710567491129041,1,1.0017921943217516,12,11,1,0,M S,West Ham,1,0.9710567491129041,3.232661292888224,1.5795049192383885
537,Andy Carroll,18,369,1,0.6033168490976095,0,0.06301983259618282,13,2,1,0,F S,Newcastle United,1,0.6033168490976095,0.9890148416161537,0.542128044180572
554,Juan Mata,9,518,1,1.0727029107511044,2,0.722595326602459,5,8,0,0,M S,Manchester United,0,0.3115340732038021,3.0369194112718105,2.187311427667737
579,Nathan Aké,10,802,1,0.505318071693182,0,0.017229333519935608,3,1,4,0,D S,Manchester City,1,0.505318071693182,4.211258716881275,4.19402938336134
605,Jordan Henderson,21,1710,1,1.1357975732535124,1,1.483708567917347,14,14,0,0,D M S,Liverpool,1,1.1357975732535124,11.4943608045578,10.461347930133343
638,Kyle Walker,24,1944,1,0.20440490636974573,1,0.4997862335294485,10,8,1,0,D S,Manchester City,1,0.20440490636974573,10.604217860847712,10.206446424126625
639,Toby Alderweireld,25,2243,1,0.6138193644583225,0,0.9680300909094512,10,8,2,0,D,Tottenham,1,0.6138193644583225,5.900500617921352,5.857218690216541
644,Erik Lamela,23,683,1,1.28941298276186,0,0.8058319715783,21,8,4,1,F M S,Tottenham,1,1.28941298276186,4.192472445778549,2.828797733411193
672,Jordan Ayew,33,2097,1,2.5819826889783144,3,0.8223461555317044,26,13,4,0,F M S,Crystal Palace,1,2.5819826889783144,5.268271958455443,2.6505742156878114
681,César Azpilicueta,26,2189,1,0.5030050054192543,2,2.5754943350329995,11,27,5,1,D S,Chelsea,1,0.5030050054192543,13.989242531359196,12.338820736855268
688,Ruben Loftus-Cheek,31,1988,1,3.3300087321549654,0,1.2445779331028461,35,17,3,0,F M S,"Chelsea,Fulham",1,3.3300087321549654,7.614803409203887,3.747227055951953
699,Gary Cahill,20,1800,1,0.7365136835724115,1,0.6217411160469055,11,8,3,0,D,Crystal Palace,1,0.7365136835724115,2.2731893714517355,2.0231166798621416
700,Willian,25,1413,1,1.8349476363509893,5,3.591709714382887,20,32,0,0,F M S,Arsenal,1,1.8349476363509893,7.110169101506472,3.8155747279524803
743,Dwight Gayle,18,483,1,2.9297976344823837,1,0.2755554709583521,16,6,0,0,F S,Newcastle United,1,2.9297976344823837,3.037841819226742,0.5140482373535633
753,Marc Albrighton,31,1731,1,1.2467308714985847,5,4.0363764539361,21,38,2,0,D M S,Leicester,1,1.2467308714985847,8.017677169293165,5.142710544168949
759,Daniel Amartey,12,714,1,0.5421722754836082,0,0,3,0,2,0,D S,Leicester,1,0.5421722754836082,2.5317332670092583,2.4568762108683586
769,Jonjo Shelvey,30,2617,1,2.452838398516178,3,2.62552472576499,42,37,7,0,M S,Newcastle United,1,2.452838398516178,9.463527981191874,7.525889337062836
775,Andros Townsend,34,2255,1,2.4719981215894222,5,4.146493591368198,36,40,0,0,F M S,Crystal Palace,1,2.4719981215894222,7.262479238212109,3.630241647362709
789,Robbie Brady,19,1061,1,0.7830975204706192,1,0.908582329750061,16,7,3,0,M S,Burnley,1,0.7830975204706192,2.6775898784399033,1.5309140160679817
833,Virgil van Dijk,5,370,1,0.5533826053142548,0,0,4,0,1,0,D,Liverpool,1,0.5533826053142548,1.409594252705574,1.2884346395730972
842,Oriol Romeu,21,1777,1,0.44582715816795826,1,1.5368066392838955,14,14,6,0,M S,Southampton,1,0.44582715816795826,6.238045163452625,5.063458070158958
844,Jay Rodriguez,31,1237,1,2.977033233270049,2,1.2109192460775375,31,6,3,0,F M S,Burnley,1,2.977033233270049,4.231583966873586,0.9134316276758909
853,Paul Dummett,15,1254,1,0.444092333316803,0,0.22914489451795816,3,4,2,0,D S,Newcastle United,1,0.444092333316803,3.159807924181223,2.978621404618025
875,Ciaran Clark,22,1895,1,0.6622023619711399,0,0.14438940957188606,8,2,3,0,D S,Newcastle United,1,0.6622023619711399,2.8629611590877175,2.8629611590877175
966,Alex Oxlade-Chamberlain,13,238,1,0.3006509616971016,1,0.30177750438451767,8,2,0,0,F M S,Liverpool,1,0.3006509616971016,0.9986630138009787,0.7666849214583635
985,Mason Holgate,28,2298,1,1.2981890868395567,0,0.5711941663175821,5,8,9,0,D M S,Everton,1,1.2981890868395567,3.7908531483262777,3.3489659130573273
1006,Luke Shaw,32,2659,1,0.6931251157075167,5,6.471944944933057,11,72,8,0,D S,Manchester United,1,0.6931251157075167,12.844046253710985,10.096231952309608
1014,Tyler Roberts,27,1334,1,1.8854888584464788,2,2.529150106012821,26,15,3,0,F M S,Leeds,1,1.8854888584464788,7.4620350524783134,3.5038931723684072
1053,Keinan Davis,15,240,1,1.2687745057046413,1,0.684618379920721,9,6,0,0,F S,Aston Villa,1,1.2687745057046413,1.9646082073450089,0.3350833458825946
1234,Dennis Praet,15,730,1,0.4389684200286865,1,1.215856321156025,8,7,0,0,M S,Leicester,1,0.4389684200286865,2.111918879672885,1.291694002225995
1257,Alisson,33,2970,1,0.1076817587018013,0,0,1,0,1,0,GK,Liverpool,1,0.1076817587018013,3.5593252051621675,3.5593252051621675
1299,Mario Lemina,28,1706,1,1.2436577659100294,0,1.1261268053203821,19,12,5,0,D M S,Fulham,1,1.2436577659100294,4.953155102208257,3.2949586659669876
1545,Emil Krafth,16,1297,1,0.15091243758797646,0,0.4345151521265507,7,6,4,0,D S,Newcastle United,1,0.15091243758797646,3.910903701558709,3.427047375589609
1652,Matthew Lowton,34,3060,1,0.759485324844718,1,2.772255450487137,21,26,5,0,D,Burnley,1,0.759485324844718,6.366658769547939,3.5794426361098886
1665,James Tarkowski,36,3240,1,3.060874850489199,0,0.9441509172320366,23,12,6,0,D,Burnley,1,3.060874850489199,3.0737191354855895,2.8856525840237737
1676,David Luiz,20,1410,1,0.6695670261979103,0,0.524025484919548,15,2,1,1,D S,Arsenal,1,0.6695670261979103,4.749538991600275,4.629008281975985
1688,Andrew Robertson,38,3391,1,1.4379336573183537,7,7.220491709187627,19,65,2,0,D,Liverpool,1,1.4379336573183537,19.869481820613146,15.435008822008967
1736,Oliver McBurnie,23,1306,1,3.5529933124780655,0,1.0542655810713768,30,15,2,0,F S,Sheffield United,1,3.5529933124780655,6.1072307620197535,2.601921772584319
1822,Antonio Rüdiger,19,1710,1,1.1399364518001676,0,0.3058073613792658,14,4,0,0,D,Chelsea,1,1.1399364518001676,9.137650460004807,9.044836282730103
2163,Diego Llorente,15,1208,1,0.9071680032648146,0,0.46123018860816956,8,4,1,0,D S,Leeds,1,0.9071680032648146,3.1332236267626286,2.109321966767311
2361,Willian José,17,1123,1,1.429273258894682,0,1.2711053034290671,19,12,0,0,F S,Wolverhampton Wanderers,1,1.429273258894682,2.071214944124222,0.7192589566111565
2517,Martin Odegaard,14,865,1,0.6187397725880146,2,1.9558853544294834,15,19,0,0,M S,Arsenal,1,0.6187397725880146,5.297232277691364,4.070700854063034
3422,João Moutinho,33,2546,1,0.5027754157781601,1,1.6768401395529509,14,46,3,1,M S,Wolverhampton Wanderers,1,0.5027754157781601,7.028498139232397,6.230230144225061
3585,Said Benrahma,30,1381,1,2.455937602557242,6,5.114555899985135,35,27,0,0,M S,West Ham,1,2.455937602557242,10.364179045893252,3.7795806247740984
4391,Darnell Furlong,35,2926,1,1.9333324702456594,3,2.4630055148154497,26,17,5,0,D M S,West Bromwich Albion,1,1.9333324702456594,6.1354728154838085,3.3740223851054907
5256,Oliver Burke,25,1272,1,2.6037612967193127,1,2.620451843366027,25,15,2,0,F S,Sheffield United,1,2.6037612967193127,6.119541306048632,1.053120244294405
5264,Caglar Söyüncü,23,1802,1,0.5392082296311855,0,0.3269749563187361,10,7,2,0,D S,Leicester,1,0.5392082296311855,7.390434857457876,7.36866756901145
5545,Wilfred Ndidi,26,2181,1,0.5960319405421615,4,1.3334983801469207,16,16,6,0,D M S,Leicester,1,0.5960319405421615,10.23005054332316,8.72567112930119
5549,Luka Milivojevic,31,2374,1,2.213461100589484,1,1.7734643053263426,19,21,8,1,M S,Crystal Palace,0,0.6911234031431377,6.367301893886179,5.705257058143616
5609,Yves Bissouma,36,3121,1,1.0768232205882668,0,1.081232475116849,42,16,8,1,M S,Brighton,1,1.0768232205882668,9.739854503422976,8.210506806150079
5681,Giovani Lo Celso,18,955,1,1.525260753929615,1,1.196652302518487,15,15,5,0,M S,Tottenham,1,1.525260753929615,5.273323446512222,3.312727394513786
5735,Jean-Philippe Mateta,7,213,1,0.32543088495731354,0,0.016295328736305237,4,1,0,0,F S,Crystal Palace,1,0.32543088495731354,0.3973565027117729,0.13605083525180817
6042,Jan Bednarek,36,3111,1,0.46839267015457153,1,1.15994737111032,10,5,5,1,D,Southampton,1,0.46839267015457153,8.544505370780826,8.489990605041385
6080,Victor Lindelöf,29,2587,1,0.7988894507288933,1,0.4023786187171936,4,6,0,0,D,Manchester United,1,0.7988894507288933,9.030322801321745,8.881876270286739
6163,Nélson Semedo,34,2994,1,1.3097368124872446,1,0.9027991937473416,23,20,5,0,D M,Wolverhampton Wanderers,1,1.3097368124872446,7.686349012888968,6.1962723126634955
6314,Joachim Andersen,31,2732,1,1.3567862249910831,1,0.4516803417354822,13,8,7,1,D S,Fulham,1,1.3567862249910831,6.673858028836548,6.547641624696553
6424,Ben Johnson,14,506,1,0.48440982960164547,0,0.385865556076169,3,4,1,0,D M S,West Ham,1,0.48440982960164547,1.4439898766577244,0.66788793168962
6651,Grady Diangana,20,1249,1,1.0978213790804148,0,0.16204885952174664,14,5,0,0,F M S,West Bromwich Albion,1,1.0978213790804148,1.6292712818831205,0.6211172696202993
6665,Curtis Jones,24,1174,1,1.758892709389329,2,1.5211435090750456,19,12,2,0,M S,Liverpool,1,1.758892709389329,7.742866411805153,5.182874273508787
6674,Rayan Ait Nouri,21,1414,1,0.5121664954349399,1,0.7904387172311544,16,14,1,0,D M S,Wolverhampton Wanderers,1,0.5121664954349399,2.7287227287888527,2.285053768195212
6817,Fred,30,2404,1,1.733165263198316,0,2.232571354135871,25,24,5,0,M S,Manchester United,1,1.733165263198316,13.519705224782228,10.688638936728239
6834,Joe Bryan,16,658,1,0.5813565868884325,0,0.2726944023743272,8,5,2,0,D M S,Fulham,1,0.5813565868884325,1.8991845548152924,1.300659827888012
6835,Tom Cairney,10,762,1,0.583964585326612,1,0.9888524450361729,12,17,2,0,M S,Fulham,1,0.583964585326612,3.3855622112751007,2.849907038733363
6850,Willy Boly,21,1880,1,1.1301858117803931,1,0.5512954220175743,15,3,2,0,D,Wolverhampton Wanderers,1,1.1301858117803931,2.8382370322942734,2.6631663888692856
6851,Conor Coady,37,3305,1,1.445029648952186,0,0.19623830169439316,7,3,5,0,D,Wolverhampton Wanderers,1,1.445029648952186,5.043202904053032,4.87485118303448
6857,Morgan Gibbs-White,11,395,1,0.8142988905310631,0,0.40694379061460495,10,8,1,0,F M S,Wolverhampton Wanderers,1,0.8142988905310631,1.7168077994138002,0.8314622566103935
6859,Kortney Hause,7,630,1,1.3037527613341808,0,0,5,0,2,0,D,Aston Villa,1,1.3037527613341808,1.804376021027565,1.804376021027565
6891,Ryan Fredericks,14,563,1,0.21433745697140694,1,1.298734912648797,4,12,2,0,D M S,West Ham,1,0.21433745697140694,1.0619316771626472,0.30801658518612385
6892,Fabián Balbuena,14,1197,1,1.0978245548903942,0,0,8,0,1,1,D S,West Ham,1,1.0978245548903942,2.218800287693739,1.9963053427636623
7063,Bernard,12,438,1,0.1936356108635664,0,0.5254483036696911,6,10,2,0,F M S,Everton,1,0.1936356108635664,1.282545143738389,0.7026593955233693
7236,Leander Dendoncker,33,2500,1,3.381598680280149,0,0.581333028152585,31,17,4,0,D M S,Wolverhampton Wanderers,1,3.381598680280149,8.177480114623904,5.363243671134114
7382,Dan Burn,27,2059,1,1.0781700564548373,0,0.9778604349121451,17,10,5,0,D M S,Brighton,1,1.0781700564548373,4.978818271309137,4.17619202286005
7390,Karlan Grant,21,1140,1,1.6942405216395855,0,0.14918647333979607,16,2,1,0,F M S,West Bromwich Albion,1,1.6942405216395855,1.810006550513208,0.5052706673741341
7395,Carlos Vinicius,9,300,1,1.2549921572208405,0,0.10279384814202785,7,2,2,0,F S,Tottenham,1,1.2549921572208405,1.4212634414434433,0.08671846613287926
7699,Adam Webster,29,2596,1,1.2729570996016264,0,0.2532156016677618,25,5,4,0,D,Brighton,1,1.2729570996016264,7.724677037447691,7.5824143048375845
7701,Moussa Djenepo,27,1236,1,0.7927820216864347,0,0.40187256410717964,14,6,5,0,M S,Southampton,1,0.7927820216864347,2.9883768558502197,1.9131247028708458
7714,Ben Osborn,24,1607,1,1.0907260961830616,0,2.5220147650688887,10,17,1,0,D F M S,Sheffield United,1,1.0907260961830616,6.371751211583614,4.422309448942542
7721,Conor Hourihane,4,236,1,0.5679545402526855,1,0.9191879034042358,5,5,0,0,M S,Aston Villa,1,0.5679545402526855,0.6681759208440781,0.19055770710110664
8020,Steven Alzate,15,905,1,0.8340352401137352,0,0.9228015542030334,7,11,2,0,D M S,Brighton,1,0.8340352401137352,3.519558561965823,2.386691849678755
8067,Reece James,32,2355,1,1.5345969907939434,2,3.6499749002978206,35,42,3,0,D M S,Chelsea,1,1.5345969907939434,11.71862213127315,9.588866364210844
8089,Kieran Tierney,27,2305,1,0.386676630936563,3,3.823889254592359,15,31,4,0,D S,Arsenal,1,0.386676630936563,8.635928904637694,5.608391160145402
8214,Tyrick Mitchell,19,1710,1,1.0755382552742958,1,0.23087922483682632,2,3,1,0,D,Crystal Palace,1,1.0755382552742958,4.470536682754755,3.2567375004291534
8226,Tariq Lamptey,11,904,1,0.7030039094388485,1,0.8089809715747833,6,10,2,1,D M,Brighton,1,0.7030039094388485,4.568889327347279,3.691588267683983
8228,Nathaniel Phillips,17,1451,1,1.0277088694274426,1,0.9165567811578512,15,7,2,0,D S,Liverpool,1,1.0277088694274426,4.325661117210984,4.15606533922255
8285,Sander Berge,15,1116,1,1.216416584327817,1,1.7773305177688599,10,14,4,0,M S,Sheffield United,0,0.4552477616816759,3.9067584052681923,3.0664280876517296
8300,Steven Bergwijn,21,1218,1,2.093383353203535,3,0.812587445601821,15,13,3,0,F M S,Tottenham,1,2.093383353203535,4.814339090138674,2.446276184171438
8379,Alexis Mac Allister,21,1110,1,1.3531406065449119,1,1.870868494734168,24,15,1,0,F M S,Brighton,1,1.3531406065449119,5.655093248933554,3.266662317328155
8456,Nathan Tella,18,734,1,1.9882374852895737,1,1.0909010618925095,17,6,2,0,F M S,Southampton,1,1.9882374852895737,2.907418869435787,0.48396934010088444
8481,Jimmy Dunne,3,270,1,0.41910675540566444,0,0.10200031474232674,7,2,1,0,D,Burnley,1,0.41910675540566444,0.10443910025060177,0.043035658076405525
8562,Luke Thomas,14,982,1,0.27020210959017277,0,0.9476513303816319,7,7,2,0,D M S,Leicester,1,0.27020210959017277,2.1523539647459984,1.7291602585464716
8717,Pascal Struijk,27,2073,1,2.0286749051883817,0,0.10804751934483647,13,4,3,0,D M S,Leeds,1,2.0286749051883817,6.597725657746196,6.550252264365554
8719,Kalvin Phillips,29,2435,1,0.3886227561160922,2,3.2330581322312355,15,35,10,0,M S,Leeds,1,0.3886227561160922,8.959227515384555,7.550635194405913
8780,Joël Veltman,28,2281,1,1.2756177727133036,1,1.8462188187986612,14,22,3,0,D M S,Brighton,1,1.2756177727133036,9.022530617192388,6.800674581900239
8816,Liam Cooper,25,2189,1,2.094512293115258,0,0,15,0,4,1,D,Leeds,1,2.094512293115258,7.37991644628346,7.37991644628346
8821,Donny van de Beek,19,486,1,0.29472872521728277,1,1.0433875694870949,2,3,1,0,M S,Manchester United,1,0.29472872521728277,3.5466001369059086,2.2084838151931763
8961,Rúben Dias,32,2848,1,1.9530213214457035,0,0.10559610091149807,14,3,4,0,D,Manchester City,1,1.9530213214457035,16.681801237165928,16.560106702148914
9163,Kean Bryan,13,1012,1,0.5354916416108608,0,0.8194743879139423,3,4,1,0,D S,Sheffield United,1,0.5354916416108608,1.4283712692558765,1.385759647935629
9501,Fabio Carvalho,4,255,1,0.9974314272403717,0,0.5002098381519318,9,2,0,0,F M S,Fulham,1,0.9974314272403717,1.4961068630218506,0.28626886010169983
9509,Daniel Jebbison,4,286,1,1.4839936792850494,0,0.023563019931316376,4,1,0,0,F S,Sheffield United,1,1.4839936792850494,1.9016592036932707,0.39410249702632427
9524,Anthony Elanga,2,157,1,0.5518713593482971,0,0.020725570619106293,2,1,0,0,F M,Manchester United,1,0.5518713593482971,0.8420460820198059,0.8213205337524414
181,Bernd Leno,35,3136,0,0,0,0,0,0,0,1,GK,Arsenal,0,0,4.326600980013609,4.326600980013609
200,Andreas Christensen,17,1375,0,0.12940827198326588,0,0.250104570761323,3,6,2,1,D S,Chelsea,0,0.12940827198326588,7.441710580140352,7.276742447167635
342,Sead Kolasinac,1,90,0,0,0,0,0,0,0,0,D,Arsenal,0,0,0.42935803532600403,0.42935803532600403
461,Matt Ritchie,18,1360,0,0.3301006630063057,2,2.4923457093536854,11,24,2,0,D M S,Newcastle United,0,0.3301006630063057,5.130529761314392,4.38347963988781
465,Joshua King,11,119,0,0.7881247904151678,0,0,3,0,0,0,S,Everton,0,0.7881247904151678,0.8868908192962408,0.7569956742227077
484,Divock Origi,9,176,0,1.0811212956905365,0,0.1400348860770464,7,2,0,0,F S,Liverpool,0,1.0811212956905365,1.4969345815479755,0.7823662180453539
485,Mamadou Sakho,4,274,0,0.0188349187374115,0,0,1,0,0,0,D S,Crystal Palace,0,0.0188349187374115,0.5140529274940491,0.5140529274940491
489,James Milner,26,1037,0,0.35657380148768425,1,0.7905595283955336,12,13,3,0,D M S,Liverpool,0,0.35657380148768425,5.68504504673183,4.885257272981107
508,Calum Chambers,10,750,0,0.3639731630682945,2,1.0427646078169346,8,11,0,0,D S,Arsenal,0,0.3639731630682945,3.835656374692917,2.810004845261574
510,Joel Ward,26,2252,0,0.05171137396246195,1,0.473003345541656,2,7,5,0,D S,Crystal Palace,0,0.05171137396246195,3.116230333223939,2.8893981855362654
525,Martin Kelly,1,1,0,0,0,0,0,0,0,0,S,Crystal Palace,0,0,0,0
527,Adrián,3,270,0,0,0,0,0,0,0,0,GK,Liverpool,0,0,0.3974394351243973,0.3974394351243973
530,James Tomkins,8,553,0,0.12336964905261993,0,0.11044849455356598,2,1,1,0,D S,Crystal Palace,0,0.12336964905261993,0.28486899100244045,0.28486899100244045
533,Mark Noble,21,702,0,0.0526793897151947,0,0.1763314949348569,1,5,1,0,M S,West Ham,0,0.0526793897151947,0.7763152047991753,0.7236358076334
534,Aaron Cresswell,36,3176,0,0.8834644388407469,8,7.390939908102155,19,58,3,0,D,West Ham,0,0.8834644388407469,10.62028263323009,8.39244052581489
540,Darren Randolph,3,270,0,0,0,0,0,0,0,0,GK,West Ham,0,0,0.2751619219779968,0.2751619219779968
545,Kieran Gibbs,10,808,0,0.06194194033741951,0,0.4062059596180916,1,4,0,1,D S,West Bromwich Albion,0,0.06194194033741951,0.8934749104082584,0.8129167035222054
546,David de Gea,26,2298,0,0,0,0,0,0,0,0,GK,Manchester United,0,0,2.113249460235238,2.113249460235238
549,Timothy Fosu-Mensah,1,85,0,0.015449298545718193,0,0.30515241622924805,1,2,1,0,D,Manchester United,0,0.015449298545718193,0.4019051194190979,0.3608218729496002
573,Odion Ighalo,1,5,0,0,0,0,0,0,0,0,S,Manchester United,0,0,0,0
585,Seamus Coleman,25,1612,0,0.8948433343321085,3,1.507626404054463,12,19,0,0,D M S,Everton,0,0.8948433343321085,5.504014186561108,4.07946090772748
587,Phil Jagielka,10,526,0,0,0,0,0,0,1,1,D S,Sheffield United,0,0,0.9072464257478714,0.9072464257478714
589,James McCarthy,16,834,0,0.012277675792574883,0,0.2898282688111067,1,5,1,0,M S,Crystal Palace,0,0.012277675792574883,1.1981794610619545,1.0280184224247932
603,Nathaniel Clyne,13,1151,0,0.12293394096195698,1,0.22248492389917374,4,4,2,0,D,Crystal Palace,0,0.12293394096195698,1.8969638887792826,1.7311625815927982
614,Fernandinho,21,1170,0,0.8150819344446063,2,1.5401164283975959,14,14,6,0,M S,Manchester City,0,0.8150819344446063,8.776916489005089,7.831777147948742
624,Willy Caballero,1,90,0,0,0,0,0,0,0,0,GK,Chelsea,0,0,0.14356312155723572,0.14356312155723572
633,James McArthur,18,1482,0,0.28225431498140097,2,1.5203707329928875,6,15,3,0,M S,Crystal Palace,0,0.28225431498140097,3.245603632181883,2.2573831360787153
635,Alex McCarthy,30,2700,0,0,0,0,0,0,2,0,GK,Southampton,0,0,2.76343253813684,2.76343253813684
637,Hugo Lloris,38,3420,0,0,0,0,0,0,0,0,GK,Tottenham,0,0,4.801015069708228,4.801015069708228
643,Eric Dier,28,2520,0,1.2531612887978554,0,0.2254233150742948,14,6,3,0,D,Tottenham,0,1.2531612887978554,5.7221764624118805,5.697844207286835
645,Dele Alli,15,615,0,1.6745913289487362,1,1.3262444715946913,12,9,0,0,M S,Tottenham,0,1.6745913289487362,4.32270379178226,2.1345880310982466
660,Ben Davies,20,1330,0,0.19769307598471642,1,0.4373754449188709,3,8,1,0,D S,Tottenham,0,0.19769307598471642,2.6845735367387533,2.3310538921505213
661,Josh Onomah,11,368,0,0.5561960740014911,0,0.032975926995277405,6,1,1,0,M S,Fulham,0,0.5561960740014911,1.3664658088237047,0.8782037142664194
682,Branislav Ivanovic,13,761,0,0.45947081595659256,0,0.048929497599601746,4,1,2,0,D S,West Bromwich Albion,0,0.45947081595659256,0.34919734112918377,0.34919734112918377
697,Nemanja Matic,20,1099,0,0.1647858265787363,0,0.893835068680346,6,8,2,0,M S,Manchester United,0,0.1647858265787363,6.133360542356968,5.510585548356175
703,Fikayo Tomori,1,43,0,0,0,0,0,0,0,0,S,Chelsea,0,0,0.0727275162935257,0.0727275162935257
706,Lukasz Fabianski,35,3150,0,0,0,0,0,0,2,0,GK,West Ham,0,0,1.2763743558898568,1.2763743558898568
708,Federico Fernández,24,2090,0,0.19384310767054558,0,0.5685491189360619,4,7,4,0,D,Newcastle United,0,0.19384310767054558,3.305469788610935,3.2190251126885414
710,Neil Taylor,1,13,0,0,0,0,0,0,1,0,S,Aston Villa,0,0,0,0
712,Jack Cork,16,1355,0,0.197326747700572,0,0.33052679151296616,5,8,2,0,M S,Burnley,0,0.197326747700572,2.8145480062812567,2.4986591823399067
727,DeAndre Yedlin,6,442,0,0.0998492855578661,0,0.08443297632038593,2,3,0,0,D S,Newcastle United,0,0.0998492855578661,0.5257039777934551,0.3566392660140991
730,Patrick van Aanholt,22,1775,0,1.398338496685028,1,0.649572467431426,18,12,2,0,D M S,Crystal Palace,0,1.398338496685028,4.809477232396603,3.354221023619175
741,Jordan Pickford,31,2742,0,0,0,0.021773621439933777,0,1,1,0,GK,Everton,0,0,3.7141596572473645,3.6923860358074307
745,Kasper Schmeichel,38,3420,0,0,0,0,0,0,0,0,GK,Leicester,0,0,3.8688178383745253,3.8688178383745253
748,Wes Morgan,3,13,0,0,0,0,0,0,0,0,S,Leicester,0,0,0.14461266994476318,0.14461266994476318
749,Christian Fuchs,9,703,0,0.07373147457838058,0,0.013015583157539368,4,1,4,0,D S,Leicester,0,0.07373147457838058,2.723851103335619,2.66554918885231
751,N&#039;Golo Kanté,30,2142,0,0.7004624530673027,2,1.206712644547224,10,22,7,0,M S,Chelsea,0,0.7004624530673027,10.102666012942791,8.441409684717655
762,Demarai Gray,1,17,0,0.05797205865383148,0,0,1,0,0,0,S,Leicester,0,0.05797205865383148,0.02703343704342842,0.02703343704342842
772,Moussa Sissoko,25,1563,0,0.24807330965995789,0,0.18440947122871876,3,4,3,0,D M S,Tottenham,0,0.24807330965995789,4.136225494556129,3.9269614992663264
780,Karl Darlow,25,2250,0,0,0,0,0,0,2,0,GK,Newcastle United,0,0,0.9974323827773333,0.9974323827773333
785,John Ruddy,2,91,0,0,0,0,0,0,0,0,GK S,Wolverhampton Wanderers,0,0,0,0
831,Fraser Forster,8,720,0,0,0,0,0,0,0,0,GK,Southampton,0,0,1.1139454767107964,1.1139454767107964
835,Ryan Bertrand,29,2600,0,0.374919967725873,1,1.395297447219491,8,13,5,0,D,Southampton,0,0.374919967725873,5.361662907525897,4.813895485363901
839,Shane Long,11,184,0,0.06422476656734943,0,0,2,0,0,0,F S,Southampton,0,0.06422476656734943,0.08692492172122002,0.06606833077967167
847,Cédric Soares,10,746,0,0.20354272704571486,1,0.8928054347634315,7,6,1,0,D S,Arsenal,0,0.20354272704571486,3.3355983961373568,2.9193570725619793
848,Charlie Austin,5,126,0,0.4129626452922821,0,0,3,0,0,0,S,West Bromwich Albion,0,0.4129626452922821,0.4129626452922821,0
856,Jack Butland,1,90,0,0,0,0,0,0,0,0,GK,Crystal Palace,0,0,0,0
857,Phil Bardsley,4,272,0,0.06341451406478882,0,0,3,0,2,0,D S,Burnley,0,0.06341451406478882,0.1266939826309681,0.10160527005791664
876,Fabian Delph,8,249,0,0.014957983046770096,0,0.054449012503027916,1,2,1,0,D M S,Everton,0,0.014957983046770096,1.060617944225669,1.0171574261039495
884,Matt Targett,38,3407,0,0.2803044756874442,2,2.799669211730361,6,39,7,0,D,Aston Villa,0,0.2803044756874442,9.610858652740717,8.203313463367522
885,Kyle Walker-Peters,30,2655,0,1.1350795272737741,2,1.2537511801347136,18,16,4,0,D,Southampton,0,1.1350795272737741,8.663987297564745,6.625143991783261
887,Erik Pieters,20,1259,0,0.15116792730987072,1,0.3636159598827362,4,5,1,0,D M S,Burnley,0,0.15116792730987072,1.9328867439180613,1.552714355289936
888,Xherdan Shaqiri,14,534,0,0.42472053691744804,2,2.510420076549053,11,19,2,0,F M S,Liverpool,0,0.42472053691744804,4.585736162960529,2.1229257490485907
910,Harrison Reed,31,2254,0,0.2909777192398906,2,1.6945231407880783,13,21,5,0,M S,Fulham,0,0.2909777192398906,7.142017270438373,6.308452454395592
934,Axel Tuanzebe,9,401,0,0,0,0,0,0,2,0,D S,Manchester United,0,0,1.078361839056015,1.078361839056015
971,Harry Winks,15,854,0,0.06147134490311146,0,0.18998101726174355,4,4,5,0,M S,Tottenham,0,0.06147134490311146,3.7452441714704037,3.6405233442783356
978,Sam Johnstone,37,3330,0,0,1,0.11011698096990585,0,1,1,0,GK,West Bromwich Albion,0,0,2.627215836197138,2.517098855227232
987,Joseph Gomez,7,594,0,0,0,0.06542927026748657,0,1,0,0,D S,Liverpool,0,0,2.0854201316833496,2.019990861415863
1013,Sam Field,3,56,0,0,0,0,0,0,0,0,S,West Bromwich Albion,0,0,0,0
1042,Tom Davies,25,1433,0,0.1774021964520216,1,0.9561843797564507,7,6,3,0,D M S,Everton,0,0.1774021964520216,3.188047233968973,2.6904863491654396
1084,Jonjoe Kenny,4,81,0,0,0,0,0,0,0,0,D S,Everton,0,0,0.24064451456069946,0.24064451456069946
1208,Felipe Anderson,2,2,0,0,0,0,0,0,0,0,S,West Ham,0,0,0.05036865919828415,0.05036865919828415
1245,Emerson,2,88,0,0,0,0,0,0,0,0,S,Chelsea,0,0,0,0
1304,Moise Kean,2,10,0,0.02234572172164917,0,0,1,0,0,0,S,Everton,0,0.02234572172164917,0.02234572172164917,0
1379,Allan,24,2051,0,0.2417211476713419,0,0.7722852285951376,7,16,6,0,M S,Everton,0,0.2417211476713419,9.109652698040009,8.36444772593677
1682,Islam Slimani,1,17,0,0.10036919265985489,0,0.07683446258306503,1,1,0,0,S,Leicester,0,0.10036919265985489,0.17720365524291992,0
1683,Ryan Fraser,18,920,0,0.9030798394232988,2,2.168529823422432,13,25,0,1,F M S,Newcastle United,0,0.9030798394232988,2.994263719767332,1.3422147808596492
1685,Ahmed Elmohamady,14,823,0,0.3412727639079094,0,0.9894664287567139,9,13,2,0,D S,Aston Villa,0,0.3412727639079094,2.426968083716929,1.610212274827063
1689,Jake Livermore,18,1247,0,0.28153711929917336,0,0.1757232453674078,5,5,2,1,M S,West Bromwich Albion,0,0.28153711929917336,2.1714075841009617,1.8604294564574957
1691,Robert Snodgrass,11,533,0,0.2063673846423626,0,0.5400325320661068,4,3,2,0,M S,"West Bromwich Albion,West Ham",0,0.2063673846423626,0.8308929689228535,0.16630877368152142
1699,Shkodran Mustafi,3,43,0,0,0,0,0,0,0,0,S,Arsenal,0,0,0.06472476571798325,0.06472476571798325
1719,Javier Manquillo,13,823,0,0.023161858320236206,0,0.2976967543363571,1,5,1,0,D S,Newcastle United,0,0.023161858320236206,1.4320279778912663,1.111169352196157
1735,Jack Stephens,18,1544,0,0.8943033330142498,0,0.45565636083483696,6,6,2,0,D M S,Southampton,0,0.8943033330142498,3.081087851896882,2.751403072848916
1739,Eric Bailly,12,916,0,0.08082257583737373,0,0,2,0,3,0,D S,Manchester United,0,0.08082257583737373,1.7967814281582832,1.7967814281582832
1747,Kevin Long,8,635,0,0.6100033670663834,0,0.017368044704198837,2,1,2,0,D S,Burnley,0,0.6100033670663834,0.502235908061266,0.502235908061266
1748,Lys Mousset,11,284,0,0.8426320925354958,0,0.43718888610601425,4,3,0,0,F S,Sheffield United,0,0.8426320925354958,1.540307693183422,0.26048676669597626
1749,Rob Holding,30,2548,0,0.7339209318161011,1,0.20068277791142464,14,4,2,0,D S,Arsenal,0,0.7339209318161011,7.403347596526146,7.163187839090824
1750,Ainsley Maitland-Niles,26,1719,0,0.7961910218000412,0,0.8219911437481642,12,6,2,0,D M S,"Arsenal,West Bromwich Albion",0,0.7961910218000412,5.9684741497039795,5.051884198561311
1760,Arthur Masuaku,12,1017,0,0.4290256863459945,2,2.595891861245036,6,11,2,0,D M,West Ham,0,0.4290256863459945,4.273891273885965,1.791139980778098
1785,Nampalys Mendy,23,1463,0,0.07761354930698872,1,0.18315523862838745,4,5,5,0,M S,Leicester,0,0.07761354930698872,3.4879585560411215,3.3244198374450207
1823,Lucas Digne,30,2683,0,0.46404311526566744,7,5.960716728121042,13,45,2,1,D M,Everton,0,0.46404311526566744,10.744329296052456,6.58903606235981
1828,Alex Telles,9,696,0,0.14523464627563953,2,0.7849509567022324,5,12,0,0,D S,Manchester United,0,0.14523464627563953,3.6260684728622437,3.524720549583435
2164,Pablo Hernández,16,403,0,1.4201896078884602,2,0.8602723628282547,15,6,1,0,M S,Leeds,0,1.4201896078884602,4.210413835477084,2.021953027229756
2190,Vicente Guaita,37,3330,0,0,0,0,0,0,2,0,GK,Crystal Palace,0,0,1.4324403442442417,1.4324403442442417
2254,Mateo Kovacic,27,1833,0,0.9314172859303653,1,1.9152584234252572,23,21,4,0,M S,Chelsea,0,0.9314172859303653,14.808724199421704,13.03579165134579
2259,Kiko Casilla,3,270,0,0,0,0,0,0,0,0,GK,Leeds,0,0,0.2695687487721443,0.2695687487721443
2280,Jonny,7,505,0,0.05170465260744095,0,0.050900813192129135,1,2,0,0,D,Wolverhampton Wanderers,0,0.05170465260744095,0.333493878133595,0.23088842164725065
2310,Alphonse Areola,36,3240,0,0,0,0,0,0,2,0,GK,Fulham,0,0,3.555330414324999,3.555330414324999
2328,Thomas Partey,24,1543,0,1.157276637852192,2,1.121044723317027,26,12,5,0,M S,Arsenal,0,1.157276637852192,7.274703525006771,5.8366045989096165
2383,André Gomes,28,1574,0,0.42712869960814714,1,1.0544508751481771,14,15,3,0,M S,Everton,0,0.42712869960814714,5.508419404737651,4.376286745071411
2385,Mat Ryan,14,1260,0,0,0,0.06032726913690567,0,1,1,0,GK,"Arsenal,Brighton",0,0,1.6561843641102314,1.6561843641102314
2446,Dani Ceballos,25,1613,0,0.6592579409480095,3,2.578971767798066,13,27,4,0,M S,Arsenal,0,0.6592579409480095,9.275826007127762,8.116632506251335
2498,Aymeric Laporte,16,1335,0,0.8423399478197098,0,0.5778953805565834,6,5,1,0,D S,Manchester City,0,0.8423399478197098,6.243810184299946,6.243810184299946
2958,Oleksandr Zinchenko,20,1473,0,0.6606592806056142,0,1.0854990985244513,16,15,0,0,D M S,Manchester City,0,0.6606592806056142,9.49437602981925,8.718509811908007
3231,Kamil Grosicki,3,151,0,0.10924907773733139,1,0.5663558542728424,3,3,0,0,M S,West Bromwich Albion,0,0.10924907773733139,0.16501346230506897,0.017962073907256126
3303,Ricardo Pereira,15,954,0,0.36339378356933594,1,0.7606745809316635,7,10,3,0,D M S,Leicester,0,0.36339378356933594,4.405820306390524,3.7367757447063923
3304,Maxime Le Marchand,2,118,0,0.009506329894065857,0,0,1,0,2,0,D S,Fulham,0,0.009506329894065857,0.24691654741764069,0.24691654741764069
3420,Fabinho,30,2563,0,0.36248932033777237,0,0.29806183092296124,10,4,6,0,D M S,Liverpool,0,0.36248932033777237,11.8080262131989,11.55500503256917
3696,Morgan Sanson,9,291,0,0.026357137598097324,0,0.10845217108726501,2,1,3,0,M S,Aston Villa,0,0.026357137598097324,0.30181363597512245,0.19336146488785744
3979,Ahmed Hegazy,1,90,0,0,0,0,0,0,0,0,D,West Bromwich Albion,0,0,0.18402814865112305,0.18402814865112305
4401,Emiliano Martinez,38,3420,0,0,0,0.1229233592748642,0,2,1,0,GK,Aston Villa,0,0,3.730909232981503,3.607985866256058
4764,Jean-Philippe Gbamin,1,9,0,0,0,0,0,0,0,0,S,Everton,0,0,0,0
4866,Aboubakar Kamara,11,303,0,0.6549202371388674,0,0.32896897941827774,4,6,1,1,F M S,Fulham,0,0.6549202371388674,1.1032148711383343,0.1823261920362711
4918,Patrick Cutrone,2,21,0,0.07145750522613525,0,0,1,0,0,0,S,Wolverhampton Wanderers,0,0.07145750522613525,0.07145750522613525,0
5061,Kepa,7,582,0,0,0,0,0,0,1,0,GK S,Chelsea,0,0,0.30502439849078655,0.30502439849078655
5245,Bernardo,3,201,0,0.31766778230667114,0,0.17365065217018127,4,2,0,0,D M S,Brighton,0,0.31766778230667114,0.27330002188682556,0.09216472506523132
5247,Naby Keita,10,525,0,0.39325888082385063,0,0.9129509925842285,9,6,1,0,M S,Liverpool,0,0.39325888082385063,3.590221043676138,2.329714197665453
5274,Michael Hector,4,266,0,0.08639734238386154,0,0.019498158246278763,1,1,2,0,D S,Fulham,0,0.08639734238386154,0.4653734043240547,0.44587526470422745
5552,Nick Pope,32,2880,0,0,0,0.08605048805475235,0,2,1,0,GK,Burnley,0,0,1.1779351308941841,1.0918846428394318
5562,Rekeem Harper,2,27,0,0.029595350846648216,0,0,1,0,0,0,S,West Bromwich Albion,0,0.029595350846648216,0.038211461156606674,0.008616110309958458
5569,Rhian Brewster,27,1102,0,1.9326180210337043,0,1.7666287925094366,25,11,1,0,F M S,Sheffield United,0,1.9326180210337043,3.9892929838970304,0.7244091304019094
5590,Tosin Adarabioyo,33,2955,0,1.5607313411310315,0,0.30873026326298714,18,5,1,0,D,Fulham,0,1.5607313411310315,5.666259252466261,5.6079717660322785
5603,Aaron Ramsdale,38,3420,0,0,0,0.07767162658274174,0,2,1,0,GK,Sheffield United,0,0,2.899687459692359,2.822015842422843
5708,Fernando Marçal,13,611,0,0.07455454580485821,0,0.13980726152658463,2,4,2,0,D M S,Wolverhampton Wanderers,0,0.07455454580485821,2.07963196747005,1.9003016464412212
5973,Kenny Tete,22,1483,0,0.21112635172903538,1,0.9065484516322613,7,19,3,0,D S,Fulham,0,0.21112635172903538,3.7439207769930363,2.755570685490966
6044,Charlie Taylor,29,2430,0,0.11451608128845692,1,1.5903598442673683,3,12,1,0,D S,Burnley,0,0.11451608128845692,4.609695740044117,4.19346784055233
6050,Davy Pröpper,7,201,0,0.13856251817196608,0,0,4,0,0,0,M S,Brighton,0,0.13856251817196608,0.26994941383600235,0.19422807544469833
6051,Dale Stephens,7,258,0,0.08226923830807209,0,0,3,0,1,0,M S,Burnley,0,0.08226923830807209,0.24124889820814133,0.1589796580374241
6054,Ederson,36,3240,0,0,1,0.3033580780029297,0,1,3,0,GK,Manchester City,0,0,7.629851099103689,7.326493043452501
6062,Isaac Hayden,24,1946,0,0.6148466067388654,0,0.24249647092074156,16,7,8,0,D M S,Newcastle United,0,0.6148466067388654,4.556474668905139,4.0891827661544085
6067,Terence Kongolo,1,90,0,0,0,0,0,0,0,0,D,Fulham,0,0,0.37357693910598755,0.37357693910598755
6122,Douglas Luiz,33,2807,0,1.3188335550948977,2,2.4181482968851924,26,19,8,1,M S,Aston Villa,0,1.3188335550948977,9.615895634517074,7.108103701844811
6162,Cengiz Ünder,9,259,0,0.2526032058522105,2,1.664034228771925,9,6,0,0,M S,Leicester,0,0.2526032058522105,2.688693110831082,1.0227039009332657
6231,José Izquierdo,1,7,0,0.01680678315460682,0,0,1,0,0,0,S,Brighton,0,0.01680678315460682,0.06661348789930344,0.04980670288205147
6249,Davinson Sánchez,18,1488,0,0.8006941750645638,0,0.02053021267056465,5,1,1,0,D S,Tottenham,0,0.8006941750645638,5.34808811545372,5.34808811545372
6273,Robin Koch,17,1124,0,0.5145197957754135,0,0.12580820359289646,9,4,1,0,D M S,Leeds,0,0.5145197957754135,4.6775881461799145,4.5231566950678825
6274,Andriy Yarmolenko,15,343,0,0.3100077696144581,1,0.7814441211521626,7,5,3,0,M S,West Ham,0,0.3100077696144581,1.4537306912243366,0.9313923269510269
6350,Jayson Molumby,1,1,0,0,0,0,0,0,0,0,S,Brighton,0,0,0,0
6369,Ethan Ampadu,25,2095,0,0.19445300102233887,0,0.9830160085111856,7,11,3,0,D M S,Sheffield United,0,0.19445300102233887,3.26227830350399,2.9991700667887926
6377,Joe Rodon,12,730,0,0.018329372629523277,0,0,1,0,0,0,D S,Tottenham,0,0.018329372629523277,1.4196595326066017,1.4196595326066017
6418,Hamza Choudhury,10,312,0,0.44779783114790916,0,0,4,0,1,0,M S,Leicester,0,0.44779783114790916,2.327858991920948,1.9456675946712494
6434,Franck Zambo,36,2582,0,1.4385464852675796,3,2.301115034148097,34,28,6,0,M S,Fulham,0,1.4385464852675796,8.766743932850659,6.624086673371494
6477,Cenk Tosun,5,37,0,0,0,0.07407927513122559,0,1,2,0,S,Everton,0,0,0.10806649923324585,0.033987220376729965
6492,Reiss Nelson,2,59,0,0.056917089968919754,0,0,1,0,0,0,S,Arsenal,0,0.056917089968919754,0.34803973510861397,0.2911226451396942
6504,Michael Obafemi,4,52,0,0,0,0.0549185536801815,0,1,0,0,S,Southampton,0,0,0.14890268631279469,0.14890268631279469
6532,Martin Dubravka,13,1170,0,0,0,0,0,0,0,0,GK,Newcastle United,0,0,2.120249611325562,2.120249611325562
6736,Ibrahima Diallo,22,999,0,0.6084523275494576,0,0.6375493090599775,7,9,3,0,M S,Southampton,0,0.6084523275494576,3.302306402474642,2.5710457675158978
6822,Lee Peltier,4,230,0,0,0,0.022321734577417374,0,1,1,0,D S,West Bromwich Albion,0,0,0.17831582203507423,0.15599408745765686
6840,Neeskens Kebano,5,112,0,0.2724298546090722,0,0,6,0,0,0,M S,Fulham,0,0.2724298546090722,0.24167165253311396,0.020527511835098267
6842,Alireza Jahanbakhsh,21,512,0,1.8732194174081087,1,3.2342965975403786,18,10,3,0,D F M S,Brighton,0,1.8732194174081087,5.389569176360965,2.52194894105196
6843,David Button,1,90,0,0,0,0,0,0,0,0,GK,West Bromwich Albion,0,0,0,0
6849,Rui Patrício,37,3330,0,0,0,0,0,0,1,0,GK,Wolverhampton Wanderers,0,0,1.2272866610437632,1.2272866610437632
6852,Matt Doherty,17,1228,0,0.3638824336230755,2,0.7646760381758213,3,11,2,1,D M S,Tottenham,0,0.3638824336230755,4.369955110363662,3.785172172822058
6856,Rúben Vinagre,2,173,0,0,0,0,0,0,0,0,D S,Wolverhampton Wanderers,0,0,0.17874661833047867,0.17874661833047867
6875,Rúnar Alex Rúnarsson,1,11,0,0,0,0,0,0,0,0,S,Arsenal,0,0,0,0
6880,Edouard Mendy,31,2748,0,0,0,0,0,0,2,0,GK,Chelsea,0,0,4.780523473396897,4.780523473396897
6923,Mohammed Salisu,12,836,0,0.47843165323138237,0,0.17215737327933311,4,2,1,0,D S,Southampton,0,0.47843165323138237,2.2042923234403133,2.1540722399950027
6932,Okay Yokuslu,16,1328,0,0.7194971535354853,1,0.44252058677375317,12,6,4,0,M S,West Bromwich Albion,0,0.7194971535354853,2.787972804158926,2.3611945174634457
6962,Robin Olsen,7,630,0,0,0,0,0,0,1,0,GK,Everton,0,0,0.8195910453796387,0.8195910453796387
7077,Denis Odoi,3,270,0,0.04002567008137703,0,0.050192393362522125,2,1,1,0,D,Fulham,0,0.04002567008137703,0.4257061406970024,0.3856804743409157
7078,Sean Longstaff,22,1391,0,0.8264288203790784,1,0.9400976076722145,15,13,2,0,M S,Newcastle United,0,0.8264288203790784,3.0005824575200677,1.707065629772842
7184,Tim Ream,7,630,0,0,0,0,0,0,0,0,D,Fulham,0,0,0.8088049665093422,0.8088049665093422
7187,Sergio Reguilón,27,2258,0,1.1595538258552551,3,2.0991002712398767,20,17,5,0,D M S,Tottenham,0,1.1595538258552551,8.529953263700008,6.114481773227453
7280,Yan Valery,3,95,0,0.2929137125611305,0,0.09160998463630676,2,1,0,0,D S,Southampton,0,0.2929137125611305,0.47032806277275085,0.17741435766220093
7298,Ben White,36,3208,0,0.47921818122267723,0,0.9432324087247252,10,8,3,1,D M,Brighton,0,0.47921818122267723,8.348605416715145,7.907715395092964
7326,Kayne Ramsay,1,90,0,0,0,0,0,0,1,0,D,Southampton,0,0,0.016576746478676796,0.016576746478676796
7332,Max Kilman,18,1291,0,0.30801636539399624,1,0.31305786967277527,6,5,4,0,D S,Wolverhampton Wanderers,0,0.30801636539399624,2.029524303972721,1.8352278247475624
7376,Ozan Kabak,9,807,0,0.08602816611528397,0,0.029386911541223526,1,1,3,0,D,Liverpool,0,0.08602816611528397,1.8639117367565632,1.8639117367565632
7383,Josh Benson,6,257,0,0.20441411435604095,0,0,2,0,0,0,M S,Burnley,0,0.20441411435604095,0.15730134770274162,0.13246959820389748
7459,Will Norris,2,180,0,0,0,0.0476219616830349,0,1,0,0,GK,Burnley,0,0,0.09335120767354965,0.045729245990514755
7589,Wesley Fofana,28,2274,0,1.3763294033706188,0,0.28285554237663746,11,6,7,0,D S,Leicester,0,1.3763294033706188,7.294468946754932,7.199470266699791
7689,Ben Godfrey,31,2682,0,0.793114734813571,2,0.9784832503646612,14,4,4,0,D S,Everton,0,0.793114734813571,5.5503826308995485,4.866148514673114
7691,Jamal Lewis,24,1824,0,0.11957662552595139,1,0.9897835236042738,3,14,4,0,D S,Newcastle United,0,0.11957662552595139,4.688646201044321,3.727763444185257
7702,Dean Henderson,13,1122,0,0,0,0,0,0,3,0,GK S,Manchester United,0,0,1.2811798937618732,1.2811798937618732
7703,John Egan,31,2628,0,0.4912481810897589,1,0.6186049580574036,14,3,7,1,D S,Sheffield United,0,0.4912481810897589,4.387040738016367,3.74502813257277
7704,Chris Basham,31,2602,0,0.6195667274296284,1,1.066536583006382,10,12,5,0,D M,Sheffield United,0,0.6195667274296284,7.368293838575482,6.053649365901947
7705,Jack O&#039;Connell,2,180,0,0,0,0,0,0,0,0,D,Sheffield United,0,0,0,0
7706,George Baldock,32,2787,0,1.3314112480729818,2,2.632589429616928,14,18,7,0,D,Sheffield United,0,1.3314112480729818,6.6181700471788645,4.469508331269026
7707,Enda Stevens,30,2700,0,1.4472226575016975,1,1.6097385678440332,16,17,6,0,D M,Sheffield United,0,1.4472226575016975,8.229206578806043,6.430095486342907
7708,John Lundstram,28,2034,0,1.8757738769054413,2,1.4599024429917336,20,20,8,1,M S,Sheffield United,0,1.114605039358139,7.169211085885763,5.258822595700622
7709,John Fleck,31,2576,0,0.5031575364992023,2,2.3917014515027404,17,33,4,0,M S,Sheffield United,0,0.5031575364992023,6.435383677482605,4.761176446452737
7710,Oliver Norwood,32,2239,0,0.4300555307418108,0,1.26629189401865,11,32,6,0,M S,Sheffield United,0,0.4300555307418108,5.095911327749491,4.403652200475335
7724,Wesley,3,14,0,0.03288218751549721,0,0,1,0,0,0,S,Aston Villa,0,0.03288218751549721,0.11823534592986107,0.08535315841436386
7817,Zack Steffen,1,90,0,0,0,0,0,0,0,0,GK,Manchester City,0,0,0.34973475337028503,0.34973475337028503
7904,Caoimhin Kelleher,2,180,0,0,0,0,0,0,0,0,GK,Liverpool,0,0,0.44792696833610535,0.44792696833610535
7983,Daniel N&#039;Lundulu,13,82,0,0.026467276737093925,0,0.03030879609286785,1,1,0,0,S,Southampton,0,0.026467276737093925,0.05677607282996178,0.026467276737093925
7988,Billy Gilmour,5,256,0,0.05113431066274643,0,0.12365835532546043,1,3,0,0,M S,Chelsea,0,0.05113431066274643,0.5436719954013824,0.4064304232597351
8016,Matthew Longstaff,5,376,0,0,0,0.3137078955769539,0,2,0,0,M S,Newcastle United,0,0,0.4224841073155403,0.10877621918916702
8040,Marvelous Nakamba,13,757,0,0.03308352828025818,0,0.05933398939669132,2,2,3,0,M S,Aston Villa,0,0.03308352828025818,0.8930098544806242,0.8114342261105776
8045,Eric Garcia,6,378,0,0.07463662326335907,0,0.008322987705469131,2,1,0,0,D S,Manchester City,0,0.07463662326335907,0.8594759479165077,0.7848393097519875
8075,Brandon Williams,4,185,0,0.2694491744041443,0,0.031206071376800537,1,1,0,0,D S,Manchester United,0,0.2694491744041443,1.0782470107078552,0.8087978959083557
8109,Niels Nkounkou,2,80,0,0.016959821805357933,0,0,1,0,1,0,D S,Everton,0,0.016959821805357933,0.030957642942667007,0.013997821137309074
8127,Amad Diallo Traore,3,172,0,0.035897817462682724,1,0.42318102717399597,1,2,0,0,M S,Manchester United,0,0.035897817462682724,0.8719339668750763,0.4128551185131073
8150,Anthony Gordon,3,87,0,0,0,0.01913999207317829,0,1,0,0,M S,Everton,0,0,0.18850479647517204,0.18850479647517204
8158,Scott Carson,1,90,0,0,0,0,0,0,0,0,GK,Manchester City,0,0,0,0
8180,Owen Otasowie,6,186,0,0.745342324487865,1,0.38876858353614807,4,2,1,0,M S,Wolverhampton Wanderers,0,0.745342324487865,1.38275361713022,0.30153314489871264
8204,Neco Williams,6,252,0,0.08622520789504051,0,0.19339871406555176,2,3,1,0,D S,Liverpool,0,0.08622520789504051,1.0746421925723553,0.7950182408094406
8222,Japhet Tanganga,6,496,0,0.20077668502926826,0,0.5815756916999817,2,1,2,0,D,Tottenham,0,0.20077668502926826,1.399339895695448,0.8177642039954662
8224,William Smallbone,3,174,0,0.046092383563518524,0,0,1,0,0,0,M S,Southampton,0,0.046092383563518524,0.18661439046263695,0.14052199944853783
8227,Oskar Buur,1,20,0,0,0,0,0,0,0,0,S,Wolverhampton Wanderers,0,0,0,0
8286,Jack Robinson,11,879,0,0.6963971685618162,1,0.6712545156478882,6,1,3,0,D S,Sheffield United,0,0.6963971685618162,1.9710005428642035,1.9456607177853584
8323,Josh Brownhill,33,2818,0,1.518221689388156,1,0.8824939671903849,34,19,2,0,M S,Burnley,0,1.518221689388156,5.99607403203845,4.790278086438775
8351,Ki-Jana Hoever,12,568,0,0.057456035166978836,0,0.18425296619534492,1,3,1,0,D S,Wolverhampton Wanderers,0,0.057456035166978836,1.2225440330803394,1.020937990397215
8366,João Virgínia,1,48,0,0,0,0,0,0,0,0,S,Everton,0,0,0,0
8380,Pablo Marí,10,900,0,0.0405227430164814,0,0.05424394831061363,2,1,2,0,D,Arsenal,0,0.0405227430164814,3.6049745827913284,3.590738072991371
8482,Bailey Peacock-Farrell,4,360,0,0,0,0,0,0,0,0,GK,Burnley,0,0,0.007730923593044281,0.007730923593044281
8493,Jake Vokins,1,69,0,0,0,0.03704096004366875,0,1,0,0,D,Southampton,0,0,0.17254392802715302,0.13550297915935516
8511,Alexandre Jankewitz,2,2,0,0,0,0,0,0,0,1,M S,Southampton,0,0,0.09200882166624069,0.09200882166624069
8566,Joel Mumbongo,4,33,0,0,0,0,0,0,1,0,S,Burnley,0,0,0,0
8704,Marek Rodák,2,180,0,0,0,0,0,0,0,0,GK,Fulham,0,0,0.020527511835098267,0.020527511835098267
8715,Illan Meslier,35,3150,0,0,0,0.042197324335575104,0,1,0,0,GK,Leeds,0,0,5.9292939798906446,5.88709666300565
8716,Luke Ayling,38,3400,0,1.4397504469379783,0,2.9888541754335165,24,26,7,0,D M,Leeds,0,1.4397504469379783,14.196261551231146,11.884364245925099
8721,Jamie Shackleton,13,446,0,0,0,0.12087768502533436,0,2,0,0,D M S,Leeds,0,0,2.1937082447111607,2.1937082447111607
8723,Ian Poveda-Ocampo,14,322,0,0.6604137122631073,0,1.2583120367489755,5,5,0,0,S,Leeds,0,0.6604137122631073,2.0228553167544305,0.10412959195673466
8756,Dara O&#039;Shea,28,2098,0,0.06425278820097446,0,0.11929176840931177,3,5,3,0,D S,West Bromwich Albion,0,0.06425278820097446,1.8983053835108876,1.8384410347789526
8757,Romaine Sawyers,19,1495,0,0.1499063465744257,0,0.6822901219129562,4,6,3,0,M S,West Bromwich Albion,0,0.1499063465744257,1.843244545161724,1.1865131705999374
8758,Kyle Edwards,5,110,0,0.11881578713655472,0,0.021378837525844574,2,1,0,0,M S,West Bromwich Albion,0,0.11881578713655472,0.19228214025497437,0.05208751931786537
8777,Vitinha,19,500,0,0.6649113791063428,1,0.7201349353417754,8,12,0,0,M S,Wolverhampton Wanderers,0,0.6649113791063428,1.9456948544830084,1.4773436542600393
8852,Konstantinos Tsimikas,2,4,0,0,0,0,0,0,0,0,S,Liverpool,0,0,0,0
8864,Matthew Cash,28,2389,0,0.24789143819361925,2,1.90566261485219,9,21,6,1,D,Aston Villa,0,0.24789143819361925,6.5916025741025805,5.0334595097228885
8868,Liam Delap,1,39,0,0.06408517062664032,0,0,1,0,0,0,S,Manchester City,0,0.06408517062664032,0.06408517062664032,0
8905,Conor Townsend,25,2237,0,0.8228233018890023,2,2.648506863042712,11,23,0,0,D M,West Bromwich Albion,0,0.8228233018890023,6.1198229771107435,3.7857370637357235
8918,Max Lowe,8,554,0,0.08675811626017094,0,0.18749843537807465,2,2,1,0,D S,Sheffield United,0,0.08675811626017094,1.304746650159359,1.0304901078343391
8919,Leif Davis,2,28,0,0,0,0,0,0,0,0,S,Leeds,0,0,0.2329990118741989,0.2329990118741989
8940,Antonee Robinson,28,2158,0,0.46774907410144806,0,2.032745026051998,10,29,4,1,D M S,Fulham,0,0.46774907410144806,7.802951233461499,6.3960442235693336
8941,Jacob Ramsey,22,593,0,0.5745489113032818,0,0.21190830320119858,11,6,0,0,M S,Aston Villa,0,0.5745489113032818,2.227643296122551,1.6948828250169754
8965,Vladimir Coufal,34,3056,0,1.3991486802697182,7,6.389942045323551,15,45,3,0,D M,West Ham,0,1.3991486802697182,14.980883304029703,8.57749655842781
8966,Filip Krovinovic,11,537,0,0.2156818900257349,0,0.17187480628490448,8,5,0,0,M S,West Bromwich Albion,0,0.2156818900257349,0.6958095971494913,0.4774555675685406
9082,Lewis Richardson,2,2,0,0,0,0,0,0,0,0,S,Burnley,0,0,0,0
9086,Rhys Williams,9,661,0,0.5532400980591774,0,0.22220534086227417,7,2,0,0,D S,Liverpool,0,0.5532400980591774,2.306015744805336,2.1871695667505264
9098,Robert Sánchez,27,2430,0,0,0,0.025614948943257332,0,1,2,0,GK,Brighton,0,0,3.148130476474762,3.12251552939415
9099,Andi Zeqiri,9,138,0,1.0259475894272327,0,0.11249309778213501,7,1,0,0,S,Brighton,0,1.0259475894272327,0.8297773823142052,0.485275536775589
9154,Elliot Anderson,1,3,0,0,0,0,0,0,0,0,S,Newcastle United,0,0,0,0
9209,Theo Corbeanu,1,7,0,0,0,0.023469822481274605,0,1,0,0,S,Wolverhampton Wanderers,0,0,0.023469822481274605,0
9219,Niall Huggins,1,35,0,0,0,0,0,0,0,0,S,Leeds,0,0,0.42923617362976074,0.42923617362976074
9222,Antwoine Hackford,1,4,0,0.1034446656703949,0,0,1,0,0,0,S,Sheffield United,0,0.1034446656703949,0.11183098703622818,0.008386322297155857
9249,Percy Tau,3,100,0,0,1,0.36736540123820305,0,3,0,0,M S,Brighton,0,0,0.44251905381679535,0.08582673128694296
9250,Reda Khadra,1,3,0,0,0,0,0,0,0,0,S,Brighton,0,0,0,0
9256,Caleb Watts,3,30,0,0,0,0,0,0,1,0,S,Southampton,0,0,0,0
9257,Allan Tchaptchet,1,10,0,0,0,0,0,0,0,0,S,Southampton,0,0,0,0
9284,Jakub Moder,12,643,0,0.9168107472360134,0,0.205124169588089,13,3,0,0,D M S,Brighton,0,0.9168107472360134,1.8570123128592968,1.1862611919641495
9307,Iliman Ndiaye,1,10,0,0,0,0,0,0,0,0,S,Sheffield United,0,0,0,0
9311,Thakgalo Leshabela,1,8,0,0,0,0,0,0,0,0,S,Leicester,0,0,1.0024657249450684,1.0024657249450684
9332,Dane Scarlett,1,1,0,0,0,0,0,0,0,0,S,Tottenham,0,0,0,0
9356,Carney Chukwuemeka,2,16,0,0.05604390427470207,0,0,1,0,0,0,S,Aston Villa,0,0.05604390427470207,0.05604390427470207,0
9359,Shola Shoretire,2,4,0,0,0,0,0,0,0,0,S,Manchester United,0,0,0,0
9395,Sidnei Tavares,2,84,0,0.02079845406115055,0,0,1,0,0,0,M S,Leicester,0,0.02079845406115055,0.02079845406115055,0
9406,Nathan Broadhead,1,1,0,0,0,0,0,0,0,0,S,Everton,0,0,0,0
9415,Jaden Philogene-Bidace,1,1,0,0,0,0,0,0,0,0,S,Aston Villa,0,0,0.05604390427470207,0.05604390427470207
9423,Gaetano Berardi,2,113,0,0.07476061582565308,0,0,1,0,0,0,D S,Leeds,0,0.07476061582565308,0.2312779352068901,0.2312779352068901
9540,Femi Seriki,1,1,0,0,0,0,0,0,0,0,S,Sheffield United,0,0,0,0
9552,Tyrese Francois,1,13,0,0,0,0,0,0,0,0,S,Fulham,0,0,0,0
9557,William Fish,1,1,0,0,0,0,0,0,0,0,S,Manchester United,0,0,0,0
9558,Hannibal Mejbri,1,3,0,0,0,0,0,0,0,0,S,Manchester United,0,0,0,0
