id,event_id
301038339,1
301038339,1
301038339,1
301038339,1
301038339,1
301038339,1
301038339,1
1475524684,1
1475524684,1
1475524684,1
1475524684,1
1475524684,1
1475524684,1
1475524684,1
2036897618,2
336246484,2
1372839298,3
1372839298,3
1372839298,3
1372839298,3
1372839298,3
978322590,4
978322590,4
978322590,4
978322590,4
978322590,4
1572252644,3
1572252644,3
2077205137,5
403196518,4
509587597,6
1962550717,7
1962550717,7
1962550717,7
1962550717,7
1962550717,7
1962550717,7
1886599927,5
1886599927,5
1886599927,5
1886599927,5
1886599927,5
1886599927,5
604657066,6
604657066,6
497476041,8
497476041,8
854361320,9
854361320,9
854361320,9
854361320,9
854361320,9
854361320,9
959833686,10
959833686,10
959833686,10
959833686,10
959833686,10
1460827261,11
1460827261,11
1460827261,11
1460827261,11
1460827261,11
834406608,12
834406608,12
834406608,12
834406608,12
834406608,12
834406608,12
2031924877,7
2031924877,7
250341070,13
285450208,8
285450208,8
285450208,8
1077590418,14
1077590418,14
1902724460,15
1902724460,15
1902724460,15
1902724460,15
1902724460,15
1902724460,15
1902724460,15
1902724460,15
1902724460,15
1902724460,15
601422702,9
601422702,9
388925951,16
388925951,16
2091682449,10
2091682449,10
2091682449,10
2091682449,10
2091682449,10
2091682449,10
2091682449,10
2091682449,10
1539485140,11
1539485140,11
1539485140,11
1539485140,11
1539485140,11
1539485140,11
1539485140,11
462919396,746
1275093897,946
303742790,17
2060892907,12
366689877,18
2005113393,13
2005113393,13
2005113393,13
2005113393,13
2005113393,13
1664446624,19
939036380,21
939036380,21
939036380,21
939036380,21
939036380,21
1469946305,15
1469946305,15
1469946305,15
1469946305,15
1469946305,15
1469946305,15
1469946305,15
1461307624,16
1461307624,16
1461307624,16
1461307624,16
1461307624,16
1461307624,16
1589845946,22
220466501,17
220466501,17
220466501,17
220466501,17
220466501,17
220466501,17
1697913679,18
1697913679,18
490231060,23
490231060,23
12102114,19
12102114,19
12102114,19
12102114,19
12102114,19
12102114,19
12102114,19
12102114,19
12102114,19
1015256624,24
1015256624,24
1015256624,24
1015256624,24
295641990,25
2144302873,26
1967987119,20
1967987119,20
1967987119,20
1967987119,20
1967987119,20
1967987119,20
2022602955,21
2022602955,21
2022602955,21
2022602955,21
2022602955,21
2022602955,21
472177798,27
472177798,27
793536122,29
793536122,29
793536122,29
793536122,29
793536122,29
1742052007,30
1742052007,30
1742052007,30
1742052007,30
1742052007,30
80450362,31
80450362,31
80450362,31
80450362,31
80450362,31
80450362,31
80450362,31
80450362,31
314747611,32
1298408416,22
1595680844,23
1595680844,23
1595680844,23
1595680844,23
1595680844,23
1595680844,23
1595680844,23
1299585667,33
1299585667,33
1299585667,33
1299585667,33
1299585667,33
1299585667,33
1505032819,24
538765048,35
936802981,36
936802981,36
936802981,36
936802981,36
936802981,36
936802981,36
182011009,25
182011009,25
182011009,25
182011009,25
182011009,25
406961680,26
406961680,26
406961680,26
406961680,26
406961680,26
1194724928,27
1528184869,37
555219374,38
555219374,38
555219374,38
555219374,38
555219374,38
555219374,38
555219374,38
2094952152,39
2094952152,39
2094952152,39
2094952152,39
2094952152,39
2094952152,39
2094952152,39
44899211,40
44899211,40
44899211,40
44899211,40
44899211,40
885659690,41
885659690,41
885659690,41
885659690,41
885659690,41
885659690,41
518668571,42
518668571,42
518668571,42
518668571,42
518668571,42
518668571,42
1235880162,43
1235880162,43
1235880162,43
1235880162,43
1235880162,43
336125635,44
336125635,44
336125635,44
336125635,44
336125635,44
230064450,45
230064450,45
585332326,28
585332326,28
1529072867,46
1529072867,46
1529072867,46
1529072867,46
1529072867,46
1529072867,46
2089186162,47
2089186162,47
2089186162,47
2089186162,47
2089186162,47
1939383553,48
1939383553,48
1939383553,48
1939383553,48
1939383553,48
260611790,49
260611790,49
260611790,49
260611790,49
260611790,49
260611790,49
2066194055,30
1956742430,50
1430638227,31
1430638227,31
1430638227,31
1430638227,31
1430638227,31
1209909164,32
1209909164,32
1703836376,51
1703836376,51
43858802,33
43858802,33
43858802,33
43858802,33
43858802,33
43858802,33
1481717182,34
1481717182,34
1481717182,34
1481717182,34
1481717182,34
397450712,35
397450712,35
397450712,35
397450712,35
397450712,35
397450712,35
397450712,35
1810578898,36
737829320,52
420398240,53
420398240,53
420398240,53
420398240,53
420398240,53
420398240,53
1062360231,38
1062360231,38
1062360231,38
1062360231,38
1062360231,38
1062360231,38
1536241112,39
2119399928,54
1348385067,55
1348385067,55
1348385067,55
1348385067,55
1348385067,55
1348385067,55
1348385067,55
995603365,56
995603365,56
995603365,56
995603365,56
995603365,56
448383030,57
448383030,57
448383030,57
448383030,57
448383030,57
448383030,57
448383030,57
688904243,58
688904243,58
688904243,58
688904243,58
688904243,58
628065001,59
628065001,59
628065001,59
628065001,59
628065001,59
775667543,60
1499524182,40
1753343029,41
1753343029,41
324952362,61
55859269,42
1308467263,62
1063863581,63
1063863581,63
1063863581,63
1063863581,63
1063863581,63
1063863581,63
481981492,64
481981492,64
481981492,64
481981492,64
481981492,64
4580005,65
4580005,65
4580005,65
4580005,65
4580005,65
850543009,66
850543009,66
850543009,66
850543009,66
850543009,66
794474124,43
1129764675,45
1129764675,45
1129764675,45
1129764675,45
1129764675,45
1428247109,46
1428247109,46
1428247109,46
1428247109,46
1428247109,46
620887006,47
620887006,47
620887006,47
620887006,47
620887006,47
992326078,48
992326078,48
992326078,48
992326078,48
992326078,48
531000320,49
531000320,49
531000320,49
531000320,49
531000320,49
813802984,67
819946894,69
819946894,69
819946894,69
819946894,69
819946894,69
1299683729,70
1299683729,70
1299683729,70
1299683729,70
1299683729,70
1299683729,70
2019854504,71
2019854504,71
2019854504,71
2019854504,71
2019854504,71
2019854504,71
913634667,50
913634667,50
456099812,51
1737374689,72
872392872,73
872392872,73
872392872,73
872392872,73
872392872,73
872392872,73
613470535,74
419252646,53
419252646,53
419252646,53
419252646,53
419252646,53
1507490432,54
1507490432,54
1507490432,54
1507490432,54
1507490432,54
1601347722,75
1601347722,75
1601347722,75
1601347722,75
1601347722,75
1294342647,77
1294342647,77
1294342647,77
1294342647,77
1294342647,77
551235434,55
155506381,78
155506381,78
155506381,78
155506381,78
155506381,78
1021621217,79
1021621217,79
1021621217,79
1021621217,79
1021621217,79
1955193845,80
1941812258,56
1941812258,56
1941812258,56
1941812258,56
1941812258,56
1941812258,56
1314053770,82
1314053770,82
1314053770,82
1314053770,82
1314053770,82
1226289254,57
792787699,83
829353398,58
829353398,58
829353398,58
829353398,58
829353398,58
1173948855,59
1173948855,59
1173948855,59
1173948855,59
1173948855,59
207237746,60
1454666890,84
257599234,85
257599234,85
257599234,85
257599234,85
257599234,85
257599234,85
377735090,86
377735090,86
377735090,86
377735090,86
377735090,86
1031715032,87
1031715032,87
1031715032,87
1031715032,87
1031715032,87
1031715032,87
1031715032,87
252252667,61
252252667,61
980540733,62
980540733,62
980540733,62
980540733,62
980540733,62
228156747,88
228156747,88
14056962,89
1484074119,90
1484074119,90
1484074119,90
1484074119,90
1484074119,90
1484074119,90
955662646,91
955662646,91
955662646,91
955662646,91
955662646,91
528023878,92
528023878,92
528023878,92
528023878,92
528023878,92
588290001,93
588290001,93
588290001,93
588290001,93
588290001,93
1721282561,64
1721282561,64
1721282561,64
1721282561,64
1721282561,64
953148607,65
953148607,65
953148607,65
953148607,65
953148607,65
1154161549,95
1945607898,94
1945607898,94
1945607898,94
274813648,338
549841929,66
549841929,66
549841929,66
549841929,66
549841929,66
549841929,66
156594926,67
156594926,67
156594926,67
156594926,67
156594926,67
1952627130,68
1952627130,68
1952627130,68
1952627130,68
1952627130,68
856244000,69
1491956628,70
1491956628,70
463352760,96
463352760,96
98293985,97
98293985,97
98293985,97
98293985,97
98293985,97
98293985,97
98293985,97
98293985,97
438058955,98
438058955,98
438058955,98
438058955,98
438058955,98
460660138,99
1982113972,71
198265932,73
198265932,73
198265932,73
198265932,73
198265932,73
2065675214,74
2065675214,74
2065675214,74
2065675214,74
2065675214,74
2065675214,74
2065675214,74
2065675214,74
376914314,100
770205960,101
1259162345,75
1485338051,102
1485338051,102
1485338051,102
1485338051,102
1485338051,102
1485338051,102
14608193,103
14608193,103
14608193,103
14608193,103
14608193,103
174014887,104
174014887,104
174014887,104
174014887,104
174014887,104
174014887,104
174014887,104
641763697,105
560158052,76
560158052,76
560158052,76
560158052,76
560158052,76
560158052,76
1630520430,78
1630520430,78
1630520430,78
1630520430,78
1630520430,78
2130678887,106
1933130061,108
1933130061,108
1933130061,108
1933130061,108
1933130061,108
1925045084,109
1925045084,109
1925045084,109
1925045084,109
1925045084,109
1566805701,79
296897913,110
997380127,111
997380127,111
997380127,111
997380127,111
997380127,111
1819486599,112
1819486599,112
1819486599,112
1819486599,112
1819486599,112
1724106165,113
1724106165,113
1724106165,113
1724106165,113
1724106165,113
648884000,114
648884000,114
648884000,114
648884000,114
648884000,114
648884000,114
786721847,80
1208509367,82
1208509367,82
1208509367,82
1208509367,82
1208509367,82
194388577,83
194388577,83
194388577,83
194388577,83
194388577,83
194388577,83
1191010256,84
1191010256,84
1191010256,84
1191010256,84
1191010256,84
1191010256,84
1570178462,85
1570178462,85
1570178462,85
1570178462,85
1570178462,85
1570178462,85
1559943757,115
1559943757,115
1539557246,116
1539557246,116
1049016547,87
1049016547,87
70023834,117
70023834,117
70023834,117
490038393,88
490038393,88
490038393,88
490038393,88
490038393,88
490038393,88
490038393,88
490038393,88
490038393,88
490038393,88
302756872,118
302756872,118
332814626,89
332814626,89
332814626,89
332814626,89
332814626,89
332814626,89
332814626,89
332814626,89
332814626,89
127731300,119
81906409,120
81906409,120
81906409,120
81906409,120
81906409,120
81906409,120
81906409,120
663347353,90
2005862229,91
666040684,121
334214063,92
334214063,92
334214063,92
334214063,92
334214063,92
334214063,92
41422942,93
41422942,93
41422942,93
41422942,93
41422942,93
41422942,93
1078719567,95
1078719567,95
1078719567,95
1078719567,95
1078719567,95
671053294,96
671053294,96
671053294,96
671053294,96
671053294,96
1416629195,97
1416629195,97
1416629195,97
1416629195,97
1416629195,97
565398685,98
565398685,98
565398685,98
565398685,98
565398685,98
565398685,98
565398685,98
565398685,98
565398685,98
565398685,98
1656726920,99
1656726920,99
1656726920,99
1656726920,99
1656726920,99
1656726920,99
1656726920,99
1656726920,99
1656726920,99
1656726920,99
1656726920,99
1476614211,122
1476614211,122
1491387857,100
1491387857,100
444926315,123
444926315,123
444926315,123
1146427554,101
1146427554,101
1146427554,101
1146427554,101
1146427554,101
1146427554,101
1146427554,101
1146427554,101
1146427554,101
1146427554,101
181502301,124
181502301,124
181502301,124
1935116268,102
1935116268,102
1049860115,125
1049860115,125
1049860115,125
1898430673,103
1898430673,103
1898430673,103
1898430673,103
1898430673,103
1898430673,103
1898430673,103
1898430673,103
1898430673,103
1898430673,103
73393245,126
73393245,126
1253677563,128
1253677563,128
1253677563,128
1253677563,128
1253677563,128
1253677563,128
1970206135,104
1970206135,104
1970206135,104
1970206135,104
1970206135,104
1970206135,104
874211238,105
874211238,105
874211238,105
874211238,105
874211238,105
874211238,105
352035851,129
352035851,129
352035851,129
352035851,129
352035851,129
352035851,129
500325386,131
500325386,131
500325386,131
500325386,131
500325386,131
500325386,131
500325386,131
631124742,106
631124742,106
631124742,106
631124742,106
631124742,106
631124742,106
723134681,132
1556462866,107
1004546740,133
974508058,108
974508058,108
974508058,108
974508058,108
974508058,108
974508058,108
209710456,109
209710456,109
209710456,109
209710456,109
209710456,109
1196137388,134
1624460600,136
1624460600,136
1624460600,136
1624460600,136
1624460600,136
86067954,137
86067954,137
86067954,137
86067954,137
86067954,137
204966059,138
204966059,138
204966059,138
204966059,138
204966059,138
1275386725,139
1275386725,139
1275386725,139
1275386725,139
1275386725,139
1971855011,140
1971855011,140
1971855011,140
1971855011,140
1971855011,140
1659305463,141
1659305463,141
1659305463,141
1659305463,141
1659305463,141
1140460626,142
1140460626,142
1140460626,142
1140460626,142
1140460626,142
1517560949,143
1517560949,143
1517560949,143
1517560949,143
1517560949,143
1509537773,144
1509537773,144
1509537773,144
1509537773,144
1509537773,144
518938827,145
518938827,145
518938827,145
518938827,145
518938827,145
106661028,110
195840478,146
195840478,146
195840478,146
195840478,146
195840478,146
1097949733,147
1097949733,147
1097949733,147
1097949733,147
1097949733,147
613826252,148
613826252,148
613826252,148
613826252,148
613826252,148
1580500168,149
1580500168,149
1580500168,149
1580500168,149
1580500168,149
2050064322,150
2050064322,150
2050064322,150
2050064322,150
2050064322,150
2050064322,150
2058513789,111
32701194,151
468845329,112
468845329,112
468845329,112
468845329,112
468845329,112
468845329,112
468845329,112
1760118111,113
1760118111,113
1760118111,113
1760118111,113
1760118111,113
1760118111,113
1760118111,113
1037222755,152
323243019,153
323243019,153
323243019,153
323243019,153
323243019,153
492112987,114
492112987,114
492112987,114
492112987,114
492112987,114
824481017,115
824481017,115
824481017,115
824481017,115
824481017,115
824481017,115
744166608,116
744166608,116
744166608,116
744166608,116
744166608,116
2116305958,117
2116305958,117
2116305958,117
2116305958,117
2116305958,117
2116305958,117
2116305958,117
1607099434,118
1607099434,118
1607099434,118
1607099434,118
1607099434,118
495867568,119
495867568,119
495867568,119
495867568,119
495867568,119
1271670414,120
1271670414,120
1271670414,120
1271670414,120
1271670414,120
1939211074,121
1939211074,121
1939211074,121
1939211074,121
1939211074,121
1939211074,121
1939211074,121
950154919,122
950154919,122
950154919,122
950154919,122
950154919,122
950154919,122
950154919,122
1098124663,155
1098124663,155
1098124663,155
1098124663,155
1098124663,155
1641218023,156
1641218023,156
1641218023,156
1641218023,156
1641218023,156
2028625074,157
2028625074,157
2028625074,157
2028625074,157
2028625074,157
2028625074,157
1516270634,123
1516270634,123
1516270634,123
1516270634,123
1516270634,123
1516270634,123
1559702888,124
1559702888,124
1559702888,124
1559702888,124
1559702888,124
1559702888,124
1559702888,124
1366168925,125
1366168925,125
1366168925,125
1366168925,125
1366168925,125
827835522,159
827835522,159
827835522,159
827835522,159
827835522,159
112540874,160
112540874,160
112540874,160
112540874,160
112540874,160
112540874,160
1940596431,126
1987029779,127
1545479702,161
1626226691,162
1626226691,162
1626226691,162
1626226691,162
1626226691,162
1626226691,162
2141797834,128
2141797834,128
2141797834,128
2141797834,128
2141797834,128
2141797834,128
1913698023,163
1913698023,163
1913698023,163
1913698023,163
1913698023,163
1913698023,163
78992742,164
78992742,164
78992742,164
78992742,164
78992742,164
1505833003,165
1505833003,165
1505833003,165
1505833003,165
1505833003,165
1680833919,166
1680833919,166
1680833919,166
1680833919,166
1680833919,166
1680833919,166
931300034,167
931300034,167
931300034,167
931300034,167
931300034,167
1103825975,168
1103825975,168
1103825975,168
1103825975,168
1103825975,168
1697513057,169
1697513057,169
1697513057,169
1697513057,169
1697513057,169
1697513057,169
1538573844,171
1538573844,171
1538573844,171
1538573844,171
1538573844,171
1907077994,172
1907077994,172
1907077994,172
1907077994,172
1907077994,172
1077988419,173
1077988419,173
1077988419,173
1077988419,173
1077988419,173
830592423,174
830592423,174
830592423,174
830592423,174
830592423,174
402403229,175
402403229,175
402403229,175
402403229,175
402403229,175
951722263,176
951722263,176
951722263,176
951722263,176
951722263,176
1613049288,177
1613049288,177
1613049288,177
1613049288,177
1613049288,177
552150580,178
552150580,178
552150580,178
552150580,178
552150580,178
1908559085,179
1908559085,179
1908559085,179
1908559085,179
1908559085,179
1189359338,180
1189359338,180
1189359338,180
1189359338,180
1189359338,180
1189359338,180
1189359338,180
1189359338,180
1189359338,180
816041166,132
816041166,132
816041166,132
816041166,132
735248836,181
735248836,181
735248836,181
735248836,181
735248836,181
735248836,181
735248836,181
735248836,181
735248836,181
735248836,181
735248836,181
735248836,181
735248836,181
2057780110,129
2057780110,129
2057780110,129
2057780110,129
2057780110,129
2057780110,129
1017529101,131
1017529101,131
1017529101,131
1017529101,131
1017529101,131
267244075,182
229501877,184
229501877,184
229501877,184
229501877,184
229501877,184
229501877,184
710203122,185
710203122,185
710203122,185
710203122,185
710203122,185
1210056247,186
1210056247,186
1210056247,186
1210056247,186
1210056247,186
1174944871,187
1174944871,187
1174944871,187
1174944871,187
1174944871,187
1081526551,188
1081526551,188
1081526551,188
1081526551,188
1081526551,188
329859783,189
329859783,189
329859783,189
329859783,189
329859783,189
203564853,190
203564853,190
203564853,190
203564853,190
203564853,190
713996960,191
713996960,191
713996960,191
713996960,191
713996960,191
1766937145,192
1766937145,192
1766937145,192
1766937145,192
1766937145,192
1551188965,193
1551188965,193
1551188965,193
1551188965,193
1551188965,193
1187539289,194
1187539289,194
1187539289,194
1187539289,194
1187539289,194
319073881,195
319073881,195
319073881,195
319073881,195
319073881,195
733681563,196
733681563,196
733681563,196
733681563,196
733681563,196
733681563,196
299921382,197
299921382,197
299921382,197
299921382,197
299921382,197
547998605,198
547998605,198
547998605,198
547998605,198
547998605,198
1612776908,133
1575664112,199
626392620,200
1434965453,134
1434965453,134
1230789148,135
1230789148,135
317428922,136
1101830254,201
1210724631,202
1210724631,202
1210724631,202
1210724631,202
1210724631,202
1210724631,202
1189602036,203
1189602036,203
1189602036,203
1189602036,203
1189602036,203
1791445553,137
1248375145,204
1502636086,205
1502636086,205
1502636086,205
1502636086,205
1502636086,205
1502636086,205
1532484618,138
1532484618,138
1532484618,138
1532484618,138
792500699,206
792500699,206
792500699,206
792500699,206
792500699,206
792500699,206
792500699,206
792500699,206
792500699,206
792500699,206
792500699,206
792500699,206
737611050,141
737611050,141
737611050,141
737611050,141
737611050,141
737611050,141
737611050,141
1008096681,207
1008096681,207
1008096681,207
1008096681,207
1008096681,207
1008096681,207
541400723,209
541400723,209
541400723,209
541400723,209
541400723,209
541400723,209
860491740,210
860491740,210
860491740,210
860491740,210
860491740,210
1975797824,211
1975797824,211
1975797824,211
1975797824,211
1975797824,211
1522015765,212
1522015765,212
1522015765,212
1522015765,212
1522015765,212
1860973236,213
1860973236,213
1860973236,213
1860973236,213
1860973236,213
319226832,214
319226832,214
319226832,214
319226832,214
319226832,214
319226832,214
1620462110,143
1620462110,143
1620462110,143
1620462110,143
1620462110,143
1012944265,144
1012944265,144
1012944265,144
1012944265,144
1012944265,144
743420671,145
743420671,145
743420671,145
743420671,145
743420671,145
2067333194,146
2067333194,146
2067333194,146
2067333194,146
2067333194,146
1798944165,147
1798944165,147
1798944165,147
1798944165,147
1798944165,147
411727345,148
411727345,148
411727345,148
411727345,148
411727345,148
673632382,149
673632382,149
673632382,149
673632382,149
673632382,149
1883531011,150
1883531011,150
1883531011,150
1883531011,150
1883531011,150
1228798319,151
1228798319,151
1228798319,151
1228798319,151
1228798319,151
1228798319,151
1228798319,151
2105119984,215
188222866,217
188222866,217
188222866,217
188222866,217
188222866,217
188222866,217
188222866,217
55877198,218
55877198,218
55877198,218
55877198,218
55877198,218
1497696090,219
1497696090,219
1497696090,219
1497696090,219
1497696090,219
1497696090,219
1497696090,219
1497696090,219
1497696090,219
2061450821,220
2061450821,220
2061450821,220
2061450821,220
2061450821,220
2061450821,220
2061450821,220
2061450821,220
2061450821,220
2061450821,220
2061450821,220
255400486,152
1186919289,221
70725420,154
70725420,154
70725420,154
70725420,154
70725420,154
70725420,154
70725420,154
1409651196,223
1409651196,223
1711850829,155
1711850829,155
1303193312,156
1303193312,156
1303193312,156
1303193312,156
1303193312,156
1303193312,156
1303193312,156
1303193312,156
1019035943,224
1019035943,224
613489024,225
613489024,225
613489024,225
613489024,225
613489024,225
613489024,225
613489024,225
953047255,226
953047255,226
953047255,226
953047255,226
953047255,226
531763065,227
531763065,227
531763065,227
531763065,227
531763065,227
531763065,227
1395702071,157
1395702071,157
1831702329,228
1831702329,228
2099247455,229
2099247455,229
2099247455,229
2099247455,229
2099247455,229
2099247455,229
2099247455,229
2099247455,229
1709223883,230
1564442003,159
1564442003,159
1564442003,159
1564442003,159
1564442003,159
1564442003,159
1564442003,159
1226045466,160
1226045466,160
1226045466,160
1226045466,160
1226045466,160
1226045466,160
541439608,232
541439608,232
541439608,232
541439608,232
541439608,232
541439608,232
541439608,232
1189071834,233
1189071834,233
1189071834,233
1189071834,233
1189071834,233
168869614,234
168869614,234
168869614,234
168869614,234
168869614,234
486969603,235
486969603,235
486969603,235
486969603,235
486969603,235
486969603,235
1004059045,236
1004059045,236
1004059045,236
1004059045,236
1004059045,236
1177486075,237
1177486075,237
1177486075,237
1177486075,237
1177486075,237
921757665,238
921757665,238
921757665,238
921757665,238
921757665,238
2063001924,239
2063001924,239
2063001924,239
2063001924,239
2063001924,239
367493627,240
367493627,240
367493627,240
367493627,240
367493627,240
1730858516,241
1730858516,241
1730858516,241
1730858516,241
1730858516,241
568075787,242
568075787,242
568075787,242
568075787,242
568075787,242
243720648,243
243720648,243
243720648,243
243720648,243
243720648,243
1448472939,244
1448472939,244
1448472939,244
1448472939,244
1448472939,244
950507286,245
950507286,245
950507286,245
950507286,245
950507286,245
950507286,245
100024952,246
100024952,246
100024952,246
100024952,246
100024952,246
1863568309,247
1863568309,247
1863568309,247
1863568309,247
1863568309,247
1658785665,161
1658785665,161
1658785665,161
1658785665,161
1658785665,161
1658785665,161
897318916,248
897318916,248
897318916,248
897318916,248
897318916,248
897318916,248
454181712,162
944378231,249
188325284,164
188325284,164
188325284,164
188325284,164
188325284,164
423388071,165
423388071,165
1064131147,250
1064131147,250
287074895,166
287074895,166
287074895,166
287074895,166
287074895,166
287074895,166
287074895,166
287074895,166
947231332,251
947231332,251
379297265,167
379297265,167
379297265,167
379297265,167
379297265,167
379297265,167
379297265,167
379297265,167
379297265,167
2114705049,252
2114705049,252
1145589126,168
1145589126,168
1510542955,253
1510542955,253
1510542955,253
688866670,169
688866670,169
688866670,169
688866670,169
688866670,169
688866670,169
688866670,169
688866670,169
688866670,169
688866670,169
919470769,254
919470769,254
452589749,255
452589749,255
452589749,255
452589749,255
452589749,255
452589749,255
452589749,255
158828531,170
588556842,256
1358147588,171
594164751,172
594164751,172
594164751,172
594164751,172
594164751,172
143855024,173
143855024,173
143855024,173
143855024,173
143855024,173
143855024,173
720181400,174
720181400,174
720181400,174
720181400,174
720181400,174
950899887,175
950899887,175
1322871308,257
1322871308,257
1583316549,258
1583316549,258
1583316549,258
1583316549,258
1583316549,258
1583316549,258
1583316549,258
409862150,259
409862150,259
409862150,259
409862150,259
409862150,259
1554174283,260
1554174283,260
1554174283,260
1554174283,260
1554174283,260
1554174283,260
1002464993,261
1002464993,261
1002464993,261
1002464993,261
1002464993,261
880073713,262
880073713,262
880073713,262
880073713,262
880073713,262
1035388782,263
1035388782,263
1035388782,263
1035388782,263
1035388782,263
1646832388,264
1646832388,264
1646832388,264
1646832388,264
1646832388,264
1402517340,265
1402517340,265
1402517340,265
1402517340,265
1402517340,265
883318812,266
883318812,266
883318812,266
883318812,266
883318812,266
833036610,267
833036610,267
833036610,267
833036610,267
833036610,267
833036610,267
1688570016,176
1688570016,176
1403657169,177
1335753633,269
1335753633,269
1335753633,269
1335753633,269
1335753633,269
39795444,270
39795444,270
39795444,270
39795444,270
39795444,270
1259208738,271
1259208738,271
1259208738,271
1259208738,271
1259208738,271
437458369,272
437458369,272
437458369,272
437458369,272
437458369,272
1944992354,273
1944992354,273
1944992354,273
1944992354,273
1944992354,273
1944992354,273
927041223,274
927041223,274
927041223,274
927041223,274
927041223,274
423710576,275
423710576,275
423710576,275
423710576,275
423710576,275
391913898,178
391913898,178
2089348328,276
2089348328,276
466029051,277
466029051,277
466029051,277
466029051,277
466029051,277
466029051,277
921099934,278
921099934,278
921099934,278
921099934,278
921099934,278
1788129356,279
1788129356,279
1788129356,279
1788129356,279
1788129356,279
1788129356,279
766701593,280
766701593,280
766701593,280
766701593,280
766701593,280
766701593,280
2102290970,281
2102290970,281
2102290970,281
2102290970,281
2102290970,281
477096460,283
477096460,283
477096460,283
477096460,283
477096460,283
477096460,283
1668402153,284
1668402153,284
1668402153,284
1668402153,284
1668402153,284
741764053,285
741764053,285
741764053,285
741764053,285
741764053,285
2004611462,286
680662600,179
938479993,181
938479993,181
938479993,181
938479993,181
938479993,181
2004969719,182
2004969719,182
2004969719,182
2004969719,182
2004969719,182
159826535,183
159826535,183
159826535,183
159826535,183
159826535,183
446718163,184
446718163,184
446718163,184
446718163,184
446718163,184
446718163,184
446718163,184
541977981,287
541977981,287
9790960,185
72549157,289
1742381588,290
1742381588,290
1742381588,290
1742381588,290
1742381588,290
1742381588,290
419165642,186
419165642,186
1997131529,291
1997131529,291
1997131529,291
1997131529,291
1997131529,291
1997131529,291
1997131529,291
1997131529,291
1997131529,291
975173351,187
1475204365,292
1507845488,293
1507845488,293
1507845488,293
1507845488,293
1507845488,293
1507845488,293
1471329272,294
1471329272,294
1471329272,294
1471329272,294
1471329272,294
988244289,295
988244289,295
988244289,295
988244289,295
988244289,295
988244289,295
988244289,295
764942439,188
1970142897,296
1970142897,296
1970142897,296
1970142897,296
1970142897,296
1970142897,296
1970142897,296
1970142897,296
1970142897,296
1970142897,296
1970142897,296
1970142897,296
1613970188,189
1613970188,189
1613970188,189
1613970188,189
1613970188,189
2125615376,190
2125615376,190
2125615376,190
2125615376,190
2125615376,190
2125615376,190
981722526,191
981722526,191
981722526,191
981722526,191
981722526,191
2059312814,192
2059312814,192
2059312814,192
2059312814,192
2059312814,192
2062461536,193
2062461536,193
2062461536,193
2062461536,193
2062461536,193
289981133,194
289981133,194
289981133,194
289981133,194
289981133,194
148122284,195
148122284,195
148122284,195
148122284,195
148122284,195
148122284,195
904709746,298
904709746,298
904709746,298
904709746,298
904709746,298
904709746,298
44526656,299
44526656,299
44526656,299
44526656,299
44526656,299
1174882169,300
1174882169,300
1174882169,300
1174882169,300
1174882169,300
1174882169,300
1174882169,300
119729189,196
119729189,196
119729189,196
119729189,196
119729189,196
119729189,196
1918652816,197
1803234786,301
511921966,302
511921966,302
511921966,302
511921966,302
511921966,302
511921966,302
511921966,302
1021119853,303
1021119853,303
1021119853,303
1021119853,303
1021119853,303
1869896542,304
1869896542,304
1869896542,304
1869896542,304
1869896542,304
667433634,305
667433634,305
667433634,305
667433634,305
667433634,305
667433634,305
667433634,305
325284502,198
325284502,198
1276929606,306
1276929606,306
1276929606,306
1276929606,306
1276929606,306
1276929606,306
1276929606,306
1834542289,199
1834542289,199
1834542289,199
1564137152,307
1564137152,307
47533804,308
47533804,308
47533804,308
47533804,308
47533804,308
47533804,308
47533804,308
47533804,308
47533804,308
47533804,308
1489492170,200
1489492170,200
882171979,309
882171979,309
882171979,309
882171979,309
882171979,309
1822982184,310
1822982184,310
1822982184,310
1822982184,310
1822982184,310
1822982184,310
1822982184,310
1832287709,202
1832287709,202
1832287709,202
1832287709,202
1832287709,202
1832287709,202
1832287709,202
32453976,203
32453976,203
32453976,203
32453976,203
32453976,203
1900014861,312
1900014861,312
1900014861,312
1900014861,312
1900014861,312
1822846366,205
1958857644,313
1958857644,313
1958857644,313
1958857644,313
1958857644,313
1958857644,313
1323570130,314
1323570130,314
1323570130,314
1323570130,314
1323570130,314
1323570130,314
1323570130,314
687738786,204
687738786,204
687738786,204
687738786,204
687738786,204
687738786,204
687738786,204
775757814,315
775757814,315
775757814,315
775757814,315
775757814,315
1763608821,316
1763608821,316
1763608821,316
1763608821,316
1763608821,316
1763608821,316
439111448,317
439111448,317
439111448,317
439111448,317
439111448,317
1248115385,318
1248115385,318
1248115385,318
1248115385,318
1248115385,318
821186597,319
821186597,319
821186597,319
821186597,319
821186597,319
130298566,207
130298566,207
130298566,207
130298566,207
130298566,207
130298566,207
1286778514,208
1286778514,208
1286778514,208
1286778514,208
1286778514,208
1286778514,208
1286778514,208
587378281,209
1831394016,320
1530874076,321
1530874076,321
1530874076,321
1530874076,321
1530874076,321
1530874076,321
1530874076,321
271016027,210
271016027,210
271016027,210
271016027,210
271016027,210
271016027,210
1994783265,322
731289544,323
731289544,323
731289544,323
731289544,323
731289544,323
1100059117,324
1100059117,324
1100059117,324
1100059117,324
1100059117,324
161943446,325
161943446,325
161943446,325
161943446,325
161943446,325
69899003,326
69899003,326
69899003,326
69899003,326
69899003,326
69899003,326
676143975,327
676143975,327
676143975,327
676143975,327
676143975,327
1278902674,328
1278902674,328
1278902674,328
1278902674,328
1278902674,328
1278902674,328
887895812,329
887895812,329
887895812,329
887895812,329
887895812,329
555534886,330
555534886,330
555534886,330
555534886,330
555534886,330
555534886,330
1812177625,211
1812177625,211
1812177625,211
1812177625,211
1812177625,211
46776396,331
46776396,331
46776396,331
46776396,331
46776396,331
1774944751,212
2144306678,332
2144306678,332
2144306678,332
2144306678,332
2144306678,332
1979385330,213
1979385330,213
1979385330,213
1979385330,213
1979385330,213
2067695120,214
2067695120,214
2067695120,214
2067695120,214
2067695120,214
180903403,333
180903403,333
1594496777,215
1347416586,334
1289180790,216
1508101466,217
1508101466,217
1508101466,217
1508101466,217
1508101466,217
1508101466,217
1851854805,218
939448715,335
1520483762,336
1520483762,336
1520483762,336
1520483762,336
1520483762,336
1520483762,336
246209517,338
246209517,338
246209517,338
246209517,338
246209517,338
1496066730,339
1496066730,339
1496066730,339
1496066730,339
1496066730,339
1277217640,219
405641657,340
405641657,340
405641657,340
405641657,340
405641657,340
1780805120,221
203352065,220
203352065,220
1320738308,341
1320738308,341
1264589321,222
1264589321,222
1264589321,222
1264589321,222
1264589321,222
1264589321,222
1264589321,222
1264589321,222
1238836662,223
1238836662,223
1466595701,342
1466595701,342
74624225,224
74624225,224
74624225,224
74624225,224
74624225,224
74624225,224
1485615771,225
1485615771,225
1485615771,225
1485615771,225
1485615771,225
1218582414,226
1218582414,226
1218582414,226
1218582414,226
1218582414,226
26760640,227
26760640,227
26760640,227
26760640,227
26760640,227
26760640,227
26760640,227
190646645,343
190646645,343
190646645,343
1876334697,228
1876334697,228
850956192,344
850956192,344
315903950,345
315903950,345
315903950,345
315903950,345
315903950,345
315903950,345
441003996,346
441003996,346
441003996,346
441003996,346
441003996,346
1483176238,347
1483176238,347
1483176238,347
1483176238,347
1483176238,347
1676676352,348
1676676352,348
1676676352,348
1676676352,348
1676676352,348
1676676352,348
1676676352,348
2106135356,230
2106135356,230
2106135356,230
2106135356,230
2106135356,230
2106135356,230
2106135356,230
2106135356,230
104960799,349
104960799,349
104960799,349
104960799,349
104960799,349
104960799,349
82325580,351
82325580,351
82325580,351
82325580,351
82325580,351
1525594988,231
1250922769,233
1250922769,233
1250922769,233
1250922769,233
1250922769,233
1559754026,352
2012905155,354
2012905155,354
2012905155,354
2012905155,354
2012905155,354
960560663,356
960560663,356
960560663,356
960560663,356
960560663,356
1943217500,357
1943217500,357
1943217500,357
1943217500,357
1943217500,357
1751531760,358
1751531760,358
1751531760,358
1751531760,358
1751531760,358
1751531760,358
1751531760,358
699928330,359
699928330,359
699928330,359
699928330,359
699928330,359
300543443,360
300543443,360
300543443,360
300543443,360
300543443,360
2119872464,361
2119872464,361
2119872464,361
2119872464,361
2119872464,361
1221148242,363
1221148242,363
1221148242,363
1221148242,363
1221148242,363
171874727,364
171874727,364
171874727,364
171874727,364
171874727,364
493274573,365
493274573,365
493274573,365
493274573,365
493274573,365
1411146994,366
1411146994,366
1411146994,366
1411146994,366
1411146994,366
1396573511,367
1396573511,367
1396573511,367
1396573511,367
1396573511,367
1674818154,368
1674818154,368
1674818154,368
1674818154,368
1674818154,368
392775919,369
392775919,369
392775919,369
392775919,369
392775919,369
1206639729,370
1206639729,370
1206639729,370
1206639729,370
1206639729,370
1206639729,370
505416063,371
505416063,371
505416063,371
505416063,371
505416063,371
505416063,371
505416063,371
714596081,372
1782638046,234
5682197,235
5682197,235
2123242994,236
2123242994,236
2123242994,236
2123242994,236
2123242994,236
2123242994,236
2123242994,236
499956598,373
499956598,373
967051747,237
967051747,237
967051747,237
967051747,237
967051747,237
1315010515,238
1315010515,238
1315010515,238
1315010515,238
1315010515,238
1315010515,238
1315010515,238
877976728,239
877976728,239
877976728,239
877976728,239
877976728,239
877976728,239
877976728,239
1595122209,240
1595122209,240
1595122209,240
1595122209,240
1595122209,240
507662401,374
1904164257,241
1904164257,241
1904164257,241
1904164257,241
1904164257,241
1332594265,242
1332594265,242
1332594265,242
1332594265,242
1332594265,242
2119776786,375
2042601249,243
1514866682,376
499459024,378
499459024,378
206253666,244
206253666,244
1135786342,379
1135786342,379
1135786342,379
1135786342,379
1135786342,379
1135786342,379
1135786342,379
1135786342,379
1731994458,245
1947981628,380
800235036,246
800235036,246
2085294972,381
2085294972,381
2085294972,381
2085294972,381
2085294972,381
2085294972,381
1195395012,247
1195395012,247
1195395012,247
1195395012,247
1195395012,247
1195395012,247
1074731889,248
1031494780,382
1162100101,383
1162100101,383
1162100101,383
1162100101,383
1162100101,383
1162100101,383
1043301497,385
1043301497,385
1043301497,385
1043301497,385
1043301497,385
1243463976,386
1243463976,386
1243463976,386
1243463976,386
1243463976,386
1062142984,387
1062142984,387
1062142984,387
1062142984,387
1062142984,387
1135689177,388
1135689177,388
1135689177,388
1135689177,388
1135689177,388
28716664,389
28716664,389
28716664,389
28716664,389
28716664,389
1641668186,390
1641668186,390
1641668186,390
1641668186,390
1641668186,390
321674239,250
321674239,250
321674239,250
321674239,250
321674239,250
321674239,250
321674239,250
389148565,391
389148565,391
389148565,391
389148565,391
389148565,391
389148565,391
621272893,393
621272893,393
621272893,393
621272893,393
621272893,393
621272893,393
621272893,393
1921650554,251
2040450181,394
811032722,252
811032722,252
811032722,252
811032722,252
811032722,252
811032722,252
1595691757,253
1595691757,253
1595691757,253
1595691757,253
1595691757,253
943560418,254
943560418,254
943560418,254
943560418,254
943560418,254
943560418,254
1856964453,395
1856964453,395
1856964453,395
1856964453,395
1856964453,395
1856964453,395
1299367328,255
1299367328,255
1299367328,255
1299367328,255
1299367328,255
1299367328,255
1582888678,396
1582888678,396
1582888678,396
1582888678,396
1582888678,396
1582888678,396
1272879562,397
1988361037,256
324560074,257
1343917086,399
1343917086,399
1343917086,399
1343917086,399
1343917086,399
1343917086,399
1343917086,399
1343917086,399
1343917086,399
1336575206,400
1336575206,400
1336575206,400
1336575206,400
1336575206,400
1336575206,400
1336575206,400
1336575206,400
1336575206,400
1336575206,400
1336575206,400
1053720048,258
1439817820,401
1706409843,259
1706409843,259
1706409843,259
1706409843,259
1706409843,259
1706409843,259
1706409843,259
487937546,402
487937546,402
487937546,402
487937546,402
487937546,402
487937546,402
2056620402,260
2056620402,260
2056620402,260
2056620402,260
2056620402,260
2056620402,260
897110568,403
897110568,403
897110568,403
897110568,403
897110568,403
897110568,403
1167298265,404
350356007,405
48235101,261
1261508007,262
1261508007,262
1261508007,262
1261508007,262
1261508007,262
1261508007,262
168818126,263
168818126,263
168818126,263
168818126,263
168818126,263
168818126,263
168818126,263
320505497,264
2115554429,406
992869228,407
700593611,409
700593611,409
700593611,409
700593611,409
700593611,409
416680992,410
416680992,410
416680992,410
416680992,410
416680992,410
254157384,411
254157384,411
254157384,411
254157384,411
254157384,411
254157384,411
2010246832,265
1167672830,266
1428381161,412
1428381161,412
1428381161,412
1428381161,412
1428381161,412
2089549394,414
2089549394,414
2089549394,414
2089549394,414
2089549394,414
1423400416,268
1423400416,268
1423400416,268
1423400416,268
1423400416,268
1211163213,269
1211163213,269
1211163213,269
1211163213,269
1211163213,269
1211163213,269
2117217550,415
1120888231,270
1925986190,416
1925986190,416
1925986190,416
1925986190,416
1925986190,416
1925986190,416
227564803,418
227564803,418
227564803,418
227564803,418
227564803,418
1898735255,419
1898735255,419
1898735255,419
1898735255,419
1898735255,419
2025571178,420
2025571178,420
2025571178,420
2025571178,420
2025571178,420
1858618756,421
1858618756,421
1858618756,421
1858618756,421
1858618756,421
1858618756,421
1858618756,421
1861272582,423
1529494144,271
1788787562,422
1788787562,422
1788787562,422
1788787562,422
1788787562,422
1547561223,272
482156012,273
482156012,273
482156012,273
1249362493,424
1249362493,424
1196773876,425
1196773876,425
1196773876,425
1196773876,425
1196773876,425
1196773876,425
1196773876,425
1196773876,425
1196773876,425
1196773876,425
246331637,426
246331637,426
246331637,426
246331637,426
246331637,426
246331637,426
246331637,426
246331637,426
246331637,426
246331637,426
246331637,426
246331637,426
1580407891,274
1580407891,274
1580407891,274
1580407891,274
1580407891,274
1825307565,275
1825307565,275
1825307565,275
1825307565,275
1825307565,275
706842521,276
706842521,276
706842521,276
706842521,276
706842521,276
1356965171,277
1356965171,277
1356965171,277
1356965171,277
1356965171,277
1372968908,278
1372968908,278
1372968908,278
1372968908,278
1372968908,278
1372968908,278
1372968908,278
576017159,279
576017159,279
576017159,279
576017159,279
576017159,279
576017159,279
1939451778,280
1939451778,280
1565376632,427
1565376632,427
801200155,281
801200155,281
801200155,281
801200155,281
801200155,281
801200155,281
801200155,281
801200155,281
801200155,281
1717068313,428
1717068313,428
176481654,429
176481654,429
1639922852,430
1639922852,430
758991606,431
758991606,431
758991606,431
758991606,431
758991606,431
758991606,431
1479703654,282
1201154641,432
1531560767,283
1531560767,283
1531560767,283
1531560767,283
1531560767,283
2095725311,284
2095725311,284
2095725311,284
2095725311,284
2095725311,284
1372520461,285
1372520461,285
1372520461,285
1372520461,285
1372520461,285
1372520461,285
1372520461,285
1846898022,286
1846898022,286
1846898022,286
1846898022,286
1846898022,286
1846898022,286
1846898022,286
1846898022,286
1846898022,286
577148968,287
577148968,287
577148968,287
577148968,287
577148968,287
577148968,287
577148968,287
577148968,287
577148968,287
577148968,287
577148968,287
1931778808,433
1931778808,433
1931778808,433
1931778808,433
1931778808,433
1526889775,434
1526889775,434
1526889775,434
1526889775,434
1526889775,434
520880662,435
520880662,435
520880662,435
520880662,435
520880662,435
373576123,436
373576123,436
373576123,436
373576123,436
373576123,436
1159881057,437
1159881057,437
1159881057,437
1159881057,437
1159881057,437
1414744037,438
1414744037,438
1414744037,438
1414744037,438
1414744037,438
1414744037,438
1414744037,438
1716932205,439
1914633486,288
827285578,289
827285578,289
827285578,289
827285578,289
827285578,289
827285578,289
900385639,290
900385639,290
900385639,290
900385639,290
900385639,290
1148702480,291
1148702480,291
1148702480,291
1148702480,291
1148702480,291
470171252,292
470171252,292
470171252,292
470171252,292
470171252,292
470171252,292
470171252,292
1265534339,293
1162070189,440
392182493,442
392182493,442
392182493,442
392182493,442
392182493,442
143823717,295
143823717,295
143823717,295
143823717,295
143823717,295
143823717,295
143823717,295
1753558683,444
1753558683,444
1753558683,444
1753558683,444
1753558683,444
1753558683,444
1753558683,444
1722226420,445
1722226420,445
752619227,296
752619227,296
1600117552,297
1600117552,297
1600117552,297
1600117552,297
1600117552,297
1600117552,297
1600117552,297
1600117552,297
1671486347,446
1671486347,446
435883177,298
435883177,298
996847691,447
996847691,447
996847691,447
996847691,447
996847691,447
996847691,447
996847691,447
996847691,447
1813765267,299
1813765267,299
1322632298,300
1322632298,300
1322632298,300
1322632298,300
1322632298,300
1322632298,300
1648193948,301
1648193948,301
1648193948,301
1648193948,301
1648193948,301
1648193948,301
172337573,448
19334078,449
19334078,449
19334078,449
19334078,449
19334078,449
1696712513,302
1696712513,302
1696712513,302
1696712513,302
1696712513,302
358449185,303
358449185,303
358449185,303
358449185,303
358449185,303
887591214,304
887591214,304
887591214,304
887591214,304
887591214,304
824534505,450
824534505,450
370319906,305
370319906,305
99560365,306
99560365,306
99560365,306
99560365,306
99560365,306
99560365,306
1613272827,307
1613272827,307
1613272827,307
1613272827,307
1613272827,307
1665007172,308
1665007172,308
1665007172,308
1665007172,308
1665007172,308
1123781808,309
1123781808,309
1123781808,309
1123781808,309
1123781808,309
1974537940,310
1974537940,310
1974537940,310
1974537940,310
1974537940,310
560444013,311
560444013,311
560444013,311
560444013,311
560444013,311
1494048873,312
1494048873,312
1494048873,312
1494048873,312
1494048873,312
510510628,451
1412352601,453
1412352601,453
1412352601,453
1412352601,453
1412352601,453
1412352601,453
1412352601,453
1412352601,453
710355579,313
1559626099,319
576918636,454
1283349389,314
1580341387,315
807702076,455
1237320458,316
1237320458,316
1237320458,316
1237320458,316
1237320458,316
1237320458,316
875413968,456
875413968,456
875413968,456
875413968,456
875413968,456
875413968,456
1104154716,458
1889400491,317
1889400491,317
1889400491,317
1889400491,317
1889400491,317
1349177001,318
1349177001,318
914261882,459
914261882,459
109685618,320
109685618,320
410132541,460
410132541,460
410132541,460
410132541,460
410132541,460
410132541,460
86446837,461
86446837,461
86446837,461
86446837,461
86446837,461
343782200,321
343782200,321
1258055880,462
1258055880,462
1125670232,322
1125670232,322
583989744,463
583989744,463
583989744,463
583989744,463
583989744,463
583989744,463
1071836679,323
1666840475,464
579349093,324
579349093,324
579349093,324
579349093,324
579349093,324
579349093,324
579349093,324
254580757,325
254580757,325
118678484,465
118678484,465
750270757,326
750270757,326
750270757,326
750270757,326
750270757,326
750270757,326
750270757,326
750270757,326
1920641568,327
1920641568,327
465919079,468
465919079,468
66188518,469
66188518,469
66188518,469
66188518,469
66188518,469
66188518,469
66188518,469
66188518,469
1820576884,328
1820576884,328
1820576884,328
1820576884,328
1820576884,328
1820576884,328
462881881,329
462881881,329
462881881,329
462881881,329
462881881,329
462881881,329
804260774,331
804260774,331
804260774,331
804260774,331
804260774,331
369665009,332
369665009,332
369665009,332
369665009,332
369665009,332
369665009,332
963274428,470
963274428,470
963274428,470
963274428,470
963274428,470
963274428,470
141583297,472
141583297,472
141583297,472
141583297,472
141583297,472
141583297,472
1616601830,474
1616601830,474
1616601830,474
1616601830,474
1616601830,474
1616601830,474
1616601830,474
1616601830,474
1540365057,475
1540365057,475
1540365057,475
1540365057,475
1540365057,475
1540365057,475
443599396,333
443599396,333
294164689,334
1523596896,335
1523596896,335
1046357698,477
1046357698,477
545036535,336
545036535,336
545036535,336
545036535,336
545036535,336
545036535,336
545036535,336
545036535,336
306288573,337
359944146,479
359944146,479
359944146,479
1441731135,478
1394665752,339
1304769703,480
102412605,340
102412605,340
102412605,340
102412605,340
102412605,340
150517019,341
150517019,341
150517019,341
150517019,341
150517019,341
718036635,342
718036635,342
718036635,342
718036635,342
718036635,342
2060275460,343
2060275460,343
2060275460,343
2060275460,343
2060275460,343
904614575,344
904614575,344
904614575,344
904614575,344
904614575,344
1122572272,345
1122572272,345
1122572272,345
1122572272,345
1122572272,345
267981016,346
267981016,346
267981016,346
267981016,346
267981016,346
794282279,347
794282279,347
794282279,347
794282279,347
794282279,347
1251124748,348
1251124748,348
1251124748,348
1251124748,348
1251124748,348
418074669,349
1765167092,481
1730099394,482
1730099394,482
1730099394,482
1730099394,482
1730099394,482
1730099394,482
1730099394,482
985029297,483
461460874,350
461460874,350
461460874,350
461460874,350
461460874,350
461460874,350
532196440,352
532196440,352
532196440,352
532196440,352
532196440,352
559471600,353
559471600,353
559471600,353
559471600,353
559471600,353
1435861928,354
1435861928,354
1435861928,354
1435861928,354
1435861928,354
541829959,355
541829959,355
541829959,355
541829959,355
541829959,355
541829959,355
541829959,355
63165090,484
63165090,484
63165090,484
63165090,484
63165090,484
63165090,484
1565760713,356
1565760713,356
1565760713,356
1565760713,356
1565760713,356
1565760713,356
1418853993,357
1418853993,357
1418853993,357
1418853993,357
1418853993,357
1896837437,358
1896837437,358
1896837437,358
1896837437,358
1896837437,358
1070758447,359
1070758447,359
1070758447,359
1070758447,359
1070758447,359
1070758447,359
70019593,360
70019593,360
70019593,360
70019593,360
70019593,360
955746703,361
955746703,361
955746703,361
955746703,361
955746703,361
455299623,362
455299623,362
455299623,362
455299623,362
455299623,362
455299623,362
667031919,485
667031919,485
667031919,485
667031919,485
667031919,485
667031919,485
1536303153,363
1536303153,363
1536303153,363
1536303153,363
1536303153,363
1536303153,363
184594704,364
585309978,486
1767535257,487
1767535257,487
1290999592,365
1290999592,365
1487178907,488
1487178907,488
1487178907,488
1487178907,488
1487178907,488
1487178907,488
1487178907,488
1487178907,488
1988303539,366
1988303539,366
1988303539,366
1988303539,366
1988303539,366
1988303539,366
1797796383,489
1797796383,489
1797796383,489
1797796383,489
1797796383,489
1797796383,489
363094282,490
363094282,490
363094282,490
363094282,490
363094282,490
363094282,490
363094282,490
363094282,490
363094282,490
1016193508,367
1016193508,367
1180601689,368
1029306725,491
1029306725,491
1029306725,491
1029306725,491
1029306725,491
1029306725,491
1029306725,491
1029306725,491
1029306725,491
1029306725,491
1029306725,491
1117656312,369
1117656312,369
1117656312,369
1117656312,369
1117656312,369
1902736544,370
1902736544,370
1902736544,370
1902736544,370
1902736544,370
2048626777,371
2048626777,371
2048626777,371
2048626777,371
2048626777,371
2048626777,371
742134465,372
742134465,372
742134465,372
742134465,372
742134465,372
742134465,372
742134465,372
1150669009,373
1150669009,373
1150669009,373
1150669009,373
1150669009,373
1150669009,373
1150669009,373
1787830280,374
905052471,492
918876876,493
918876876,493
918876876,493
918876876,493
918876876,493
918876876,493
918876876,493
1122233650,375
1122233650,375
1547073482,494
1547073482,494
27281384,376
27281384,376
27281384,376
27281384,376
27281384,376
27281384,376
27281384,376
27281384,376
1807765114,495
1807765114,495
1807765114,495
1807765114,495
1807765114,495
1807765114,495
1184366902,497
1184366902,497
1184366902,497
1184366902,497
1184366902,497
60679842,498
60679842,498
60679842,498
60679842,498
60679842,498
979666705,499
979666705,499
979666705,499
979666705,499
979666705,499
1376982870,500
1376982870,500
1376982870,500
1376982870,500
1376982870,500
1376982870,500
1984323615,501
1984323615,501
1984323615,501
1984323615,501
1984323615,501
1343653409,377
1863893259,502
1170926537,379
1170926537,379
1170926537,379
1170926537,379
1170926537,379
1441373904,380
1441373904,380
1441373904,380
1441373904,380
1441373904,380
1441373904,380
1350179390,381
1350179390,381
1350179390,381
1350179390,381
1350179390,381
333065018,504
333065018,504
333065018,504
333065018,504
333065018,504
725954805,505
725954805,505
725954805,505
725954805,505
725954805,505
1675336241,506
1675336241,506
1675336241,506
1675336241,506
1675336241,506
570105734,507
570105734,507
570105734,507
570105734,507
570105734,507
1304459272,382
1530592636,383
1335217762,508
874742157,384
874742157,384
874742157,384
874742157,384
874742157,384
1550878201,385
1550878201,385
1550878201,385
1550878201,385
1550878201,385
1550878201,385
1550878201,385
1614244584,386
224930009,387
224930009,387
224930009,387
224930009,387
224930009,387
607086468,388
607086468,388
607086468,388
607086468,388
607086468,388
762826006,509
349334743,511
349334743,511
349334743,511
349334743,511
349334743,511
1923806270,512
1923806270,512
1923806270,512
1923806270,512
1923806270,512
1415365043,513
1415365043,513
1415365043,513
1415365043,513
1415365043,513
1187119969,389
1266694551,514
383636662,390
278859165,515
2146616673,516
2146616673,516
2146616673,516
2146616673,516
2146616673,516
860324976,517
860324976,517
860324976,517
860324976,517
860324976,517
860324976,517
47393131,391
47393131,391
47393131,391
47393131,391
1213120099,518
1213120099,518
1213120099,518
1213120099,518
1213120099,518
1213120099,518
1213120099,518
1213120099,518
1213120099,518
1213120099,518
1213120099,518
1213120099,518
125016726,393
125016726,393
125016726,393
125016726,393
125016726,393
125016726,393
688287273,394
688287273,394
688287273,394
688287273,394
688287273,394
1238938045,519
240741151,395
240741151,395
240741151,395
240741151,395
240741151,395
1303582798,396
1427227639,520
1427227639,520
1427227639,520
1427227639,520
1427227639,520
1427227639,520
1916330978,521
1916330978,521
1916330978,521
1916330978,521
1916330978,521
1916330978,521
157962387,522
157962387,522
157962387,522
157962387,522
157962387,522
157962387,522
59102637,523
59102637,523
59102637,523
59102637,523
59102637,523
1434323150,524
1434323150,524
1434323150,524
1434323150,524
1434323150,524
1434323150,524
1128602046,525
1128602046,525
1128602046,525
1128602046,525
1128602046,525
1158526007,526
249809630,398
249809630,398
249809630,398
249809630,398
249809630,398
551522811,399
1112577293,527
1589762686,529
1589762686,529
1589762686,529
1589762686,529
1589762686,529
1103260909,530
1103260909,530
1103260909,530
1103260909,530
1103260909,530
815841902,400
1931658679,531
1501130012,402
1501130012,402
1501130012,402
1501130012,402
1501130012,402
816783669,403
816783669,403
816783669,403
816783669,403
816783669,403
1483825780,404
1483825780,404
1483825780,404
1483825780,404
1483825780,404
27435415,405
27435415,405
27435415,405
27435415,405
27435415,405
995890199,406
995890199,406
995890199,406
995890199,406
995890199,406
1308506684,407
1308506684,407
1308506684,407
1308506684,407
1308506684,407
1955322976,408
1955322976,408
1955322976,408
1955322976,408
1955322976,408
1863050092,409
1863050092,409
1863050092,409
1863050092,409
1863050092,409
282619865,410
282619865,410
282619865,410
282619865,410
282619865,410
173078850,411
173078850,411
173078850,411
173078850,411
173078850,411
173078850,411
309012031,412
309012031,412
309012031,412
309012031,412
309012031,412
416400536,413
416400536,413
416400536,413
416400536,413
416400536,413
935505580,414
935505580,414
935505580,414
935505580,414
935505580,414
935505580,414
737704893,415
737704893,415
737704893,415
737704893,415
737704893,415
1838004667,416
1838004667,416
1838004667,416
1838004667,416
1838004667,416
1494606139,417
1494606139,417
1494606139,417
1494606139,417
1494606139,417
56498233,418
56498233,418
56498233,418
56498233,418
56498233,418
1387440405,419
1387440405,419
1387440405,419
1387440405,419
1387440405,419
1387440405,419
1387440405,419
1387440405,419
2093545262,420
2093545262,420
2093545262,420
2093545262,420
2093545262,420
2093545262,420
2093545262,420
2093545262,420
2093545262,420
2093545262,420
2093545262,420
698699870,532
1463793996,421
1207168799,533
1207168799,533
1207168799,533
1207168799,533
1207168799,533
1207168799,533
1207168799,533
778679647,422
1123327229,534
1119751533,423
1119751533,423
1119751533,423
1623496667,424
639987508,535
1228658362,536
1228658362,536
1228658362,536
1228658362,536
1228658362,536
1228658362,536
1632716353,537
1632716353,537
1632716353,537
1632716353,537
1632716353,537
1632716353,537
2071697357,538
914835193,425
1519552616,426
1519552616,426
1519552616,426
1519552616,426
1519552616,426
1519552616,426
1987369830,427
1987369830,427
1987369830,427
1987369830,427
1987369830,427
1987369830,427
1568809685,539
1007680391,428
1007680391,428
1007680391,428
1007680391,428
1007680391,428
2100893167,541
2100893167,541
2100893167,541
2100893167,541
2100893167,541
1705390881,542
1705390881,542
1705390881,542
1705390881,542
1705390881,542
232431195,543
232431195,543
232431195,543
232431195,543
232431195,543
2097123528,544
2097123528,544
2097123528,544
2097123528,544
2097123528,544
2097123528,544
1478496237,545
1478496237,545
1478496237,545
1478496237,545
1478496237,545
1478496237,545
1478496237,545
1478496237,545
1478496237,545
1478496237,545
1511146615,429
1629933184,546
1159508409,430
1159508409,430
1159508409,430
1159508409,430
1159508409,430
1159508409,430
1159508409,430
1181448205,431
1181448205,431
1181448205,431
1181448205,431
1181448205,431
1181448205,431
811704018,432
1107065999,547
1610785617,433
1610785617,433
1610785617,433
1610785617,433
1610785617,433
1610785617,433
1610785617,433
361819570,549
361819570,549
361819570,549
361819570,549
361819570,549
826680253,435
826680253,435
826680253,435
826680253,435
826680253,435
826680253,435
826680253,435
1353067229,550
1353067229,550
62794852,436
357724937,551
906680184,552
906680184,552
906680184,552
906680184,552
906680184,552
906680184,552
1521331301,553
1521331301,553
1521331301,553
1521331301,553
1521331301,553
600905253,566
600905253,566
600905253,566
600905253,566
600905253,566
2127956946,567
1099594955,555
1099594955,555
1099594955,555
1099594955,555
1099594955,555
574795376,437
574795376,437
574795376,437
574795376,437
574795376,437
574795376,437
1370869177,556
1370869177,556
1370869177,556
1370869177,556
1370869177,556
1856511731,557
1856511731,557
1856511731,557
1856511731,557
1856511731,557
1816673979,558
1816673979,558
1816673979,558
1816673979,558
1816673979,558
1959770240,559
1959770240,559
1959770240,559
1959770240,559
1959770240,559
301377619,560
301377619,560
301377619,560
301377619,560
301377619,560
301377619,560
301377619,560
301377619,560
1496394255,561
647785433,438
1972478666,439
1972478666,439
1972478666,439
1972478666,439
1972478666,439
1972478666,439
1972478666,439
1039262305,440
1039262305,440
1039262305,440
1039262305,440
1039262305,440
1039262305,440
1039262305,440
1472946418,562
524197416,441
524197416,441
524197416,441
524197416,441
524197416,441
1121856871,442
1121856871,442
1121856871,442
1121856871,442
1121856871,442
799368584,443
799368584,443
799368584,443
799368584,443
799368584,443
765765138,444
765765138,444
765765138,444
765765138,444
765765138,444
765765138,444
765765138,444
732152117,563
732152117,563
732152117,563
1181591054,445
1181591054,445
481850857,564
481850857,564
481850857,564
815610009,446
815610009,446
815610009,446
815610009,446
815610009,446
815610009,446
815610009,446
815610009,446
815610009,446
815610009,446
1135162284,447
1135162284,447
1135162284,447
1135162284,447
1135162284,447
1922438003,448
1922438003,448
1922438003,448
2037583692,568
2037583692,568
2037583692,568
2037583692,568
2037583692,568
2037583692,568
2037583692,568
291817548,449
291817548,449
291817548,449
291817548,449
291817548,449
291817548,449
1187661345,450
2131199631,569
1595473423,570
1595473423,570
1595473423,570
1595473423,570
1595473423,570
1595473423,570
1595473423,570
2027761844,451
2027761844,451
2027761844,451
2027761844,451
2027761844,451
2027761844,451
428242934,571
428242934,571
428242934,571
428242934,571
428242934,571
428242934,571
491535377,452
491535377,452
491535377,452
491535377,452
491535377,452
491535377,452
1682650543,572
587813163,573
587813163,573
587813163,573
587813163,573
587813163,573
587813163,573
1014339922,453
90084032,574
90084032,574
332129659,454
332129659,454
1300791148,575
1300791148,575
1300791148,575
1300791148,575
1300791148,575
1300791148,575
1300791148,575
1300791148,575
1300791148,575
1736444657,455
235935798,576
567323912,577
567323912,577
567323912,577
567323912,577
567323912,577
567323912,577
826230102,456
1381164935,578
694122879,457
694122879,457
694122879,457
694122879,457
694122879,457
694122879,457
694122879,457
411905735,579
411905735,579
411905735,579
411905735,579
411905735,579
411905735,579
348470682,458
348470682,458
348470682,458
348470682,458
348470682,458
1734668125,459
1734668125,459
1734668125,459
1734668125,459
1734668125,459
1470822805,580
283096916,582
283096916,582
283096916,582
283096916,582
283096916,582
91535548,583
91535548,583
91535548,583
91535548,583
91535548,583
91535548,583
1954444014,460
1954444014,460
495679117,584
495679117,584
201237092,585
201237092,585
201237092,585
201237092,585
201237092,585
201237092,585
201237092,585
201237092,585
392587064,586
392587064,586
392587064,586
392587064,586
392587064,586
1738478613,587
1738478613,587
1738478613,587
1738478613,587
1738478613,587
521207057,588
521207057,588
521207057,588
521207057,588
521207057,588
1560933630,589
1560933630,589
1560933630,589
1560933630,589
1560933630,589
1560933630,589
2105136042,590
2105136042,590
2105136042,590
2105136042,590
2105136042,590
957191044,461
1489898338,591
1058261346,592
1058261346,592
1058261346,592
1058261346,592
1058261346,592
1058261346,592
1058261346,592
1891112958,462
1891112958,462
1891112958,462
1345707695,463
1345707695,463
1345707695,463
908118605,593
908118605,593
461158362,594
461158362,594
461158362,594
461158362,594
461158362,594
461158362,594
1789508671,595
1789508671,595
1789508671,595
1789508671,595
1789508671,595
1789508671,595
468861583,596
468861583,596
468861583,596
468861583,596
468861583,596
1318692963,597
1318692963,597
1318692963,597
1318692963,597
1318692963,597
1318692963,597
1318692963,597
1318692963,597
1318692963,597
263002625,464
1481175497,600
350454153,598
350454153,598
350454153,598
350454153,598
350454153,598
350454153,598
350454153,598
350454153,598
350454153,598
350454153,598
350454153,598
350454153,598
1383158771,599
1983772036,465
555453156,466
555453156,466
555453156,466
2112188744,467
2112188744,467
2112188744,467
2112188744,467
2112188744,467
637879587,468
637879587,468
637879587,468
637879587,468
637879587,468
637879587,468
637879587,468
530945528,469
530945528,469
530945528,469
530945528,469
530945528,469
530945528,469
530945528,469
954322255,601
271251244,602
271251244,602
271251244,602
271251244,602
271251244,602
271251244,602
1740615083,604
1740615083,604
1740615083,604
1740615083,604
1740615083,604
1740615083,604
1740615083,604
1637196892,470
1637196892,470
1637196892,470
1637196892,470
1637196892,470
1637196892,470
1860322681,471
1860322681,471
1860322681,471
1860322681,471
1860322681,471
817363951,472
817363951,472
817363951,472
817363951,472
817363951,472
330500691,605
2033819337,607
2033819337,607
2033819337,607
2033819337,607
2033819337,607
1413132544,608
1413132544,608
1413132544,608
1413132544,608
1413132544,608
112055558,609
112055558,609
112055558,609
112055558,609
112055558,609
1754687330,610
1754687330,610
1754687330,610
1754687330,610
1754687330,610
1754687330,610
1754687330,610
546981162,473
546981162,473
544874432,474
544874432,474
544874432,474
1323265765,611
1323265765,611
826645275,612
826645275,612
826645275,612
826645275,612
826645275,612
826645275,612
1628408064,475
862145975,613
1129743659,614
1129743659,614
1129743659,614
1129743659,614
1129743659,614
1129743659,614
1129743659,614
1564564965,476
1564564965,476
1605025761,478
1605025761,478
1911712847,615
1911712847,615
1911712847,615
1911712847,615
1911712847,615
1911712847,615
1911712847,615
1911712847,615
665826725,477
665826725,477
392550361,479
392550361,479
392550361,479
230123370,616
230123370,616
1797105210,617
1797105210,617
1797105210,617
1797105210,617
1797105210,617
1797105210,617
414851934,618
414851934,618
414851934,618
414851934,618
414851934,618
1253890784,619
1253890784,619
1253890784,619
1253890784,619
1253890784,619
910607443,620
910607443,620
910607443,620
910607443,620
910607443,620
910607443,620
910607443,620
1268751424,480
1268751424,480
871325697,621
871325697,621
871325697,621
871325697,621
871325697,621
1002150764,622
1002150764,622
1002150764,622
1002150764,622
1002150764,622
1305558367,623
1305558367,623
1305558367,623
1305558367,623
1305558367,623
1292282902,624
1292282902,624
1292282902,624
1292282902,624
1292282902,624
1292282902,624
1292282902,624
2132885408,625
2132885408,625
2132885408,625
2132885408,625
2132885408,625
2132885408,625
2132885408,625
38857424,481
144245893,626
1815858454,483
1815858454,483
1815858454,483
1815858454,483
1815858454,483
1815858454,483
1815858454,483
1815858454,483
463870516,484
463870516,484
1832236305,627
1832236305,627
1886635050,628
1886635050,628
1173440214,485
1173440214,485
1173440214,485
1173440214,485
1173440214,485
1173440214,485
1173440214,485
1173440214,485
1173440214,485
1173440214,485
2136050934,487
1971111936,629
1183976708,486
1183976708,486
1183976708,486
1183976708,486
1183976708,486
1183976708,486
1183976708,486
1183976708,486
1183976708,486
1183976708,486
1183976708,486
1183976708,486
902250833,630
902250833,630
902250833,630
902250833,630
902250833,630
1451267399,631
1451267399,631
1451267399,631
1451267399,631
1451267399,631
1275191291,632
1275191291,632
1275191291,632
1275191291,632
1275191291,632
1761053802,489
1761053802,489
1761053802,489
1761053802,489
1761053802,489
1938295833,490
1938295833,490
1938295833,490
1938295833,490
1938295833,490
2028984782,633
2028984782,633
1320201406,634
1082654100,491
709135034,492
709135034,492
709135034,492
709135034,492
709135034,492
709135034,492
1264762353,493
1264762353,493
1264762353,493
1264762353,493
1264762353,493
652686118,494
652686118,494
652686118,494
652686118,494
652686118,494
1029953962,495
1029953962,495
1029953962,495
1029953962,495
1029953962,495
385678376,496
385678376,496
385678376,496
385678376,496
385678376,496
385678376,496
385678376,496
385678376,496
552378057,497
2030152163,636
2030152163,636
2030152163,636
2030152163,636
2030152163,636
2030152163,636
1856308553,498
1856308553,498
862778660,499
862778660,499
887472571,501
887472571,501
887472571,501
887472571,501
887472571,501
1171539946,502
1171539946,502
1171539946,502
1171539946,502
1171539946,502
1171539946,502
1171539946,502
584844414,637
584844414,637
584844414,637
1736967769,503
1736967769,503
271082945,638
271082945,638
271082945,638
602338282,504
602338282,504
602338282,504
602338282,504
602338282,504
602338282,504
602338282,504
602338282,504
602338282,504
602338282,504
398306444,639
398306444,639
1956537191,641
1956537191,641
1956537191,641
1956537191,641
1956537191,641
1956537191,641
1956537191,641
1343900249,505
895745370,506
2028732553,642
199365516,643
199365516,643
199365516,643
199365516,643
199365516,643
199365516,643
236298104,644
236298104,644
236298104,644
236298104,644
236298104,644
1721801601,646
631871061,507
986977201,647
986977201,647
986977201,647
986977201,647
986977201,647
986977201,647
103303275,508
1065513215,648
1065513215,648
1065513215,648
1065513215,648
1065513215,648
927234490,649
349013312,509
1101423144,510
1101423144,510
1864486216,511
1204058401,650
2121533300,651
2121533300,651
2121533300,651
2121533300,651
2121533300,651
2121533300,651
757709518,652
757709518,652
757709518,652
757709518,652
757709518,652
1637634028,653
1637634028,653
1637634028,653
1637634028,653
1637634028,653
2100848908,654
2100848908,654
2100848908,654
2100848908,654
2100848908,654
2100848908,654
1215298661,655
1215298661,655
1215298661,655
1215298661,655
1215298661,655
1215298661,655
879523929,512
879523929,512
879523929,512
879523929,512
879523929,512
879523929,512
879523929,512
1628407093,657
1628407093,657
1628407093,657
1628407093,657
1628407093,657
581587111,658
581587111,658
581587111,658
581587111,658
581587111,658
581587111,658
1792189728,659
1792189728,659
1792189728,659
1792189728,659
1792189728,659
1128884456,660
1128884456,660
1128884456,660
1128884456,660
1128884456,660
1128884456,660
1128884456,660
545859307,513
545859307,513
1653405275,515
1653405275,515
1653405275,515
1653405275,515
1653405275,515
1923018699,516
1923018699,516
1923018699,516
1923018699,516
1923018699,516
714840492,517
714840492,517
714840492,517
714840492,517
714840492,517
1950604489,518
1950604489,518
1950604489,518
1950604489,518
1950604489,518
2000114227,519
2000114227,519
2000114227,519
2000114227,519
2000114227,519
2000114227,519
1257399043,520
1257399043,520
1257399043,520
1257399043,520
1257399043,520
322189370,521
322189370,521
322189370,521
322189370,521
322189370,521
322189370,521
322189370,521
322189370,521
582448270,522
582448270,522
582448270,522
582448270,522
582448270,522
1933139702,523
1933139702,523
1933139702,523
1933139702,523
1933139702,523
1933139702,523
1933139702,523
828850451,524
838291231,661
410410643,662
410410643,662
410410643,662
410410643,662
410410643,662
410410643,662
410410643,662
650020035,525
1859492548,663
188758641,526
188758641,526
1787272334,528
1787272334,528
1787272334,528
1787272334,528
1787272334,528
1397037460,529
1397037460,529
1397037460,529
1397037460,529
1397037460,529
1397037460,529
1558025597,530
1558025597,530
1558025597,530
1558025597,530
1558025597,530
1428127986,664
1126014126,531
1126014126,531
1126014126,531
1126014126,531
1126014126,531
1345987902,532
1345987902,532
1345987902,532
1345987902,532
1345987902,532
170349954,533
170349954,533
170349954,533
170349954,533
170349954,533
81104410,534
81104410,534
81104410,534
81104410,534
81104410,534
1491567011,535
1491567011,535
1491567011,535
1491567011,535
1491567011,535
838857060,536
838857060,536
838857060,536
838857060,536
838857060,536
377528192,537
377528192,537
377528192,537
377528192,537
377528192,537
394205314,538
394205314,538
394205314,538
394205314,538
394205314,538
847289063,539
847289063,539
847289063,539
847289063,539
847289063,539
889841839,540
1968231635,665
2128205624,541
2128205624,541
2128205624,541
2128205624,541
2128205624,541
375233925,666
375233925,666
1272304743,542
1272304743,542
1272304743,542
1272304743,542
1272304743,542
1272304743,542
1718216328,667
1718216328,667
1718216328,667
1718216328,667
1718216328,667
1718216328,667
248329012,669
248329012,669
248329012,669
248329012,669
248329012,669
2066669996,670
2066669996,670
2066669996,670
2066669996,670
2066669996,670
475795303,671
475795303,671
475795303,671
475795303,671
475795303,671
1574146262,672
1574146262,672
1574146262,672
1574146262,672
1574146262,672
206641392,673
206641392,673
206641392,673
206641392,673
206641392,673
2017542036,674
2017542036,674
2017542036,674
2017542036,674
2017542036,674
2103529820,675
2103529820,675
2103529820,675
2103529820,675
2103529820,675
2103529820,675
2079732024,676
2079732024,676
2079732024,676
2079732024,676
2079732024,676
2079732024,676
2079732024,676
2079732024,676
2079732024,676
2079732024,676
1327651665,543
122010855,677
1997770726,678
1997770726,678
1997770726,678
1756025338,679
1756025338,679
1756025338,679
1756025338,679
1756025338,679
1152484501,544
1152484501,544
1152484501,544
1152484501,544
1152484501,544
1152484501,544
1152484501,544
1902210045,680
1902210045,680
1902210045,680
1902210045,680
1902210045,680
1902210045,680
58410810,682
58410810,682
58410810,682
58410810,682
58410810,682
824392173,683
824392173,683
824392173,683
824392173,683
824392173,683
1466749933,684
1466749933,684
1466749933,684
1466749933,684
1466749933,684
1195185213,545
877588419,546
877588419,546
1678689383,685
1985095257,547
1108795911,686
677787393,687
677787393,687
677787393,687
677787393,687
677787393,687
677787393,687
2018449540,688
2018449540,688
2018449540,688
2018449540,688
2018449540,688
2042772280,690
2042772280,690
2042772280,690
2042772280,690
2042772280,690
1652205579,691
1652205579,691
1652205579,691
1652205579,691
1652205579,691
1652205579,691
1652205579,691
1652205579,691
814732381,548
814732381,548
595593634,692
595593634,692
595593634,692
595593634,692
595593634,692
595593634,692
595593634,692
595593634,692
595593634,692
595593634,692
595593634,692
537441762,693
537441762,693
537441762,693
537441762,693
537441762,693
1725789753,549
1200986191,694
112200646,551
112200646,551
112200646,551
112200646,551
112200646,551
112200646,551
306366215,696
306366215,696
306366215,696
306366215,696
306366215,696
1752007246,697
1752007246,697
1752007246,697
1752007246,697
1752007246,697
1752007246,697
1752007246,697
903540259,552
903540259,552
903540259,552
903540259,552
903540259,552
903540259,552
1771213052,554
1771213052,554
1771213052,554
1771213052,554
1771213052,554
479665552,555
479665552,555
479665552,555
479665552,555
479665552,555
240697985,556
240697985,556
240697985,556
240697985,556
240697985,556
1799496719,698
645197753,557
1148137889,699
589448334,558
589448334,558
589448334,558
589448334,558
589448334,558
589448334,558
1404809522,559
1404809522,559
1404809522,559
1404809522,559
1404809522,559
1404809522,559
1404809522,559
1404809522,559
330636168,560
330636168,560
330636168,560
330636168,560
330636168,560
1835313452,561
1835313452,561
1835313452,561
1835313452,561
1835313452,561
346257030,562
346257030,562
346257030,562
346257030,562
346257030,562
346257030,562
346257030,562
1353402077,563
1353402077,563
1353402077,563
1353402077,563
1353402077,563
1353402077,563
1353402077,563
1353402077,563
1756030509,700
1756030509,700
1756030509,700
1756030509,700
1756030509,700
1756030509,700
1857262805,702
1857262805,702
1857262805,702
1857262805,702
1857262805,702
1857262805,702
1857262805,702
162425048,564
162425048,564
146453760,703
1457932879,565
1284004004,566
1284004004,566
976430323,704
1488423433,567
144012984,568
144012984,568
144012984,568
144012984,568
144012984,568
144012984,568
144012984,568
998620432,569
998620432,569
998620432,569
998620432,569
998620432,569
2025055997,570
2025055997,570
2025055997,570
2025055997,570
2025055997,570
1264594084,571
1035399682,705
1582179840,572
1582179840,572
1582179840,572
1582179840,572
1582179840,572
321641,573
321641,573
321641,573
321641,573
321641,573
1823229653,574
1823229653,574
1823229653,574
1823229653,574
1823229653,574
1990325083,575
1990325083,575
1990325083,575
1990325083,575
1990325083,575
79419039,576
79419039,576
79419039,576
79419039,576
79419039,576
1285454253,577
1285454253,577
1285454253,577
1285454253,577
1285454253,577
1285454253,577
1285454253,577
605816281,706
605816281,706
605816281,706
253975654,578
253975654,578
1153604535,707
1153604535,707
1153604535,707
138530514,579
138530514,579
138530514,579
138530514,579
138530514,579
138530514,579
138530514,579
138530514,579
138530514,579
138530514,579
684238459,708
684238459,708
855007667,580
855007667,580
855007667,580
855007667,580
855007667,580
855007667,580
505145772,581
505145772,581
505145772,581
505145772,581
505145772,581
505145772,581
177893179,582
177893179,582
177893179,582
177893179,582
177893179,582
177893179,582
177893179,582
177893179,582
788904612,709
788904612,709
170546266,583
170546266,583
170546266,583
170546266,583
170546266,583
552643930,710
404670163,712
404670163,712
404670163,712
404670163,712
404670163,712
79885266,713
79885266,713
79885266,713
79885266,713
79885266,713
319419602,714
226056558,584
777509682,715
1799021004,585
1799021004,585
1799021004,585
1799021004,585
1799021004,585
1799021004,585
1959682268,586
1959682268,586
1959682268,586
1959682268,586
1959682268,586
1959682268,586
1959682268,586
1959682268,586
780743240,587
780743240,587
780743240,587
780743240,587
780743240,587
1879972521,588
1879972521,588
1879972521,588
1879972521,588
1879972521,588
1850289161,589
1850289161,589
1850289161,589
1850289161,589
1850289161,589
1272545114,590
1272545114,590
1272545114,590
1272545114,590
1272545114,590
304551512,591
304551512,591
304551512,591
304551512,591
304551512,591
337254957,592
337254957,592
337254957,592
337254957,592
337254957,592
1975779829,593
1975779829,593
1975779829,593
1975779829,593
1975779829,593
1975779829,593
1975779829,593
561905001,594
561905001,594
561905001,594
561905001,594
561905001,594
561905001,594
943835480,595
943835480,595
943835480,595
943835480,595
943835480,595
284764473,596
284764473,596
284764473,596
284764473,596
284764473,596
2146307484,597
2146307484,597
2146307484,597
2146307484,597
2146307484,597
628389454,598
628389454,598
628389454,598
628389454,598
628389454,598
628389454,598
628389454,598
1826602251,716
1167303337,718
1167303337,718
1167303337,718
1167303337,718
1167303337,718
958235256,719
958235256,719
958235256,719
958235256,719
958235256,719
284475566,720
284475566,720
284475566,720
284475566,720
284475566,720
1075622253,721
1075622253,721
1075622253,721
1075622253,721
1075622253,721
798367522,722
798367522,722
798367522,722
798367522,722
798367522,722
798367522,722
1456785645,723
1456785645,723
1456785645,723
1456785645,723
1456785645,723
1991960167,725
1991960167,725
1991960167,725
1991960167,725
1991960167,725
1991960167,725
1991960167,725
1573921186,726
1573921186,726
1573921186,726
1573921186,726
1573921186,726
279863193,727
279863193,727
279863193,727
279863193,727
279863193,727
2056154920,728
2056154920,728
2056154920,728
2056154920,728
2056154920,728
894162113,729
894162113,729
894162113,729
894162113,729
894162113,729
894162113,729
459136089,600
459136089,600
459136089,600
459136089,600
459136089,600
459136089,600
459136089,600
1874472243,601
1874472243,601
1874472243,601
1874472243,601
1874472243,601
237528152,602
237528152,602
237528152,602
237528152,602
237528152,602
1395384563,603
1395384563,603
1377585743,730
1377585743,730
1709535247,604
1709535247,604
1709535247,604
1709535247,604
1709535247,604
1709535247,604
1709535247,604
1709535247,604
560716032,731
560716032,731
913826232,605
913826232,605
913826232,605
913826232,605
913826232,605
561934099,606
561934099,606
561934099,606
561934099,606
1776508734,607
1776508734,607
1776508734,607
1776508734,607
1776508734,607
1776508734,607
1776508734,607
226234693,733
226234693,733
226234693,733
226234693,733
226234693,733
226234693,733
226234693,733
652494714,734
652494714,734
652494714,734
652494714,734
652494714,734
1192738352,735
1941360010,608
1230502687,609
1230502687,609
1230502687,609
1230502687,609
1230502687,609
1230502687,609
1079367770,610
1450866231,737
1450866231,737
1450866231,737
1450866231,737
1450866231,737
1663364112,738
1663364112,738
1663364112,738
1663364112,738
1663364112,738
1656183002,739
1656183002,739
1656183002,739
1656183002,739
1656183002,739
332773870,740
332773870,740
332773870,740
332773870,740
332773870,740
18170798,741
18170798,741
18170798,741
18170798,741
18170798,741
1697750170,742
1697750170,742
1697750170,742
1697750170,742
1697750170,742
724563798,743
724563798,743
724563798,743
724563798,743
724563798,743
1098385715,744
1098385715,744
1098385715,744
1098385715,744
1098385715,744
44567017,745
44567017,745
44567017,745
44567017,745
44567017,745
44567017,745
837250688,746
837250688,746
837250688,746
837250688,746
837250688,746
837250688,746
837250688,746
837250688,746
837250688,746
1879262544,611
603045440,747
1721567575,612
1721567575,612
1721567575,612
1721567575,612
1721567575,612
1721567575,612
1721567575,612
1537172849,748
1537172849,748
1537172849,748
1537172849,748
1537172849,748
1537172849,748
82422911,750
82422911,750
82422911,750
82422911,750
82422911,750
82422911,750
82422911,750
497435514,613
497435514,613
497435514,613
497435514,613
497435514,613
497435514,613
497435514,613
1913260779,614
559704718,751
6249357,752
6249357,752
6249357,752
6249357,752
6249357,752
6249357,752
6249357,752
443245808,615
443245808,615
443245808,615
766813177,616
242583611,753
1795340498,754
1795340498,754
1795340498,754
1795340498,754
1795340498,754
1795340498,754
1795340498,754
1557391512,617
1557391512,617
194585619,755
2009167767,619
2009167767,619
2009167767,619
2009167767,619
2009167767,619
1391839862,620
1391839862,620
1391839862,620
1391839862,620
1391839862,620
1242734984,756
873946677,758
873946677,758
873946677,758
873946677,758
873946677,758
1627680576,759
1627680576,759
1627680576,759
1627680576,759
1627680576,759
156814078,760
156814078,760
156814078,760
156814078,760
156814078,760
84458630,761
84458630,761
84458630,761
84458630,761
84458630,761
1361881265,762
1361881265,762
1361881265,762
1361881265,762
1361881265,762
1344676363,763
1344676363,763
1344676363,763
1344676363,763
1344676363,763
751208627,764
751208627,764
751208627,764
751208627,764
751208627,764
232228656,765
232228656,765
232228656,765
232228656,765
232228656,765
622615012,766
622615012,766
622615012,766
622615012,766
622615012,766
1013881694,767
1013881694,767
1013881694,767
1013881694,767
1013881694,767
1420346868,768
1420346868,768
1420346868,768
1420346868,768
1420346868,768
415862836,769
415862836,769
415862836,769
415862836,769
415862836,769
415862836,769
415862836,769
283622430,621
283622430,621
283622430,621
283622430,621
283622430,621
283622430,621
1957313825,623
1957313825,623
1957313825,623
1957313825,623
1957313825,623
450526064,624
450526064,624
450526064,624
450526064,624
450526064,624
450526064,624
450526064,624
1341146186,625
1341146186,625
1341146186,625
1341146186,625
1341146186,625
1341146186,625
1341146186,625
1779369378,770
706460225,772
706460225,772
706460225,772
706460225,772
706460225,772
1092354425,773
1092354425,773
1092354425,773
1092354425,773
1092354425,773
1132969459,774
1132969459,774
1132969459,774
1132969459,774
1132969459,774
1132969459,774
1132969459,774
2066584986,626
2066584986,626
2066584986,626
2066584986,626
2066584986,626
2066584986,626
1583481131,628
1583481131,628
1583481131,628
1583481131,628
1583481131,628
1501146724,629
1501146724,629
1501146724,629
1501146724,629
1501146724,629
1501146724,629
1831626230,630
1831626230,630
1831626230,630
1831626230,630
1831626230,630
1831626230,630
1831626230,630
754468805,775
760654506,776
760654506,776
760654506,776
760654506,776
760654506,776
760654506,776
1497098924,631
1172353217,632
1573591209,777
1573591209,777
1939779398,778
1369047101,633
10270035,634
10270035,634
10270035,634
1477189515,635
1477189515,635
1477189515,635
1477189515,635
1477189515,635
82631921,636
82631921,636
82631921,636
82631921,636
82631921,636
82631921,636
82631921,636
2129391321,637
2129391321,637
2129391321,637
2129391321,637
2129391321,637
2129391321,637
2129391321,637
1601737886,779
957138553,780
507437604,781
449367328,638
296159442,782
296159442,782
296159442,782
486521170,783
486521170,783
486521170,783
486521170,783
486521170,783
1328078795,784
1328078795,784
1328078795,784
1328078795,784
1328078795,784
1413759146,639
1413759146,639
1413759146,639
1413759146,639
1413759146,639
1413759146,639
1080553816,640
1080553816,640
1080553816,640
1080553816,640
1080553816,640
137962794,641
137962794,641
137962794,641
137962794,641
137962794,641
1695051286,642
1695051286,642
1695051286,642
1695051286,642
1695051286,642
1539248623,643
1539248623,643
1539248623,643
1539248623,643
1539248623,643
1160140664,785
1848900825,644
1848900825,644
1848900825,644
1848900825,644
1848900825,644
592840514,786
592840514,786
592840514,786
840358341,645
840358341,645
840358341,645
840358341,645
840358341,645
840358341,645
840358341,645
2008830200,787
1544289587,646
872463226,647
872463226,647
872463226,647
872463226,647
872463226,647
872463226,647
872463226,647
1335606939,648
1335606939,648
722772097,788
722772097,788
636471723,789
636471723,789
636471723,789
636471723,789
636471723,789
636471723,789
636471723,789
636471723,789
106136995,649
106136995,649
106136995,649
106136995,649
106136995,649
106136995,649
797496381,650
797496381,650
797496381,650
797496381,650
797496381,650
2017936433,790
2017936433,790
2017936433,790
2017936433,790
2017936433,790
196941806,791
196941806,791
196941806,791
196941806,791
196941806,791
643532172,792
643532172,792
643532172,792
643532172,792
643532172,792
849473947,793
849473947,793
849473947,793
849473947,793
849473947,793
849473947,793
849473947,793
10645755,651
10645755,651
10645755,651
10645755,651
10645755,651
10645755,651
1502456934,652
72010388,794
1855607792,749
43685747,653
701556278,795
1573786239,796
1573786239,796
1573786239,796
1573786239,796
1573786239,796
1573786239,796
545167121,797
545167121,797
545167121,797
545167121,797
545167121,797
194017950,798
194017950,798
194017950,798
194017950,798
194017950,798
1271762780,799
1271762780,799
1271762780,799
1271762780,799
1271762780,799
1271762780,799
632528579,800
632528579,800
632528579,800
632528579,800
632528579,800
1163723577,801
1163723577,801
1163723577,801
1163723577,801
1163723577,801
15638081,654
2090951815,802
2090951815,802
2090951815,802
2090951815,802
2090951815,802
1581132081,803
1581132081,803
1581132081,803
1581132081,803
1581132081,803
1553545820,804
1553545820,804
1553545820,804
1553545820,804
1553545820,804
242242851,805
242242851,805
242242851,805
242242851,805
242242851,805
1055185619,806
1055185619,806
1055185619,806
1055185619,806
1055185619,806
317887908,655
491194503,656
47159672,807
463484440,808
463484440,808
463484440,808
463484440,808
463484440,808
463484440,808
369457350,809
369457350,809
369457350,809
369457350,809
369457350,809
1396375480,810
1396375480,810
1396375480,810
1396375480,810
1396375480,810
298889585,811
553769018,657
553769018,657
782065077,812
2146582701,658
1732793250,813
1732793250,813
1732793250,813
1732793250,813
1732793250,813
1732793250,813
568732116,814
568732116,814
568732116,814
568732116,814
568732116,814
1016785036,815
1016785036,815
1016785036,815
1016785036,815
1016785036,815
759170437,816
759170437,816
759170437,816
759170437,816
759170437,816
507239950,817
507239950,817
507239950,817
507239950,817
507239950,817
459894324,659
1865952152,818
394876529,819
394876529,819
394876529,819
394876529,819
394876529,819
394876529,819
1902249837,660
1412182714,661
1412182714,661
1412182714,661
2093243715,820
2093243715,820
538675860,821
538675860,821
538675860,821
538675860,821
538675860,821
538675860,821
824976473,822
824976473,822
824976473,822
824976473,822
824976473,822
322618776,823
322618776,823
322618776,823
322618776,823
322618776,823
1157908732,824
1157908732,824
1157908732,824
1157908732,824
1157908732,824
289345962,826
289345962,826
289345962,826
289345962,826
289345962,826
1903026053,827
1903026053,827
1903026053,827
1903026053,827
1903026053,827
1774922288,828
1774922288,828
1774922288,828
1774922288,828
1774922288,828
368819346,829
368819346,829
368819346,829
368819346,829
368819346,829
368819346,829
368819346,829
368819346,829
936220165,662
135088031,830
1155202340,831
1155202340,831
1155202340,831
1155202340,831
1155202340,831
1155202340,831
1155202340,831
1155202340,831
1155202340,831
1155202340,831
982480882,832
1022424406,663
776689537,664
776689537,664
776689537,664
776689537,664
776689537,664
776689537,664
776689537,664
1964747935,833
46790911,665
46790911,665
46790911,665
46790911,665
46790911,665
2124387987,666
2124387987,666
2124387987,666
2124387987,666
2124387987,666
1250087233,667
1250087233,667
1250087233,667
1250087233,667
1250087233,667
1608167598,668
1608167598,668
1608167598,668
1608167598,668
1608167598,668
479909834,669
479909834,669
479909834,669
479909834,669
479909834,669
1547744060,670
1547744060,670
1547744060,670
1547744060,670
1547744060,670
423778701,671
423778701,671
423778701,671
423778701,671
423778701,671
423778701,671
423778701,671
259555109,834
217355609,835
1169973911,672
1169973911,672
2111467128,836
2111467128,836
758245442,673
839456748,838
1473547636,674
1473547636,674
1473547636,674
1473547636,674
1473547636,674
1473547636,674
1647076584,675
1647076584,675
1647076584,675
1647076584,675
1647076584,675
1297625756,676
1870526083,839
507613163,840
507613163,840
507613163,840
507613163,840
507613163,840
507613163,840
1297068434,677
1297068434,677
1297068434,677
1297068434,677
1297068434,677
1868945810,841
1868945810,841
1868945810,841
1868945810,841
1868945810,841
2044398230,842
2044398230,842
2044398230,842
2044398230,842
2044398230,842
941117453,843
941117453,843
941117453,843
941117453,843
941117453,843
941117453,843
639454637,844
639454637,844
639454637,844
639454637,844
639454637,844
1857095897,845
1857095897,845
1857095897,845
1857095897,845
1857095897,845
769125641,846
769125641,846
769125641,846
769125641,846
769125641,846
1887860613,847
1887860613,847
1887860613,847
1887860613,847
1887860613,847
154851344,678
678438848,680
678438848,680
1558769532,848
1558769532,848
1869180740,681
1869180740,681
1869180740,681
1869180740,681
1869180740,681
1869180740,681
1869180740,681
1869180740,681
713521658,849
936337506,850
936337506,850
1253634052,852
1253634052,852
1253634052,852
1253634052,852
1253634052,852
1222671119,853
1222671119,853
1222671119,853
1222671119,853
1222671119,853
1522506691,854
1522506691,854
1522506691,854
1522506691,854
1522506691,854
2012987986,855
2012987986,855
2012987986,855
2012987986,855
2012987986,855
496119623,856
496119623,856
496119623,856
496119623,856
496119623,856
33424492,857
33424492,857
33424492,857
33424492,857
33424492,857
552224793,858
552224793,858
552224793,858
552224793,858
552224793,858
1834913657,859
1834913657,859
1834913657,859
1834913657,859
1834913657,859
164143402,860
164143402,860
164143402,860
164143402,860
164143402,860
1738197551,861
1738197551,861
1738197551,861
1738197551,861
1738197551,861
1738197551,861
1738197551,861
1738197551,861
1738197551,861
1325422365,863
1325422365,863
1325422365,863
1325422365,863
1325422365,863
1325422365,863
1325422365,863
1325422365,863
1325422365,863
1325422365,863
1325422365,863
1325422365,863
1325422365,863
1325422365,863
1325422365,863
792625886,682
792625886,682
1848172143,865
1848172143,865
464829241,864
464829241,864
1344553410,683
1344553410,683
1344553410,683
1344553410,683
1344553410,683
1344553410,683
1344553410,683
1344553410,683
1260044657,684
1260044657,684
1260044657,684
1260044657,684
1260044657,684
948330607,685
948330607,685
948330607,685
948330607,685
948330607,685
1725287896,686
1725287896,686
1725287896,686
1725287896,686
1725287896,686
289181994,866
289181994,866
289181994,866
289181994,866
289181994,866
1515043582,687
1515043582,687
231125350,867
231125350,867
1684382156,868
1684382156,868
1358529399,870
1358529399,870
1358529399,870
1358529399,870
1358529399,870
1358529399,870
1358529399,870
1358529399,870
1137158711,690
1137158711,690
1691329928,871
1437171323,691
1731388085,872
1731388085,872
1731388085,872
1731388085,872
1731388085,872
1731388085,872
1322429246,692
1737017846,873
579542809,874
579542809,874
579542809,874
579542809,874
579542809,874
1227958917,693
1227958917,693
1602259029,875
370845140,694
370845140,694
370845140,694
905616627,876
905616627,876
601603012,877
601603012,877
601603012,877
1049867676,878
1049867676,878
1049867676,878
1049867676,878
1049867676,878
675374975,879
675374975,879
675374975,879
675374975,879
675374975,879
675374975,879
597875071,880
597875071,880
597875071,880
597875071,880
597875071,880
1499255404,881
1336959509,695
1744092857,882
910058149,696
910058149,696
910058149,696
910058149,696
910058149,696
910058149,696
910058149,696
628429393,883
628429393,883
628429393,883
628429393,883
628429393,883
628429393,883
1797422579,697
1797422579,697
1797422579,697
1797422579,697
1797422579,697
1797422579,697
1324983286,698
1324983286,698
1324983286,698
1324983286,698
1324983286,698
967308377,699
967308377,699
967308377,699
967308377,699
967308377,699
967308377,699
967308377,699
1326045124,884
187701866,700
187701866,700
187701866,700
187701866,700
187701866,700
187701866,700
1164820060,701
1164820060,701
1164820060,701
1164820060,701
1164820060,701
1164820060,701
1164820060,701
483374909,885
143351490,702
143351490,702
143351490,702
143351490,702
143351490,702
143351490,702
464160292,887
464160292,887
464160292,887
464160292,887
464160292,887
2047357410,888
2047357410,888
2047357410,888
2047357410,888
2047357410,888
620944624,703
843014710,889
843014710,889
749976734,890
862508756,704
1069523030,705
1069523030,705
1069523030,705
1069523030,705
1069523030,705
1069523030,705
1069523030,705
1850013168,891
1850013168,891
1850013168,891
562544480,892
1501690207,706
1499624786,707
1499624786,707
1499624786,707
1499624786,707
1499624786,707
1499624786,707
1185246526,708
1185246526,708
1185246526,708
1185246526,708
1185246526,708
101994385,893
1938859792,709
1938859792,709
1938859792,709
1938859792,709
1938859792,709
1781922483,894
1263109850,710
219066068,711
219066068,711
219066068,711
219066068,711
219066068,711
219066068,711
1982995440,712
1982995440,712
1982995440,712
1982995440,712
1982995440,712
1982995440,712
1982995440,712
1602437160,895
1602437160,895
2081016649,713
2081016649,713
2081016649,713
2081016649,713
2081016649,713
2081016649,713
2056542827,714
2056542827,714
2056542827,714
2056542827,714
2056542827,714
2056542827,714
1930149406,896
1733337993,715
1733337993,715
1652402117,898
1652402117,898
377125422,899
377125422,899
377125422,899
377125422,899
377125422,899
377125422,899
377125422,899
377125422,899
445012589,716
445012589,716
445012589,716
445012589,716
445012589,716
445012589,716
321893471,717
321893471,717
321893471,717
321893471,717
321893471,717
321893471,717
1706787905,900
1706787905,900
1706787905,900
1706787905,900
1706787905,900
1706787905,900
372218622,718
1188482324,901
779618198,908
1432709725,719
1432709725,719
1131655023,903
1131655023,903
1131655023,903
1131655023,903
1131655023,903
688318198,904
688318198,904
688318198,904
688318198,904
688318198,904
1925240414,905
1925240414,905
1925240414,905
1925240414,905
1925240414,905
542497663,906
542497663,906
542497663,906
542497663,906
542497663,906
542497663,906
1282062079,720
1282062079,720
1282062079,720
1282062079,720
360556648,907
360556648,907
360556648,907
360556648,907
360556648,907
360556648,907
360556648,907
360556648,907
360556648,907
360556648,907
360556648,907
1946559694,721
1946559694,721
1946559694,721
1946559694,721
1946559694,721
1946559694,721
1860667195,722
1860667195,722
1860667195,722
1860667195,722
1860667195,722
1549193896,909
21185508,911
21185508,911
21185508,911
21185508,911
21185508,911
157105766,912
157105766,912
157105766,912
157105766,912
157105766,912
157105766,912
238244187,723
1512187829,725
1512187829,725
1512187829,725
1512187829,725
1512187829,725
466842613,727
2055224058,913
472434565,914
472434565,914
472434565,914
472434565,914
472434565,914
472434565,914
1673631177,726
1673631177,726
1673631177,726
1673631177,726
1673631177,726
1673631177,726
376914867,924
376914867,924
358096663,729
358096663,729
358096663,729
358096663,729
358096663,729
358096663,729
358096663,729
358096663,729
225021219,730
225021219,730
225021219,730
225021219,730
225021219,730
225021219,730
794776114,917
794776114,917
794776114,917
794776114,917
794776114,917
401511126,918
401511126,918
401511126,918
401511126,918
401511126,918
28585758,919
28585758,919
28585758,919
28585758,919
28585758,919
593746315,920
593746315,920
593746315,920
593746315,920
593746315,920
875541491,921
875541491,921
875541491,921
875541491,921
875541491,921
801697721,922
801697721,922
801697721,922
801697721,922
801697721,922
345258879,923
345258879,923
345258879,923
345258879,923
345258879,923
1321731481,732
1321731481,732
1321731481,732
1321731481,732
1321731481,732
1321731481,732
1321731481,732
318494416,925
318494416,925
318374558,927
318374558,927
318374558,927
318374558,927
318374558,927
1005636106,733
1005636106,733
452380977,928
452380977,928
2000982425,929
2000982425,929
2000982425,929
2000982425,929
2000982425,929
2000982425,929
2046705676,930
2046705676,930
2046705676,930
2046705676,930
2046705676,930
1820834970,931
1820834970,931
1820834970,931
1820834970,931
1820834970,931
1688075159,932
1688075159,932
1688075159,932
1688075159,932
1688075159,932
2081565981,734
1505389195,933
1429641322,736
1429641322,736
1429641322,736
1429641322,736
1429641322,736
1429641322,736
1429641322,736
1754974912,934
2090993961,936
2090993961,936
2090993961,936
2090993961,936
2090993961,936
610988651,937
610988651,937
610988651,937
610988651,937
610988651,937
610988651,937
1722970521,938
1722970521,938
1722970521,938
1722970521,938
1722970521,938
1722970521,938
1130202512,737
1130202512,737
1280189821,939
1280189821,939
372701003,738
1079984781,940
2122873231,941
636495623,742
1063572703,739
1345717512,942
1064357987,740
1064357987,740
1064357987,740
1064357987,740
1064357987,740
1064357987,740
1064357987,740
1178997104,741
1178997104,741
942987050,943
942987050,943
806073642,743
806073642,743
2035877935,744
1756867526,944
1756867526,944
1424982703,945
