Div,Date,HomeTeam,AwayTeam,FTHG,FTAG,FTR,HTHG,HTAG,HTR,Referee,HS,AS,HST,AST,HF,AF,HC,AC,HY,AY,HR,AR,B365H,B365D,B365A,BWH,BWD,BWA,IWH,IWD,IWA,LBH,LBD,LBA,PSH,PSD,PSA,WHH,WHD,WHA,VCH,VCD,VCA,Bb1X2,BbMxH,BbAvH,BbMxD,BbAvD,BbMxA,BbAvA,BbOU,BbMx>2.5,BbAv>2.5,BbMx<2.5,BbAv<2.5,BbAH,BbAHh,BbMxAHH,BbAvAHH,BbMxAHA,BbAvAHA,PSCH,PSCD,PSCA
E0,13/08/16,Burnley,Swansea,0,1,A,0,0,D,J Moss,10,17,3,9,10,14,7,4,3,2,0,0,2.4,3.3,3.25,2.45,3.1,2.95,2.5,3.3,2.65,2.45,3.25,3.1,2.47,3.32,3.19,2.5,3.2,2.9,2.5,3.2,3.25,55,2.55,2.43,3.35,3.21,3.3,3.1,40,2.4,2.3,1.68,1.61,32,-0.25,2.13,2.06,1.86,1.81,2.79,3.16,2.89
E0,13/08/16,Crystal Palace,West Brom,0,1,A,0,0,D,C Pawson,14,13,4,3,12,15,3,6,2,2,0,0,2,3.3,4.5,2,3.2,3.9,2.1,3.3,3.3,2,3.25,4.33,2.06,3.29,4.32,2.05,3.1,4,2,3.3,4.4,56,2.1,2.01,3.4,3.23,4.5,4.16,38,2.68,2.5,1.6,1.52,33,-0.5,2.07,2,1.9,1.85,2.25,3.15,3.86
E0,13/08/16,Everton,Tottenham,1,1,D,1,0,H,M Atkinson,12,13,6,4,10,14,5,6,0,0,0,0,3.2,3.4,2.4,2.95,3.2,2.4,2.65,3.3,2.5,3.1,3.4,2.4,3.25,3.43,2.37,3.1,3.1,2.4,3.25,3.4,2.38,55,3.3,3.12,3.45,3.32,2.5,2.36,41,2.12,2.05,1.87,1.77,32,0.25,1.91,1.85,2.09,2,3.64,3.54,2.16
E0,13/08/16,Hull,Leicester,2,1,H,1,0,H,M Dean,14,18,5,5,8,17,5,3,2,2,0,0,4.5,3.6,1.91,4.33,3.4,1.9,3.3,3.3,2.1,4.5,3.5,1.91,4.43,3.55,1.95,4.2,3.25,1.95,4.4,3.5,1.95,55,4.5,4.17,3.6,3.43,2.33,1.95,40,2.3,2.19,1.74,1.67,31,0.25,2.35,2.26,2.03,1.67,4.68,3.5,1.92
E0,13/08/16,Man City,Sunderland,2,1,H,1,0,H,R Madley,16,7,4,3,11,14,9,6,1,2,0,0,1.25,6.5,15,1.22,6,11.5,1.25,5.5,10.3,1.25,6.5,13,1.27,6.48,13.15,1.25,5.5,13,1.25,6.5,15,56,1.3,1.25,6.8,6.11,15,12.55,39,1.56,1.53,2.67,2.48,34,-1.5,1.81,1.73,2.2,2.14,1.25,6.5,14.5
E0,13/08/16,Middlesbrough,Stoke,1,1,D,1,0,H,K Friend,12,12,2,1,18,14,9,6,3,5,0,0,2.38,3.2,3.4,2.25,3.1,3.25,2.3,3.3,2.9,2.3,3.2,3.4,2.33,3.24,3.53,2.4,3.1,3.1,2.38,3.2,3.4,56,2.4,2.31,3.3,3.16,3.65,3.38,38,2.61,2.46,1.57,1.53,32,-0.25,1.99,1.93,1.97,1.92,2.2,3.38,3.7
E0,13/08/16,Southampton,Watford,1,1,D,0,1,A,R East,24,5,6,1,8,12,6,2,1,2,0,1,1.8,3.75,5,1.8,3.4,4.5,1.8,3.5,4.2,1.8,3.6,5,1.88,3.68,4.64,1.83,3.4,4.5,1.83,3.6,5,56,1.88,1.82,3.8,3.56,5,4.62,42,2.13,2.06,1.83,1.75,33,-0.75,2.16,2.07,1.89,1.8,1.8,3.83,4.91
E0,14/08/16,Arsenal,Liverpool,3,4,A,1,1,D,M Oliver,9,16,5,7,13,17,5,4,3,3,0,0,2.4,3.5,3.1,2.35,3.3,2.9,2.3,3.3,2.9,2.38,3.4,3.1,2.41,3.53,3.1,2.5,3.1,3,2.4,3.5,3.1,55,2.5,2.36,3.55,3.42,3.2,3.04,42,1.98,1.81,2.09,1.99,31,-0.5,2.41,2.31,1.81,1.64,2.8,3.44,2.68
E0,14/08/16,Bournemouth,Man United,1,3,A,0,1,A,A Marriner,9,11,3,7,7,10,4,2,0,1,0,0,4.75,3.6,1.85,4.6,3.5,1.75,4.5,3.5,1.75,4.8,3.6,1.8,4.7,3.62,1.88,4.5,3.4,1.85,4.75,3.6,1.87,55,5,4.5,3.75,3.51,1.95,1.86,42,2.11,2.05,1.87,1.76,33,0.75,1.8,1.76,2.17,2.11,5.4,3.65,1.78
E0,15/08/16,Chelsea,West Ham,2,1,H,0,0,D,A Taylor,16,7,6,3,16,16,7,1,5,2,0,0,1.65,4,6,1.6,3.75,5.5,1.65,3.6,5.1,1.62,4,6,1.68,4.16,5.48,1.67,3.6,5.5,1.65,4.1,5.75,52,1.71,1.64,4.25,3.97,6,5.46,40,1.97,1.8,2.09,2.01,33,-1,2.2,2.1,1.8,1.76,1.52,4.38,7.45
E0,19/08/16,Man United,Southampton,2,0,H,1,0,H,A Taylor,12,13,5,1,11,8,4,0,0,0,0,0,1.53,4.2,7.5,1.48,4.33,8,1.4,4.4,7.3,1.53,4.2,7.5,1.54,4.33,7.19,1.44,4.33,7.5,1.55,4.1,7.5,56,1.62,1.52,4.45,4.17,8,7.06,43,2.03,1.94,1.96,1.86,37,-1,2.01,1.92,2.19,1.94,1.53,4.27,7.44
E0,20/08/16,Burnley,Liverpool,2,0,H,2,0,H,L Mason,3,26,2,5,14,5,1,12,0,1,0,0,6.5,4.2,1.57,6.5,4,1.55,5.6,3.9,1.55,6.5,4.1,1.57,7.12,4.2,1.56,7,3.5,1.57,7,4.2,1.55,55,7.12,6.43,4.35,4.09,1.6,1.55,42,1.92,1.86,2.01,1.93,36,1,1.98,1.91,2,1.94,7.26,4.54,1.51
E0,20/08/16,Leicester,Arsenal,0,0,D,0,0,D,M Clattenburg,8,13,1,4,11,7,2,7,1,2,0,0,2.88,3.6,2.5,2.75,3.6,2.45,2.75,3.3,2.4,2.9,3.6,2.4,2.92,3.6,2.5,2.88,3.2,2.5,2.9,3.6,2.5,56,3,2.87,3.63,3.48,2.55,2.45,42,1.74,1.69,2.24,2.16,32,0.25,1.83,1.78,2.15,2.1,2.82,3.5,2.63
E0,20/08/16,Stoke,Man City,1,4,A,0,2,A,M Dean,8,12,3,6,12,13,7,7,3,4,0,0,5.5,3.8,1.73,5.25,3.8,1.67,4.7,3.6,1.7,5.5,3.75,1.73,5.47,3.96,1.71,5,3.5,1.73,5.4,3.9,1.73,57,5.63,5.11,4,3.81,1.76,1.7,43,1.84,1.76,2.14,2.05,36,1,1.75,1.69,2.33,2.22,6.29,4.34,1.58
E0,20/08/16,Swansea,Hull,0,2,A,0,0,D,S Attwell,13,12,3,4,7,10,8,3,0,0,0,0,1.8,3.6,5.25,1.75,3.6,5,1.8,3.5,4.2,1.8,3.5,5.2,1.78,3.61,5.5,1.83,3.2,4.8,1.8,3.6,5.25,56,1.86,1.79,3.7,3.54,5.5,4.95,39,2.3,2.23,1.7,1.64,33,-1,2.56,2.45,1.62,1.57,1.86,3.55,4.95
E0,20/08/16,Tottenham,Crystal Palace,1,0,H,0,0,D,M Oliver,20,10,5,2,19,9,10,4,3,3,0,0,1.45,4.75,8,1.44,4.5,7.75,1.5,4,6.1,1.45,4.5,8,1.47,4.78,7.82,1.5,3.6,8.5,1.45,4.75,8,56,1.51,1.46,4.78,4.48,8.5,7.49,43,1.9,1.77,2.15,2.04,36,-1,1.76,1.72,2.26,2.17,1.47,4.64,7.91
E0,20/08/16,Watford,Chelsea,1,2,A,0,0,D,J Moss,6,13,2,4,20,10,0,5,4,3,0,0,5.5,3.8,1.73,5.5,3.7,1.67,4.2,3.5,1.8,5.25,3.75,1.73,5.44,3.74,1.76,5.5,3.3,1.73,5.75,3.75,1.73,56,5.75,5.22,3.85,3.66,1.8,1.72,42,2.16,2.08,1.88,1.74,33,0.75,1.97,1.93,2.01,1.93,6,3.99,1.66
E0,20/08/16,West Brom,Everton,1,2,A,1,1,D,N Swarbrick,11,13,4,7,16,10,7,4,3,1,0,0,3,3.25,2.6,2.95,3.1,2.55,2.85,3.2,2.4,3,3.2,2.6,3.11,3.19,2.6,2.7,3.2,2.62,3.13,3.2,2.55,56,3.13,2.97,3.3,3.15,2.7,2.56,40,2.51,2.38,1.62,1.57,32,0.25,1.77,1.72,2.25,2.17,3.08,3.17,2.63
E0,21/08/16,Sunderland,Middlesbrough,1,2,A,0,2,A,M Atkinson,18,8,5,3,11,14,8,1,1,1,0,0,2.55,3.2,3.1,2.5,3.1,3.1,2.3,3.2,3,2.5,3.2,3.1,2.61,3.22,3.06,2.6,3.2,2.75,2.63,3.13,3.1,56,2.64,2.52,3.25,3.16,3.25,3.02,39,2.5,2.38,1.64,1.57,33,-0.25,2.21,2.14,1.8,1.75,2.79,3.1,2.94
E0,21/08/16,West Ham,Bournemouth,1,0,H,0,0,D,C Pawson,15,8,2,5,15,15,1,6,3,1,0,1,1.95,3.75,4,1.91,3.6,4,1.8,3.5,4.2,1.95,3.6,4.1,1.98,3.75,4.02,1.91,3.2,4.33,1.95,3.75,4,55,2.03,1.94,3.85,3.62,4.33,3.96,42,1.88,1.78,2.1,2.02,31,-0.5,2,1.94,2.03,1.91,2.48,3.31,3.17
E0,27/08/16,Chelsea,Burnley,3,0,H,2,0,H,M Clattenburg,22,6,10,0,6,9,9,5,2,2,0,0,1.25,5.5,15,1.25,6,12,1.25,5.5,10.3,1.29,5.5,13,1.26,6.35,14.35,1.29,5,12,1.25,6,15,54,1.3,1.25,6.35,5.72,15.25,13.7,41,1.79,1.72,2.17,2.09,33,-2,2.44,2.33,1.68,1.62,1.25,6.6,15.24
E0,27/08/16,Crystal Palace,Bournemouth,1,1,D,0,1,A,M Dean,24,10,5,3,15,10,10,4,2,1,0,0,2.3,3.2,3.3,2.35,3.2,3.2,2.4,3.3,2.75,2.38,3.25,3.25,2.33,3.38,3.39,2.38,3.2,3.1,2.38,3.3,3.4,54,2.4,2.31,3.4,3.28,3.4,3.24,41,2.25,2.16,1.75,1.68,31,-0.25,2.03,1.94,1.94,1.88,2.23,3.36,3.64
E0,27/08/16,Everton,Stoke,1,0,H,0,0,D,M Oliver,21,8,9,1,14,11,9,2,2,1,0,0,1.73,3.6,5.25,1.72,3.75,5,1.7,3.6,4.7,1.73,3.75,5.25,1.74,3.79,5.55,1.75,3.6,4.75,1.73,3.8,5.5,54,1.77,1.72,3.8,3.66,5.7,5.17,42,2.05,1.96,1.91,1.82,32,-1,2.38,2.3,1.68,1.64,1.68,4.2,5.39
E0,27/08/16,Hull,Man United,0,1,A,0,0,D,J Moss,8,29,2,9,9,6,1,6,2,3,0,0,8,4.1,1.44,7,4.5,1.45,6.1,4,1.5,8,4.5,1.45,8.35,4.6,1.46,7,4,1.5,8.5,4.5,1.45,55,8.5,7.8,4.6,4.28,1.52,1.46,43,2.07,1.98,1.9,1.81,33,1,2.21,2.12,1.8,1.75,9.15,4.54,1.45
E0,27/08/16,Leicester,Swansea,2,1,H,1,0,H,R East,13,9,6,3,14,10,4,6,2,2,0,0,1.73,3.6,5.25,1.72,3.75,5,1.75,3.5,4.5,1.75,3.5,5.5,1.71,3.88,5.57,1.73,3.6,5,1.73,3.75,5.5,54,1.78,1.72,3.88,3.69,5.57,5.11,41,2.15,2.07,1.83,1.74,33,-1,2.45,2.31,1.67,1.63,1.69,4.12,5.37
E0,27/08/16,Southampton,Sunderland,1,1,D,0,0,D,L Mason,16,5,7,2,15,8,5,5,2,2,0,0,1.57,3.6,6.5,1.6,3.9,6,1.65,3.6,5.1,1.62,3.8,6.5,1.61,4.03,6.63,1.62,3.6,6,1.62,4,6.5,54,1.65,1.6,4.15,3.88,6.65,6.16,41,2.15,2.08,1.81,1.73,34,-1,2.12,2.04,1.86,1.81,1.48,4.75,7.45
E0,27/08/16,Tottenham,Liverpool,1,1,D,0,1,A,R Madley,11,13,4,3,11,17,5,5,3,5,0,0,2.38,3.4,3,2.4,3.5,2.9,2.4,3.3,2.75,2.4,3.5,3,2.36,3.56,3.17,2.38,3.4,2.9,2.4,3.5,3.1,55,2.5,2.37,3.57,3.43,3.17,3.01,42,1.83,1.75,2.11,2.05,30,-0.25,2.08,2.01,1.91,1.84,2.68,3.37,2.85
E0,27/08/16,Watford,Arsenal,1,3,A,0,3,A,K Friend,14,10,6,7,18,15,3,2,6,1,0,0,5,3.75,1.73,5,3.75,1.72,4.5,3.5,1.75,5,3.75,1.75,5.47,3.91,1.72,4.6,3.75,1.73,5.25,3.9,1.73,55,5.5,5.12,3.91,3.72,1.78,1.72,43,2,1.91,1.97,1.87,33,1,1.72,1.67,2.34,2.24,6,4.16,1.63
E0,28/08/16,Man City,West Ham,3,1,H,2,0,H,A Marriner,22,9,5,2,5,10,5,4,1,3,0,0,1.25,6,11,1.28,6,10,1.25,5.5,10.3,1.3,6,10,1.3,6.3,10.91,1.3,5.5,9.5,1.3,6,11,52,1.33,1.28,6.3,5.75,12,10.65,41,1.55,1.49,2.85,2.57,31,-1.5,1.85,1.77,2.2,2.08,1.26,6.5,13.25
E0,28/08/16,West Brom,Middlesbrough,0,0,D,0,0,D,A Taylor,13,7,2,2,12,11,5,4,1,3,0,0,2.6,3.1,2.9,2.5,3.1,3.1,2.5,3.2,2.75,2.62,3,3.1,2.6,3.09,3.2,2.6,2.9,3,2.63,3,3.2,54,2.63,2.56,3.2,3.06,3.25,3.04,39,2.73,2.57,1.55,1.49,29,-0.25,2.2,2.15,1.79,1.73,2.65,3.1,3.12
E0,10/09/16,Arsenal,Southampton,2,1,H,1,1,D,R Madley,17,11,2,5,10,8,6,1,2,5,0,0,1.57,4.2,6.5,1.55,4.2,6,1.55,3.9,5.6,1.57,4.2,6.5,1.6,4.35,6.15,1.62,3.5,6.5,1.57,4.33,6.5,56,1.63,1.57,4.39,4.15,6.5,5.98,45,1.85,1.79,2.1,2.02,36,-1,2,1.95,1.96,1.9,1.63,4.17,6.05
E0,10/09/16,Bournemouth,West Brom,1,0,H,0,0,D,K Friend,12,12,5,2,9,11,10,5,1,3,0,0,2.05,3.25,4.33,2,3.3,4,2.1,3.2,3.4,2.05,3.25,4.2,2.05,3.31,4.33,2.1,3,4,2.05,3.25,4.33,56,2.1,2.02,3.4,3.25,4.55,4.15,40,2.55,2.38,1.61,1.56,31,-0.5,2.06,2,1.9,1.85,2.12,3.25,4.14
E0,10/09/16,Burnley,Hull,1,1,D,0,0,D,P Tierney,13,11,2,3,13,3,5,9,2,0,0,0,2.45,3.1,3.4,2.4,3.1,3.2,2.5,3.2,2.75,2.4,3.2,3.25,2.44,3.21,3.36,2.3,3.1,3.3,2.4,3.2,3.4,56,2.5,2.41,3.21,3.14,3.44,3.22,40,2.6,2.41,1.6,1.55,32,-0.25,2.07,2.02,1.9,1.84,2.55,3.14,3.23
E0,10/09/16,Liverpool,Leicester,4,1,H,2,1,H,C Pawson,17,12,11,3,4,8,1,7,1,2,0,0,1.7,4,5.5,1.67,4,5.5,1.6,3.7,5.4,1.7,3.8,5.5,1.7,3.97,5.54,1.7,3.75,5.5,1.67,4.1,5.5,57,1.7,1.66,4.24,3.95,6,5.36,45,1.85,1.75,2.15,2.07,36,-1,2.21,2.09,1.81,1.77,1.68,4.07,5.52
E0,10/09/16,Man United,Man City,1,2,A,1,2,A,M Clattenburg,14,18,3,6,15,10,4,4,4,2,0,0,2.38,3.25,3.4,2.3,3.3,3.5,2.4,3.2,2.85,2.38,3.25,3.3,2.38,3.31,3.35,2.38,3.2,3.4,2.3,3.3,3.4,57,2.4,2.32,3.37,3.26,3.5,3.28,45,2.17,2.09,1.8,1.73,32,-0.25,2.03,1.97,1.94,1.88,2.42,3.1,3.51
E0,10/09/16,Middlesbrough,Crystal Palace,1,2,A,1,1,D,N Swarbrick,12,12,4,4,5,9,6,6,1,2,0,0,2.3,3.2,3.6,2.2,3.2,3.5,2.2,3.2,3.2,2.3,3.2,3.5,2.31,3.2,3.65,2.38,3.1,3.2,2.3,3.13,3.7,56,2.38,2.27,3.25,3.15,3.75,3.5,40,2.6,2.48,1.56,1.52,32,-0.25,1.98,1.92,1.98,1.93,2.45,3.21,3.32
E0,10/09/16,Stoke,Tottenham,0,4,A,0,1,A,A Taylor,15,20,2,8,13,18,10,8,3,2,0,0,4.6,3.75,1.85,4.6,3.6,1.8,4,3.45,1.85,4.33,3.75,1.85,4.34,3.82,1.89,4.8,3.2,1.85,4.75,3.6,1.87,57,4.8,4.38,3.9,3.66,1.9,1.84,46,2,1.94,1.95,1.85,31,0.75,1.83,1.78,2.17,2.08,4.27,3.68,1.94
E0,10/09/16,West Ham,Watford,2,4,A,2,2,D,M Atkinson,19,13,4,8,10,15,4,4,2,2,0,0,1.91,3.6,4.5,1.83,3.5,4.5,1.8,3.5,4.2,1.91,3.5,4.5,1.9,3.6,4.62,1.91,3.2,4.5,1.93,3.5,4.5,56,1.95,1.88,3.7,3.53,4.75,4.35,45,2.1,1.99,1.87,1.81,31,-0.75,2.21,2.13,1.8,1.74,1.9,3.76,4.4
E0,11/09/16,Swansea,Chelsea,2,2,D,0,1,A,A Marriner,6,28,2,7,17,8,1,11,3,4,0,0,5.75,4,1.67,5.75,4,1.65,5.1,3.6,1.65,5.5,4,1.67,5.77,4.17,1.65,6,3.6,1.62,5.75,4,1.65,57,6,5.45,4.2,3.97,1.69,1.65,46,1.88,1.82,2.05,1.98,35,1,1.82,1.77,2.16,2.09,6.59,4.25,1.58
E0,12/09/16,Sunderland,Everton,0,3,A,0,0,D,M Jones,11,20,2,9,11,8,5,4,1,1,0,0,3.8,3.5,2.1,3.8,3.5,2.1,3.3,3.3,2.1,3.8,3.4,2.1,3.75,3.6,2.1,3.75,3.2,2.1,3.7,3.4,2.15,55,3.8,3.59,3.6,3.45,2.19,2.1,41,2.1,1.97,1.92,1.81,29,0.5,1.85,1.78,2.13,2.07,3.67,3.51,2.16
E0,16/09/16,Chelsea,Liverpool,1,2,A,0,2,A,M Atkinson,12,13,4,5,6,13,6,4,1,1,0,0,2.25,3.5,3.4,2.25,3.5,3.3,2.3,3.3,3.15,2.25,3.5,3.3,2.28,3.49,3.4,2.3,3.4,3.4,2.3,3.5,3.3,57,2.33,2.25,3.65,3.46,3.5,3.29,46,1.79,1.73,2.18,2.1,33,-0.25,1.98,1.93,1.98,1.93,2.19,3.59,3.52
E0,17/09/16,Everton,Middlesbrough,3,1,H,3,1,H,L Mason,11,7,6,0,5,15,6,3,2,1,0,0,1.67,3.8,6,1.65,3.8,5.5,1.7,3.7,5,1.65,3.8,6,1.65,3.99,6.19,1.7,3.2,6,1.65,4,6,57,1.7,1.65,4.05,3.83,6.19,5.7,46,2.07,1.99,1.9,1.81,34,-1,2.21,2.14,1.77,1.73,1.65,3.89,6.35
E0,17/09/16,Hull,Arsenal,1,4,A,0,1,A,R East,6,24,2,9,9,12,2,4,0,2,1,0,6,4.2,1.6,6,4,1.57,5.5,4,1.6,6,4.2,1.57,6.03,4.2,1.6,6,3.6,1.62,6.5,4.1,1.6,57,6.5,5.94,4.27,4.05,1.64,1.59,46,1.96,1.87,2,1.92,36,1,1.89,1.85,2.07,2,6.12,4.19,1.62
E0,17/09/16,Leicester,Burnley,3,0,H,1,0,H,A Taylor,14,7,6,2,10,9,7,1,0,1,0,0,1.5,4.33,8,1.53,4.1,6.5,1.6,4,5.5,1.5,4.2,7.5,1.46,4.49,8.87,1.5,3.75,8,1.45,4.6,8.5,56,1.6,1.48,4.64,4.29,9,7.5,45,1.95,1.85,2.03,1.94,36,-1,1.95,1.75,2.19,2.12,1.5,4.6,7.32
E0,17/09/16,Man City,Bournemouth,4,0,H,2,0,H,J Moss,20,6,12,2,8,11,5,5,1,1,1,0,1.29,6,12,1.26,6.25,10,1.25,6,11,1.29,5.75,12,1.28,6.24,12.78,1.29,5,12,1.29,6.25,12,56,1.35,1.28,6.39,5.82,13,11.3,42,1.54,1.48,2.73,2.59,35,-2,2.45,2.34,1.65,1.62,1.25,6.95,13.05
E0,17/09/16,West Brom,West Ham,4,2,H,3,0,H,M Clattenburg,8,23,6,5,14,6,2,6,2,1,0,0,2.8,3.2,2.8,2.75,3.1,2.75,2.6,3.25,2.75,2.7,3.2,2.88,2.9,3.19,2.76,2.7,3.1,2.7,2.8,3.2,2.8,55,2.9,2.73,3.3,3.17,2.9,2.76,44,2.3,2.21,1.71,1.66,31,-0.25,2.4,2.29,1.7,1.64,2.91,3.23,2.72
E0,18/09/16,Crystal Palace,Stoke,4,1,H,2,0,H,C Pawson,14,11,8,4,15,9,10,5,2,1,0,0,2,3.5,4.2,2,3.4,3.9,2.1,3.4,3.5,2,3.4,4.2,2.09,3.37,4.08,2.05,3.1,4,2.05,3.4,4,57,2.1,2.03,3.51,3.35,4.25,3.96,45,2.25,2.14,1.78,1.69,31,-0.25,1.79,1.73,2.23,2.15,2.12,3.41,3.92
E0,18/09/16,Southampton,Swansea,1,0,H,0,0,D,M Jones,19,9,6,3,14,9,7,1,1,1,0,0,1.7,3.8,5.75,1.65,3.6,5.25,1.7,3.7,5,1.7,3.75,5.5,1.68,3.84,6.17,1.7,3.4,5.5,1.7,3.8,5.5,56,1.73,1.68,3.97,3.72,6.17,5.62,45,2.13,2.01,1.85,1.79,35,-1,2.28,2.19,1.75,1.7,1.67,4.06,5.74
E0,18/09/16,Tottenham,Sunderland,1,0,H,0,0,D,M Dean,31,6,9,2,7,16,14,1,1,5,0,1,1.33,5.5,11,1.28,5.5,9.25,1.35,5.3,8,1.3,5.5,11,1.35,5.52,10.26,1.33,4.33,12,1.33,5.5,10,57,1.39,1.33,5.8,5.27,12,10.01,45,1.72,1.66,2.3,2.2,35,-1.5,2.02,1.96,1.95,1.89,1.34,5.75,9.75
E0,18/09/16,Watford,Man United,3,1,H,1,0,H,M Oliver,10,15,5,2,14,19,5,7,3,4,0,0,6,4.2,1.62,5.5,4,1.62,5.5,4,1.6,6,4.1,1.6,5.8,4.12,1.65,6,3.6,1.62,6,4.1,1.62,57,6.4,5.67,4.2,3.95,1.69,1.63,46,1.97,1.88,2,1.91,30,1,1.82,1.77,2.19,2.09,6.5,4.27,1.58
E0,24/09/16,Arsenal,Chelsea,3,0,H,3,0,H,M Oliver,14,9,5,2,9,11,9,1,0,2,0,0,2.4,3.5,3.1,2.4,3.4,3.1,2.35,3.3,3.05,2.4,3.4,3.1,2.35,3.53,3.21,2.4,3.2,3.2,2.38,3.6,3.13,55,2.46,2.35,3.6,3.43,3.21,3.08,41,1.85,1.76,2.14,2.06,30,-0.25,2.05,2,1.92,1.86,2.48,3.49,3.02
E0,24/09/16,Bournemouth,Everton,1,0,H,1,0,H,R Madley,12,13,1,2,10,14,5,3,2,2,0,0,3.6,3.5,2.15,3.6,3.4,2.1,3.5,3.4,2.1,3.6,3.4,2.15,3.79,3.57,2.1,3.6,3.4,2.15,3.6,3.5,2.15,55,3.79,3.55,3.58,3.46,2.2,2.12,42,2,1.91,1.95,1.88,28,0.5,1.85,1.78,2.15,2.09,3.33,3.46,2.32
E0,24/09/16,Liverpool,Hull,5,1,H,3,0,H,A Marriner,32,2,12,1,8,8,13,2,1,2,0,1,1.22,7,15,1.22,6.5,13,1.25,6,11,1.22,6.5,14,1.23,7,15.54,1.25,6,13,1.22,7,15,56,1.27,1.22,7.27,6.62,17,13.93,39,1.59,1.54,2.6,2.44,35,-2,2.08,2.02,1.93,1.84,1.25,6.95,12.65
E0,24/09/16,Man United,Leicester,4,1,H,4,0,H,M Dean,16,10,7,3,9,12,8,6,0,2,0,0,1.73,3.9,5.25,1.67,4,5.5,1.65,3.8,5.3,1.73,3.9,5,1.74,3.86,5.39,1.7,3.75,5.5,1.73,3.9,5.25,57,1.76,1.71,4.05,3.84,5.5,5.14,44,1.92,1.86,2.02,1.94,35,-1,2.37,2.23,1.72,1.68,1.69,3.93,5.75
E0,24/09/16,Middlesbrough,Tottenham,1,2,A,0,2,A,G Scott,6,19,2,5,14,9,2,10,2,1,0,0,3.75,3.5,2.1,3.75,3.5,2,4.1,3.5,1.9,3.75,3.4,2.1,3.73,3.48,2.15,4,3.4,2,3.8,3.4,2.15,55,4.1,3.7,3.5,3.39,2.17,2.1,41,2.24,2.12,1.79,1.71,29,0.25,2.15,2.06,1.86,1.81,3.94,3.41,2.11
E0,24/09/16,Stoke,West Brom,1,1,D,0,0,D,M Atkinson,12,9,2,3,9,13,6,6,3,4,0,0,2.38,3.3,3.3,2.3,3.2,3.3,2.3,3.3,3.15,2.38,3.25,3.25,2.34,3.35,3.4,2.3,3.3,3.3,2.4,3.2,3.4,55,2.4,2.33,3.4,3.26,3.4,3.25,41,2.25,2.15,1.75,1.7,30,-0.25,2,1.96,1.95,1.91,2.29,3.43,3.42
E0,24/09/16,Sunderland,Crystal Palace,2,3,A,1,0,H,A Taylor,11,20,4,4,15,12,3,5,0,2,0,0,2.88,3.25,2.7,2.8,3.2,2.6,2.7,3.3,2.6,2.88,3.25,2.62,2.88,3.3,2.7,2.8,3.2,2.7,2.88,3.3,2.7,56,2.95,2.81,3.35,3.25,2.73,2.64,42,2.2,2.09,1.81,1.73,30,0,2.03,1.98,1.92,1.87,2.51,3.31,3.13
E0,24/09/16,Swansea,Man City,1,3,A,1,1,D,N Swarbrick,13,18,5,4,15,9,2,7,2,4,0,0,9,5.5,1.36,7.5,5,1.4,7.5,4.8,1.4,8.5,5.25,1.36,9.45,5.31,1.38,9,4.5,1.4,9.5,5.4,1.36,55,9.5,8.38,5.5,5.08,1.45,1.38,38,1.64,1.58,2.46,2.35,32,1.5,1.88,1.82,2.1,2.04,9.05,5.99,1.35
E0,25/09/16,West Ham,Southampton,0,3,A,0,1,A,J Moss,13,18,1,9,9,14,6,2,5,2,0,0,2.8,3.3,2.75,2.8,3.3,2.7,2.7,3.3,2.6,2.8,3.25,2.7,2.83,3.35,2.72,2.8,3.2,2.7,2.8,3.4,2.63,56,2.9,2.78,3.44,3.29,2.78,2.64,43,2,1.93,1.93,1.87,30,0,2.02,1.97,1.93,1.87,3.15,3.41,2.44
E0,26/09/16,Burnley,Watford,2,0,H,1,0,H,M Jones,13,12,4,3,11,15,7,6,1,3,0,0,2.9,3.2,2.7,2.9,3.2,2.65,2.65,3.3,2.65,2.9,3.2,2.62,3.09,3.21,2.59,2.75,3.25,2.7,3,3.2,2.6,53,3.09,2.9,3.34,3.17,2.75,2.59,40,2.31,2.22,1.69,1.65,27,0,2.15,2.05,1.84,1.8,3.4,3.23,2.4
E0,30/09/16,Everton,Crystal Palace,1,1,D,1,0,H,J Moss,13,10,3,2,16,11,10,9,5,4,0,0,1.73,4,5,1.72,3.75,5,1.75,3.6,4.8,1.73,3.9,5,1.74,3.95,5.25,1.75,3.8,5,1.75,3.9,5,54,1.77,1.73,4.02,3.85,5.45,4.98,48,1.85,1.77,2.13,2.05,33,-1,2.31,2.24,1.72,1.68,1.76,3.88,5.1
E0,01/10/16,Hull,Chelsea,0,2,A,0,0,D,A Taylor,8,22,3,9,13,15,5,7,2,2,0,0,7.5,4.5,1.5,7,4.5,1.45,6.5,4.2,1.5,7,4.4,1.5,7.68,4.63,1.48,7,4.33,1.5,7.5,4.6,1.5,56,7.68,6.93,4.75,4.45,1.54,1.49,49,1.77,1.72,2.2,2.11,35,1,2.19,2.09,1.8,1.77,7.5,4.9,1.46
E0,01/10/16,Sunderland,West Brom,1,1,D,0,1,A,S Attwell,7,17,2,7,7,13,6,5,1,3,0,0,2.5,3.25,3.2,2.45,3.1,3.1,2.5,3.3,2.85,2.4,3.2,3.25,2.47,3.24,3.26,2.5,3.1,3.2,2.45,3.25,3.25,55,2.55,2.44,3.3,3.17,3.3,3.16,48,2.4,2.25,1.7,1.64,32,-0.25,2.17,2.05,1.86,1.81,2.54,3.17,3.21
E0,01/10/16,Swansea,Liverpool,1,2,A,1,0,H,M Oliver,8,18,3,6,11,9,3,10,2,2,0,0,8,4.75,1.45,7,4.5,1.45,7,4.5,1.45,7.5,4.75,1.44,8.44,4.92,1.43,8,4.5,1.44,8,4.8,1.44,56,8.44,7.38,5.14,4.72,1.49,1.44,45,1.61,1.55,2.54,2.42,35,1,2.34,2.24,1.72,1.67,7.3,5.04,1.46
E0,01/10/16,Watford,Bournemouth,2,2,D,0,1,A,M Dean,17,11,7,2,17,12,4,5,3,4,0,0,2.38,3.3,3.3,2.3,3.25,3.25,2.2,3.15,3.5,2.38,3.25,3.25,2.42,3.32,3.27,2.4,3.2,3.2,2.38,3.4,3.25,55,2.42,2.35,3.45,3.28,3.5,3.21,49,2.09,2,1.89,1.81,32,-0.25,2.06,2,1.91,1.86,2.51,3.33,3.11
E0,01/10/16,West Ham,Middlesbrough,1,1,D,0,0,D,N Swarbrick,19,9,2,3,13,12,4,5,2,3,0,0,2.25,3.4,3.5,2.1,3.4,3.6,2.1,3.4,3.5,2.2,3.4,3.5,2.23,3.35,3.66,2.3,3.3,3.3,2.2,3.4,3.6,55,2.3,2.21,3.5,3.31,3.66,3.5,49,2.15,2.09,1.85,1.74,32,-0.25,1.95,1.88,2.04,1.97,2,3.52,4.26
E0,02/10/16,Burnley,Arsenal,0,1,A,0,0,D,C Pawson,10,18,1,3,2,3,2,6,0,0,0,0,9,5,1.4,8.5,5,1.36,7.5,4.8,1.4,9,4.75,1.4,10.17,5.13,1.38,9.5,4.5,1.4,10,5,1.36,56,10.17,8.94,5.28,4.91,1.43,1.38,49,1.79,1.71,2.2,2.13,34,1.5,1.83,1.79,2.16,2.06,9.5,5.38,1.37
E0,02/10/16,Leicester,Southampton,0,0,D,0,0,D,M Atkinson,9,11,1,5,9,9,3,6,1,0,0,0,2.25,3.4,3.5,2.2,3.3,3.4,2.1,3.4,3.5,2.25,3.4,3.4,2.24,3.35,3.63,2.25,3.25,3.5,2.2,3.4,3.6,55,2.3,2.21,3.45,3.31,3.65,3.49,48,2.17,2.08,1.85,1.74,32,-0.25,1.93,1.87,2.04,1.98,2.52,3.38,3.05
E0,02/10/16,Man United,Stoke,1,1,D,0,0,D,R Madley,24,7,9,6,14,9,13,2,3,0,0,0,1.33,5.75,10,1.3,5.5,10,1.33,5.5,8.2,1.33,5.5,10,1.35,5.46,10.61,1.33,5,11,1.33,5.5,11,56,1.41,1.34,5.75,5.25,11,9.59,49,1.7,1.66,2.35,2.22,35,-1.5,2.06,2,1.9,1.86,1.31,5.8,12
E0,02/10/16,Tottenham,Man City,2,0,H,2,0,H,A Marriner,13,12,7,6,20,10,4,3,2,2,0,0,3,3.5,2.5,3,3.4,2.35,3.35,3.3,2.2,3.1,3.4,2.4,2.99,3.54,2.48,3,3.4,2.4,2.9,3.5,2.5,56,3.35,2.96,3.6,3.43,2.5,2.42,49,1.79,1.74,2.2,2.09,32,0.25,1.84,1.79,2.18,2.09,3.02,3.5,2.48
E0,15/10/16,Arsenal,Swansea,3,2,H,2,1,H,J Moss,16,13,6,6,7,10,5,6,0,1,1,0,1.29,6.5,11,1.26,6.25,10,1.25,6,11,1.29,5.75,12,1.28,6.15,12.8,1.29,5.5,12,1.29,6,12,49,1.32,1.28,6.5,5.91,13,11.22,41,1.56,1.51,2.65,2.56,28,-2,2.38,2.28,1.69,1.65,1.24,7,14.5
E0,15/10/16,Bournemouth,Hull,6,1,H,3,1,H,L Mason,22,11,10,4,8,14,5,4,0,3,0,0,1.85,3.5,5,1.8,3.5,4.75,1.85,3.5,4.3,1.85,3.5,4.75,1.83,3.61,5.05,1.85,3.4,4.8,1.83,3.6,5,49,1.9,1.83,3.71,3.51,5.05,4.74,41,2.12,2.02,1.87,1.8,24,-1,2.69,2.5,1.58,1.55,1.79,3.81,4.99
E0,15/10/16,Chelsea,Leicester,3,0,H,2,0,H,A Marriner,16,5,6,0,6,12,8,5,1,1,0,0,1.57,4.5,6,1.57,4.33,6.25,1.6,3.9,5.7,1.57,4.2,6,1.58,4.33,6.3,1.6,3.8,6.5,1.6,4.2,6.25,50,1.63,1.58,4.5,4.19,6.5,5.88,42,1.77,1.69,2.3,2.17,30,-1,2,1.95,1.94,1.89,1.56,4.35,6.76
E0,15/10/16,Crystal Palace,West Ham,0,1,A,0,1,A,M Atkinson,12,12,3,4,12,13,7,6,1,3,0,1,2.15,3.5,3.6,2,3.5,3.75,2.2,3.35,3.3,2.1,3.5,3.6,2.14,3.52,3.71,2.2,3.1,3.75,2.1,3.6,3.7,49,2.2,2.1,3.62,3.45,3.9,3.61,42,1.89,1.83,2.06,1.99,24,-0.5,2.14,2.07,1.84,1.79,2.23,3.45,3.56
E0,15/10/16,Man City,Everton,1,1,D,0,0,D,M Oliver,19,3,8,2,7,9,13,1,0,2,0,0,1.5,4.75,7,1.48,4.75,6.25,1.45,4.4,7.2,1.5,4.6,6.5,1.52,4.68,6.82,1.5,4.33,7,1.5,4.8,6.5,49,1.56,1.5,4.85,4.52,8,6.46,40,1.58,1.54,2.65,2.48,25,-1.5,2.46,2.34,1.65,1.63,1.52,4.73,6.68
E0,15/10/16,Stoke,Sunderland,2,0,H,2,0,H,M Jones,18,11,6,1,10,13,6,4,1,1,0,0,2,3.6,4,1.95,3.5,4,2.1,3.4,3.5,2,3.5,4,1.98,3.51,4.34,2.05,3.3,4,1.95,3.6,4.3,49,2.1,1.99,3.6,3.44,4.34,3.99,42,2.11,2.02,1.9,1.79,24,-0.75,2.35,2.26,1.71,1.66,1.94,3.61,4.36
E0,15/10/16,West Brom,Tottenham,1,1,D,0,0,D,K Friend,8,20,4,8,14,10,5,8,2,2,0,0,5.5,3.8,1.73,5.25,3.8,1.67,4.8,3.6,1.75,5.25,3.6,1.75,5.45,3.91,1.72,5.5,3.4,1.75,5.5,3.75,1.73,49,5.65,5.27,3.95,3.71,1.77,1.72,42,2.11,2.04,1.84,1.78,25,0.75,2,1.95,1.95,1.9,5.55,3.95,1.7
E0,16/10/16,Middlesbrough,Watford,0,1,A,0,0,D,R East,10,4,3,2,15,10,4,6,4,1,0,0,2.25,3.3,3.6,2.2,3.1,3.6,2.3,3.3,3.15,2.2,3.25,3.6,2.33,3.27,3.51,2.3,3.1,3.6,2.3,3.2,3.6,49,2.33,2.25,3.4,3.21,3.65,3.5,42,2.42,2.29,1.7,1.63,25,-0.25,1.98,1.91,2.02,1.94,2.26,3.27,3.67
E0,16/10/16,Southampton,Burnley,3,1,H,0,0,D,M Dean,34,6,14,1,11,10,8,4,1,2,0,0,1.4,4.8,9.5,1.4,4.5,9,1.4,4.8,7.5,1.4,4.75,9,1.39,4.89,10.41,1.4,4.5,10,1.36,4.8,10.5,49,1.44,1.39,5.06,4.63,10.5,9.33,42,1.97,1.89,2,1.92,27,-1.5,2.2,2.12,1.82,1.75,1.35,5.3,10.85
E0,17/10/16,Liverpool,Man United,0,0,D,0,0,D,A Taylor,9,7,3,1,14,20,3,1,0,4,0,0,2.2,3.5,3.5,2.15,3.5,3.6,2.1,3.4,3.5,2.2,3.4,3.5,2.19,3.51,3.58,2.25,3.1,3.6,2.15,3.5,3.5,48,2.27,2.16,3.59,3.42,3.65,3.45,39,1.85,1.77,2.15,2.04,21,-0.5,2.2,2.13,1.79,1.74,2.28,3.34,3.54
E0,22/10/16,Arsenal,Middlesbrough,0,0,D,0,0,D,M Dean,9,11,5,4,6,13,8,3,1,0,0,0,1.25,6.5,15,1.25,6,12,1.25,6,11,1.25,6,13,1.27,6.28,13.55,1.25,6,13,1.22,6.25,12,54,1.31,1.26,6.5,5.99,15,12.63,43,1.69,1.63,2.35,2.25,33,-2,2.44,2.3,1.68,1.64,1.27,6.3,13
E0,22/10/16,Bournemouth,Tottenham,0,0,D,0,0,D,C Pawson,8,16,1,4,10,15,7,4,2,4,0,0,4.2,3.6,1.95,4.1,3.6,1.95,3.8,3.4,2,4,3.5,2,4.12,3.7,1.97,4,3.4,2,4.1,3.7,1.95,55,4.2,3.94,3.75,3.58,2.02,1.97,48,1.87,1.8,2.12,2.01,30,0.5,1.97,1.91,1.98,1.94,4.3,3.66,1.94
E0,22/10/16,Burnley,Everton,2,1,H,1,0,H,M Jones,9,20,3,8,16,15,2,8,2,3,0,0,6,3.8,1.67,6,3.8,1.62,4.8,3.6,1.75,6,3.75,1.67,6.05,3.87,1.68,6,3.6,1.67,6.25,3.8,1.67,54,6.5,5.84,3.99,3.74,1.75,1.66,46,2.2,2.07,1.81,1.74,33,1,1.77,1.71,2.3,2.17,5.9,3.73,1.71
E0,22/10/16,Hull,Stoke,0,2,A,0,1,A,K Friend,9,12,2,6,16,8,5,7,2,3,0,0,3.1,3.3,2.5,2.95,3.2,2.5,2.7,3.2,2.7,3,3.3,2.5,3.16,3.35,2.46,3.1,3.2,2.5,3.1,3.3,2.5,54,3.16,3.01,3.4,3.27,2.7,2.48,45,2.1,2.04,1.85,1.77,28,0.25,1.84,1.78,2.14,2.09,2.99,3.32,2.6
E0,22/10/16,Leicester,Crystal Palace,3,1,H,1,0,H,M Oliver,17,23,4,7,10,8,8,8,0,0,0,0,2.05,3.5,3.9,2.05,3.4,3.7,2,3.4,3.8,2.05,3.4,4,2.06,3.44,4.1,2.05,3.3,4,2.05,3.5,4,54,2.1,2.04,3.5,3.38,4.1,3.89,47,2.06,1.99,1.9,1.81,29,-0.5,2.06,2.02,1.89,1.83,2,3.42,4.38
E0,22/10/16,Liverpool,West Brom,2,1,H,2,0,H,N Swarbrick,21,6,7,1,9,13,3,2,1,3,0,0,1.29,6,13,1.28,6,12,1.3,5.5,9.5,1.29,6,11,1.28,6.26,12.86,1.29,6,11,1.29,6,12,54,1.33,1.28,6.33,5.84,13.25,11.53,43,1.68,1.62,2.36,2.26,33,-1.5,1.88,1.82,2.11,2.04,1.31,5.93,11.06
E0,22/10/16,Swansea,Watford,0,0,D,0,0,D,P Tierney,11,10,5,2,15,16,7,2,2,1,0,0,2.38,3.3,3.3,2.3,3.25,3.25,2.3,3.3,3.15,2.38,3.25,3.3,2.33,3.35,3.42,2.3,3.4,3.2,2.3,3.4,3.4,54,2.4,2.31,3.47,3.3,3.5,3.27,47,2.03,1.93,1.95,1.86,30,-0.25,2,1.95,1.95,1.9,2.49,3.3,3.17
E0,22/10/16,West Ham,Sunderland,1,0,H,0,0,D,R Madley,20,10,3,2,10,13,6,2,2,5,0,0,1.67,4,5.75,1.7,3.8,5,1.75,3.6,4.8,1.7,3.75,5.5,1.68,4.07,5.52,1.7,3.75,5.5,1.7,4,5.4,54,1.75,1.68,4.15,3.94,5.75,5.24,47,1.85,1.8,2.1,2.01,33,-1,2.3,2.17,1.76,1.71,1.69,4.01,5.61
E0,23/10/16,Chelsea,Man United,4,0,H,2,0,H,M Atkinson,14,16,6,5,7,17,5,7,3,2,0,0,2.15,3.4,3.8,2.25,3.3,3.6,2.2,3.3,3.35,2.25,3.25,3.6,2.24,3.31,3.68,2.25,3.1,3.6,2.2,3.4,3.6,54,2.27,2.21,3.4,3.24,3.8,3.57,46,2.17,2.07,1.82,1.75,30,-0.25,1.92,1.87,2.05,1.98,2.19,3.31,3.82
E0,23/10/16,Man City,Southampton,1,1,D,0,1,A,M Clattenburg,14,6,3,2,11,10,10,3,3,3,0,0,1.5,4.5,7.5,1.5,4.5,7,1.5,4.2,6.5,1.5,4.6,6.5,1.5,4.63,7.3,1.5,4.33,7,1.5,4.6,7,54,1.54,1.49,4.75,4.44,7.5,6.92,44,1.71,1.66,2.35,2.2,33,-1,1.82,1.77,2.15,2.08,1.47,4.59,8.25
E0,29/10/16,Crystal Palace,Liverpool,2,4,A,2,3,A,A Marriner,7,17,6,10,15,5,3,3,1,2,0,0,5.25,4,1.7,5,4,1.72,4.8,3.6,1.75,4.75,4,1.75,4.9,3.92,1.78,5,3.8,1.75,5,3.9,1.75,56,5.5,4.82,4.2,3.9,1.82,1.73,47,1.83,1.75,2.15,2.07,36,1,1.71,1.66,2.4,2.27,4.8,4.08,1.76
E0,29/10/16,Man United,Burnley,0,0,D,0,0,D,M Clattenburg,37,7,11,1,12,9,19,1,1,3,1,0,1.2,7,19,1.2,6.5,15,1.2,6.5,15,1.22,6.5,17,1.22,6.9,18.5,1.22,6,17,1.2,7,17,55,1.25,1.21,7.05,6.49,20.25,16.6,46,1.77,1.71,2.21,2.12,36,-2,2.13,2.05,1.85,1.8,1.26,6.4,14.25
E0,29/10/16,Middlesbrough,Bournemouth,2,0,H,1,0,H,S Attwell,10,15,3,3,3,5,4,7,1,1,0,0,2.5,3.2,3.2,2.45,3.1,3.1,2.5,3.1,3,2.5,3.1,3.2,2.57,3.15,3.19,2.6,3,3.1,2.5,3.2,3.2,56,2.6,2.49,3.24,3.13,3.3,3.1,47,2.36,2.25,1.69,1.64,32,-0.25,2.17,2.1,1.82,1.77,2.52,3.13,3.29
E0,29/10/16,Sunderland,Arsenal,1,4,A,0,1,A,M Atkinson,3,21,1,7,9,13,0,8,4,3,0,0,9,5,1.4,8,5.25,1.4,7.5,4.8,1.4,8,5,1.4,8.25,5.1,1.42,8.5,4.8,1.4,8.5,5.2,1.4,57,9,7.88,5.25,4.94,1.46,1.4,45,1.64,1.59,2.46,2.33,37,1,2.47,2.35,1.66,1.61,8.14,4.87,1.44
E0,29/10/16,Tottenham,Leicester,1,1,D,1,0,H,R Madley,22,6,5,1,11,20,8,1,3,4,0,0,1.62,4.2,6,1.62,4,5.5,1.65,3.8,5.3,1.67,4,5.5,1.64,4.1,6.03,1.67,3.6,6,1.67,4,5.75,56,1.68,1.63,4.24,3.99,6.03,5.63,48,1.92,1.81,2.08,1.98,37,-1,2.15,2.07,1.85,1.79,1.63,4.22,5.85
E0,29/10/16,Watford,Hull,1,0,H,0,0,D,J Moss,22,8,0,2,13,8,7,2,1,2,0,0,1.75,3.75,5.25,1.72,3.75,5,1.75,3.6,4.8,1.75,3.6,5.25,1.75,3.72,5.6,1.75,3.5,5.5,1.75,3.7,5.5,56,1.81,1.75,3.82,3.64,5.6,5.16,48,2.19,2.06,1.86,1.76,36,-1,2.47,2.34,1.66,1.62,1.75,3.76,5.51
E0,29/10/16,West Brom,Man City,0,4,A,0,2,A,L Mason,9,21,1,8,17,10,1,7,4,3,0,0,8,4.75,1.44,7,4.5,1.45,7,4.5,1.45,8,4.5,1.44,7.48,4.57,1.5,8,4.5,1.44,8,4.6,1.45,56,8.5,7.45,4.75,4.5,1.54,1.46,47,1.87,1.79,2.1,2.01,36,1,2.21,2.12,1.82,1.74,7.58,4.75,1.48
E0,30/10/16,Everton,West Ham,2,0,H,0,0,D,A Taylor,17,13,6,3,15,12,8,8,2,3,0,0,1.8,3.8,4.75,1.8,3.9,4.5,1.75,3.6,4.8,1.83,3.75,4.5,1.81,3.84,4.8,1.83,3.6,4.5,1.8,4,4.6,56,1.86,1.79,4.01,3.81,4.8,4.52,47,1.79,1.7,2.25,2.14,36,-1,2.51,2.38,1.65,1.6,1.88,3.76,4.47
E0,30/10/16,Southampton,Chelsea,0,2,A,0,1,A,M Jones,9,13,1,7,13,16,7,3,0,0,0,0,3.2,3.4,2.4,3.1,3.4,2.4,3.3,3.35,2.2,3,3.4,2.45,3.2,3.37,2.43,3.2,3.2,2.4,3.1,3.3,2.45,56,3.3,3.1,3.45,3.33,2.48,2.39,48,2.11,1.99,1.91,1.82,33,0.25,1.89,1.82,2.12,2.04,3.24,3.39,2.4
E0,31/10/16,Stoke,Swansea,3,1,H,1,1,D,M Oliver,17,14,4,6,7,14,6,4,2,0,0,0,2.05,3.6,3.8,2.05,3.6,3.75,1.9,3.5,4.1,2.05,3.5,3.8,2.1,3.52,3.85,2.1,3.5,3.6,2.05,3.6,3.8,53,2.16,2.04,3.65,3.5,4.1,3.72,45,1.96,1.86,2.02,1.93,29,-0.75,2.45,2.36,1.65,1.61,2.02,3.5,4.17
E0,05/11/16,Bournemouth,Sunderland,1,2,A,1,1,D,M Dean,22,9,7,4,14,17,12,2,3,2,0,1,1.65,4.2,5.5,1.62,3.9,5.75,1.65,3.8,5.3,1.62,4.2,5.5,1.63,4.27,5.78,1.67,3.6,6,1.65,4,5.75,51,1.7,1.62,4.33,4.05,5.9,5.59,46,1.85,1.77,2.12,2.04,34,-1,2.1,2.03,1.88,1.82,1.63,4.4,5.61
E0,05/11/16,Burnley,Crystal Palace,3,2,H,2,0,H,A Taylor,14,16,7,5,11,12,4,7,1,2,0,0,3.3,3.3,2.38,3.2,3.25,2.35,2.95,3.3,2.4,3.25,3.25,2.38,3.42,3.37,2.32,3.3,3.1,2.4,3.5,3.3,2.3,51,3.5,3.32,3.37,3.25,2.4,2.31,46,2.25,2.17,1.76,1.68,31,0.25,1.97,1.92,2,1.94,3.6,3.27,2.29
E0,05/11/16,Chelsea,Everton,5,0,H,3,0,H,R Madley,21,1,9,0,5,16,4,2,0,3,0,0,1.53,4.33,7,1.53,4.2,6.25,1.55,4,6.2,1.55,4.2,6.5,1.57,4.37,6.47,1.57,3.75,7,1.57,4.33,6.5,50,1.64,1.56,4.5,4.22,7,6.23,45,1.75,1.68,2.26,2.18,34,-1,1.95,1.91,2,1.94,1.5,4.61,7.4
E0,05/11/16,Man City,Middlesbrough,1,1,D,1,0,H,K Friend,25,5,7,3,7,15,8,2,1,3,0,0,1.22,7,15,1.2,6.75,14.5,1.2,6.5,15,1.22,6.5,15,1.23,7.16,14.22,1.22,6.5,13,1.22,7,15,51,1.27,1.22,7.35,6.6,17,14.35,42,1.55,1.49,2.7,2.56,35,-2,2.06,2,1.91,1.85,1.22,7.55,14.75
E0,05/11/16,West Ham,Stoke,1,1,D,0,0,D,A Marriner,9,12,2,4,11,10,6,4,4,1,0,0,2,3.6,4,2,3.5,3.8,2,3.4,3.8,2.05,3.5,3.8,2,3.59,4.13,2.05,3.3,4,2.05,3.6,3.9,51,2.05,2,3.68,3.52,4.2,3.87,46,1.8,1.73,2.21,2.1,30,-0.5,2.02,1.97,1.93,1.87,2.01,3.53,4.17
E0,06/11/16,Arsenal,Tottenham,1,1,D,1,0,H,M Clattenburg,15,10,2,3,11,17,7,2,1,2,0,0,1.95,3.6,4.2,1.95,3.6,3.9,2,3.4,3.8,1.95,3.5,4.2,1.95,3.59,4.35,2,3.2,4.33,1.95,3.5,4.2,51,2.03,1.94,3.71,3.53,4.4,4.11,46,1.85,1.76,2.16,2.06,30,-0.25,1.71,1.67,2.35,2.25,1.97,3.63,4.2
E0,06/11/16,Hull,Southampton,2,1,H,0,1,A,G Scott,6,19,2,7,13,15,1,10,0,5,0,0,5.75,3.8,1.7,5.5,3.8,1.65,5.3,3.8,1.65,5.5,3.8,1.7,5.73,3.88,1.7,5.5,3.6,1.7,5.75,3.75,1.7,51,5.75,5.46,3.9,3.71,1.81,1.7,46,2.2,2.1,1.8,1.73,34,1,1.73,1.68,2.36,2.24,5.75,3.9,1.69
E0,06/11/16,Leicester,West Brom,1,2,A,0,0,D,C Pawson,5,11,2,5,8,8,5,6,0,2,0,0,1.8,3.6,5.25,1.78,3.6,4.75,1.75,3.6,4.8,1.75,3.6,5.2,1.78,3.63,5.49,1.8,3.3,5.5,1.8,3.6,5.2,51,1.85,1.78,3.75,3.55,5.49,5.11,46,2.26,2.14,1.77,1.7,34,-1,2.58,2.46,1.61,1.57,1.74,3.72,5.65
E0,06/11/16,Liverpool,Watford,6,1,H,3,0,H,M Oliver,28,11,17,8,14,10,6,3,1,2,0,0,1.29,6,12,1.26,6,11,1.3,5.5,9.5,1.29,6,11,1.29,6.19,11.8,1.3,5,13,1.29,6.25,13,51,1.37,1.28,6.4,5.9,13,11.25,41,1.6,1.54,2.55,2.44,33,-2,2.41,2.31,1.68,1.63,1.29,6.3,11.95
E0,06/11/16,Swansea,Man United,1,3,A,0,3,A,N Swarbrick,6,9,1,3,9,16,2,0,0,2,0,0,5,4,1.73,4.75,3.9,1.72,5.3,3.8,1.65,5,3.8,1.75,4.94,4.01,1.76,5,3.75,1.73,5,4,1.73,51,5.3,4.82,4.2,3.87,1.81,1.74,46,1.86,1.79,2.1,2.02,34,1,1.68,1.64,2.38,2.31,5.53,4.04,1.69
E0,19/11/16,Crystal Palace,Man City,1,2,A,0,1,A,R Madley,9,10,2,4,12,15,2,7,1,2,0,0,6.5,4.5,1.53,6.25,4.4,1.5,6.5,4.2,1.5,6.5,4.33,1.53,6.28,4.57,1.56,6,4.2,1.57,6.25,4.5,1.55,52,6.6,6.09,4.62,4.38,1.6,1.54,43,1.65,1.58,2.49,2.36,35,1,2.05,1.99,1.91,1.85,6.75,5.03,1.49
E0,19/11/16,Everton,Swansea,1,1,D,0,1,A,M Atkinson,14,5,6,3,13,12,10,3,4,2,0,0,1.6,4.33,6,1.55,4.1,6.25,1.55,4,6.2,1.6,4.1,6,1.58,4.26,6.52,1.57,4,6.5,1.6,4.3,6,52,1.63,1.58,4.4,4.17,6.52,5.98,46,1.76,1.69,2.23,2.17,35,-1,2.01,1.96,1.94,1.89,1.6,4.42,5.94
E0,19/11/16,Man United,Arsenal,1,1,D,0,0,D,A Marriner,12,5,5,1,14,11,10,4,3,3,0,0,2.6,3.4,2.9,2.5,3.4,2.8,2.6,3.25,2.75,2.5,3.3,3,2.61,3.33,2.97,2.62,3.1,3,2.6,3.4,2.9,52,2.72,2.54,3.47,3.26,3,2.92,47,2.08,2,1.87,1.81,30,-0.25,2.23,2.14,1.8,1.74,2.5,3.24,3.21
E0,19/11/16,Southampton,Liverpool,0,0,D,0,0,D,M Clattenburg,3,15,0,2,8,11,1,8,1,1,0,0,3.4,3.6,2.2,3.3,3.5,2.15,3.8,3.4,2,3.3,3.5,2.25,3.32,3.56,2.28,3.4,3.4,2.2,3.4,3.4,2.3,52,3.8,3.33,3.67,3.46,2.35,2.21,46,1.9,1.84,2.1,1.97,31,0.25,2.01,1.94,1.97,1.91,3.19,3.47,2.39
E0,19/11/16,Stoke,Bournemouth,0,1,A,0,1,A,R East,14,9,6,2,17,10,3,4,3,2,0,0,2.3,3.4,3.4,2.2,3.25,3.5,2.1,3.4,3.5,2.25,3.4,3.4,2.26,3.43,3.49,2.3,3.3,3.3,2.3,3.4,3.4,52,2.33,2.25,3.65,3.38,3.5,3.34,47,1.93,1.88,2.02,1.92,31,-0.25,1.95,1.91,2,1.95,2.13,3.48,3.79
E0,19/11/16,Sunderland,Hull,3,0,H,1,0,H,L Mason,11,17,4,7,9,8,2,8,1,0,1,0,2.15,3.4,3.8,2.15,3.25,3.6,2.1,3.4,3.5,2.15,3.3,3.75,2.11,3.35,4.03,2.15,3.2,3.8,2.15,3.3,3.8,51,2.2,2.11,3.49,3.29,4.03,3.79,45,2.25,2.17,1.75,1.69,31,-0.25,1.83,1.79,2.15,2.08,2.29,3.33,3.53
E0,19/11/16,Tottenham,West Ham,3,2,H,0,1,A,M Dean,14,11,6,3,13,16,4,5,3,2,0,1,1.5,4.5,7.5,1.5,4.25,6.75,1.65,3.8,5.3,1.5,4.4,7,1.5,4.58,7.4,1.5,4.33,7,1.5,4.6,7,52,1.65,1.5,4.61,4.4,7.52,6.85,46,1.77,1.71,2.21,2.13,34,-1,1.84,1.78,2.15,2.09,1.57,4.35,6.44
E0,19/11/16,Watford,Leicester,2,1,H,2,1,H,N Swarbrick,10,10,3,2,12,18,4,6,2,3,0,0,2.8,3.3,2.75,2.7,3.3,2.65,2.7,3.2,2.7,2.8,3.25,2.7,2.91,3.3,2.68,2.8,3.1,2.75,2.88,3.3,2.7,52,2.91,2.8,3.46,3.24,2.85,2.67,46,2.14,2.07,1.82,1.75,30,0.25,1.73,1.68,2.3,2.24,3.02,3.32,2.58
E0,20/11/16,Middlesbrough,Chelsea,0,1,A,0,1,A,J Moss,12,13,1,3,13,10,2,3,2,3,0,0,7,4,1.57,6.25,4.1,1.55,6.5,4.2,1.5,6.5,4.1,1.57,6.83,4.28,1.56,6.5,4,1.57,6.5,4.2,1.57,51,7.05,6.43,4.31,4.11,1.61,1.56,46,2,1.93,1.95,1.88,35,1,1.98,1.9,2.01,1.94,6.95,4.66,1.51
E0,21/11/16,West Brom,Burnley,4,0,H,3,0,H,M Jones,16,5,6,2,12,12,4,3,0,0,0,0,1.95,3.4,4.5,1.95,3.3,4.33,1.9,3.5,4.1,1.95,3.3,4.5,1.92,3.39,4.93,1.95,3.3,4.5,1.95,3.3,4.6,51,2.04,1.92,3.5,3.33,4.93,4.46,45,2.42,2.34,1.64,1.58,28,-0.25,1.67,1.63,2.41,2.32,1.91,3.45,4.83
E0,26/11/16,Burnley,Man City,1,2,A,1,1,D,A Marriner,10,21,5,5,5,15,5,8,2,3,0,0,9,6,1.33,9.5,6,1.28,8,5.3,1.35,10,6,1.3,10.05,6.03,1.32,9,5.5,1.33,10.5,5.5,1.33,48,10.5,9.52,6.17,5.83,1.36,1.31,38,1.55,1.48,2.75,2.58,29,1.5,2.15,2.06,1.83,1.78,13,7.25,1.24
E0,26/11/16,Chelsea,Tottenham,2,1,H,1,1,D,M Oliver,9,12,5,6,13,16,3,8,2,1,0,0,1.75,3.8,5.25,1.75,3.8,5,1.75,3.6,4.8,1.75,3.75,5,1.78,3.81,5.09,1.8,3.5,5,1.75,3.9,5,47,1.8,1.76,4.01,3.76,5.25,4.85,43,1.87,1.8,2.11,2.01,29,-1,2.47,2.35,1.65,1.61,1.72,3.84,5.55
E0,26/11/16,Hull,West Brom,1,1,D,0,1,A,P Tierney,10,11,4,2,7,10,2,6,3,2,0,0,3.1,3.2,2.6,2.9,3.2,2.55,2.75,3.25,2.6,3.1,3.2,2.5,3.3,3.18,2.48,3.1,3,2.6,3.2,3.2,2.5,48,3.3,3.1,3.25,3.13,2.64,2.5,44,2.43,2.32,1.65,1.6,26,0.25,1.83,1.78,2.15,2.08,2.86,3.11,2.86
E0,26/11/16,Leicester,Middlesbrough,2,2,D,1,1,D,L Mason,11,6,3,2,15,12,2,3,4,4,0,0,1.91,3.6,4.5,1.85,3.4,4.6,1.8,3.6,4.5,1.91,3.5,4.33,1.87,3.65,4.72,1.91,3.4,4.5,1.91,3.5,4.6,48,1.94,1.88,3.65,3.52,4.8,4.45,44,2.15,2.07,1.81,1.75,26,-0.5,1.92,1.87,2.05,1.97,1.93,3.41,4.8
E0,26/11/16,Liverpool,Sunderland,2,0,H,0,0,D,A Taylor,27,6,7,1,5,9,9,4,1,3,0,0,1.17,8.5,19,1.17,7.5,15.5,1.2,6.5,15,1.17,8,17,1.19,8.68,16.06,1.2,7,17,1.18,8,18,48,1.21,1.17,9,7.85,19,16.08,45,1.4,1.34,3.5,3.18,29,-2,1.79,1.72,2.24,2.15,1.19,9,15
E0,26/11/16,Swansea,Crystal Palace,5,4,H,1,1,D,K Friend,18,12,9,4,12,24,10,6,4,5,0,0,2.63,3.4,2.88,2.55,3.2,2.9,2.4,3.3,2.95,2.62,3.25,2.88,2.67,3.32,2.9,2.62,3.2,2.9,2.7,3.4,2.8,48,2.7,2.61,3.44,3.27,2.96,2.83,45,1.96,1.89,1.97,1.91,27,0,1.91,1.86,2.05,1.98,2.72,3.33,2.84
E0,27/11/16,Arsenal,Bournemouth,3,1,H,1,1,D,M Jones,16,9,3,3,12,13,3,10,3,5,0,0,1.4,5,9,1.42,4.75,7.5,1.35,5.3,8,1.4,5,8,1.43,5.04,8.05,1.4,4.8,8.5,1.44,5,8,48,1.47,1.42,5.3,4.83,9,7.8,39,1.63,1.57,2.5,2.39,30,-1,1.71,1.64,2.38,2.28,1.34,5.64,10.1
E0,27/11/16,Man United,West Ham,1,1,D,1,1,D,J Moss,17,6,8,2,16,16,8,4,3,1,0,0,1.45,4.75,8,1.48,4.5,6.75,1.45,4.5,7,1.45,4.6,7.5,1.5,4.62,7.46,1.5,4.33,7,1.45,4.6,7.5,49,1.52,1.48,4.9,4.48,8,7.07,45,1.77,1.71,2.25,2.12,30,-1,1.81,1.76,2.17,2.09,1.36,5.57,9.25
E0,27/11/16,Southampton,Everton,1,0,H,1,0,H,C Pawson,17,13,7,1,11,15,5,2,0,2,0,0,2.2,3.4,3.6,2.1,3.3,3.7,2.1,3.4,3.5,2.15,3.4,3.6,2.19,3.35,3.78,2.2,3.2,3.6,2.2,3.3,3.7,47,2.24,2.15,3.5,3.35,3.85,3.6,43,2.2,2.1,1.78,1.73,26,-0.25,1.87,1.83,2.09,2.04,2.15,3.47,3.74
E0,27/11/16,Watford,Stoke,0,1,A,0,1,A,R Madley,11,14,2,1,24,14,3,3,3,0,1,0,2.4,3.3,3.3,2.3,3.3,3.2,2.4,3.3,2.95,2.4,3.25,3.2,2.39,3.32,3.32,2.4,3.2,3.2,2.45,3.3,3.2,48,2.45,2.38,3.4,3.26,3.32,3.16,45,2.06,2,1.89,1.81,27,-0.25,2.08,2.03,1.88,1.83,2.23,3.31,3.71
E0,03/12/16,Crystal Palace,Southampton,3,0,H,2,0,H,N Swarbrick,9,17,4,3,11,13,4,9,3,1,0,0,3.5,3.3,2.3,3.2,3.4,2.25,2.95,3.3,2.4,3.4,3.3,2.25,3.58,3.39,2.24,3.4,3.2,2.3,3.5,3.4,2.25,45,3.58,3.38,3.41,3.3,2.4,2.25,40,2.1,2.03,1.87,1.79,26,0.25,2.01,1.94,1.96,1.91,3.66,3.42,2.2
E0,03/12/16,Man City,Chelsea,1,3,A,1,0,H,A Taylor,14,10,5,4,14,9,9,2,2,3,2,0,2.15,3.6,3.6,2.15,3.5,3.6,2,3.4,3.8,2.15,3.5,3.5,2.14,3.59,3.64,2.2,3.3,3.5,2.1,3.5,3.6,45,2.2,2.12,3.65,3.49,3.8,3.51,40,1.81,1.76,2.15,2.07,26,-0.25,1.89,1.83,2.1,2.03,2.15,3.49,3.72
E0,03/12/16,Stoke,Burnley,2,0,H,2,0,H,M Clattenburg,10,14,4,4,7,13,4,9,3,2,0,0,1.62,4,6.5,1.6,3.75,6.25,1.7,3.7,5,1.6,4,6,1.64,4.1,6.03,1.62,3.75,6.5,1.62,4,6.5,45,1.7,1.62,4.12,3.92,6.5,5.92,41,1.95,1.88,2.02,1.93,28,-1,2.14,2.05,1.86,1.81,1.62,4.04,6.45
E0,03/12/16,Sunderland,Leicester,2,1,H,0,0,D,A Marriner,22,17,6,5,8,12,3,4,3,1,0,0,3.4,3.4,2.3,3.3,3.25,2.3,2.95,3.3,2.4,3.3,3.3,2.3,3.39,3.44,2.3,3.4,3.2,2.3,3.4,3.4,2.3,45,3.4,3.26,3.5,3.35,2.4,2.28,41,1.99,1.93,1.96,1.88,26,0.25,1.96,1.91,1.99,1.95,3.43,3.52,2.25
E0,03/12/16,Tottenham,Swansea,5,0,H,2,0,H,J Moss,28,1,15,0,11,17,5,0,0,4,0,0,1.36,5.5,9,1.34,5,9.75,1.35,5.3,8,1.33,5.5,10,1.36,5.45,9.64,1.36,5,9.5,1.33,5.5,10,45,1.39,1.35,5.5,5.15,10,9.23,36,1.59,1.53,2.62,2.46,29,-1.5,2.07,1.97,1.95,1.88,1.36,5.67,9.36
E0,03/12/16,West Brom,Watford,3,1,H,2,0,H,G Scott,11,17,3,5,12,8,3,4,2,1,0,1,2.2,3.3,3.75,2.15,3.25,3.6,2.1,3.3,3.6,2.15,3.3,3.75,2.16,3.33,3.89,2.2,3.2,3.6,2.2,3.3,3.8,45,2.21,2.16,3.4,3.27,3.89,3.65,41,2.36,2.23,1.7,1.65,26,-0.25,1.88,1.83,2.1,2.03,2.1,3.38,4.03
E0,03/12/16,West Ham,Arsenal,1,5,A,0,1,A,C Pawson,10,19,3,10,10,11,3,2,3,3,0,0,4.75,4.2,1.75,4.75,4,1.75,4.8,3.6,1.75,4.75,4,1.73,5.08,4.1,1.72,4.8,3.8,1.75,5,4,1.75,45,5.1,4.79,4.2,3.93,1.77,1.73,39,1.69,1.64,2.4,2.24,28,1,1.73,1.68,2.33,2.23,5.57,4.41,1.63
E0,04/12/16,Bournemouth,Liverpool,4,3,H,0,2,A,R Madley,12,10,8,3,9,17,4,9,2,2,0,0,5,4,1.75,5,3.8,1.7,4.8,3.6,1.75,4.6,4,1.75,4.63,4.01,1.8,4.8,3.8,1.75,4.6,4,1.8,45,5,4.59,4.2,3.89,1.8,1.76,38,1.71,1.63,2.33,2.27,28,1,1.68,1.62,2.46,2.34,5.02,4.05,1.74
E0,04/12/16,Everton,Man United,1,1,D,0,1,A,M Oliver,13,10,6,2,13,11,6,3,2,3,0,0,3.6,3.5,2.15,3.7,3.5,2.1,3.5,3.4,2.1,3.7,3.4,2.1,3.65,3.5,2.17,3.6,3.3,2.2,3.7,3.4,2.15,45,3.8,3.59,3.5,3.4,2.2,2.13,42,2.1,2.01,1.87,1.81,25,0.25,2.09,2.04,1.86,1.81,4.3,3.66,1.94
E0,05/12/16,Middlesbrough,Hull,1,0,H,0,0,D,M Dean,16,6,4,2,6,11,13,7,1,1,0,0,1.83,3.5,5.25,1.75,3.6,5,1.85,3.5,4.3,1.8,3.5,5,1.8,3.57,5.4,1.83,3.4,5,1.8,3.5,5.4,44,1.85,1.79,3.6,3.47,5.7,5.09,41,2.46,2.3,1.7,1.61,27,-1,2.62,2.47,1.6,1.56,1.92,3.38,4.93
E0,10/12/16,Arsenal,Stoke,3,1,H,1,1,D,L Mason,21,12,6,5,9,6,7,7,0,0,0,0,1.35,5.5,9.5,1.35,5,9,1.4,4.8,7.5,1.36,5.25,9,1.38,5.29,9.21,1.36,5,9,1.33,5.5,9.5,50,1.41,1.36,5.55,5.19,10,8.83,40,1.56,1.51,2.65,2.53,29,-1.5,2.08,1.99,1.9,1.86,1.32,6,10.5
E0,10/12/16,Burnley,Bournemouth,3,2,H,2,1,H,M Atkinson,16,17,7,4,14,18,4,11,2,2,0,0,3.5,3.5,2.2,3.4,3.4,2.15,2.95,3.3,2.4,3.4,3.4,2.25,3.48,3.45,2.26,3.3,3.3,2.3,3.4,3.4,2.3,50,3.5,3.36,3.5,3.37,2.4,2.24,48,2.05,1.99,1.91,1.82,25,0.25,2.06,1.96,1.95,1.9,3.54,3.2,2.35
E0,10/12/16,Hull,Crystal Palace,3,3,D,1,0,H,M Jones,15,14,6,6,16,14,4,7,2,4,0,0,3.5,3.3,2.3,3.3,3.25,2.3,2.85,3.3,2.5,3.4,3.3,2.3,3.43,3.37,2.32,3.3,3.2,2.38,3.4,3.4,2.3,50,3.5,3.33,3.4,3.29,2.5,2.29,47,2.14,2.07,1.82,1.75,25,0.25,2.02,1.92,2,1.94,3.4,3.32,2.35
E0,10/12/16,Leicester,Man City,4,2,H,3,0,H,M Oliver,10,19,6,4,10,7,3,11,2,1,0,0,5.25,4,1.7,4.75,4,1.7,4.8,3.6,1.75,5,3.9,1.73,5.28,4.1,1.7,5,3.8,1.73,5.25,4,1.7,50,5.28,4.99,4.25,3.95,1.76,1.7,47,1.73,1.66,2.3,2.21,26,1,1.75,1.71,2.27,2.17,4.79,4.12,1.76
E0,10/12/16,Swansea,Sunderland,3,0,H,0,0,D,C Pawson,14,11,5,2,10,8,7,4,1,2,0,0,2.15,3.5,3.6,2.15,3.3,3.6,2.2,3.35,3.3,2.1,3.5,3.6,2.14,3.55,3.68,2.2,3.3,3.6,2.2,3.5,3.5,50,2.23,2.13,3.57,3.45,3.7,3.55,48,1.9,1.84,2.09,1.97,27,-0.25,1.89,1.83,2.11,2.05,2.15,3.66,3.55
E0,10/12/16,Watford,Everton,3,2,H,1,1,D,A Taylor,11,11,6,4,11,16,2,4,2,2,0,0,3.1,3.4,2.45,3,3.3,2.4,2.95,3.3,2.4,3,3.4,2.45,3.15,3.39,2.45,3,3.3,2.5,3.1,3.3,2.5,49,3.15,3.06,3.4,3.28,2.54,2.44,46,2.11,2.03,1.9,1.79,25,0.25,1.85,1.8,2.13,2.07,3.38,3.39,2.33
E0,11/12/16,Chelsea,West Brom,1,0,H,0,0,D,M Dean,12,6,2,1,6,10,3,1,2,4,0,0,1.25,6.25,15,1.26,6.25,10.5,1.3,5.5,9.5,1.25,6,13,1.27,6.25,14.32,1.29,5.5,13,1.29,6,13,49,1.32,1.27,6.25,5.84,15,12.53,44,1.7,1.65,2.31,2.22,27,-1.5,1.89,1.82,2.13,2.04,1.27,6.3,13
E0,11/12/16,Liverpool,West Ham,2,2,D,1,2,A,M Clattenburg,18,7,3,3,7,8,11,4,2,0,0,0,1.3,6,11,1.3,5.75,9,1.3,5.5,9.5,1.29,6,11,1.29,6.29,11.73,1.3,5.5,11,1.3,6,10.5,49,1.35,1.29,6.4,5.9,12,10.37,37,1.47,1.42,3.05,2.8,27,-1.5,1.83,1.77,2.18,2.1,1.31,6.4,9.97
E0,11/12/16,Man United,Tottenham,1,0,H,1,0,H,R Madley,15,12,5,4,19,17,3,8,3,3,0,0,2.2,3.4,3.6,2.15,3.4,3.4,2.1,3.4,3.5,2.2,3.4,3.5,2.22,3.37,3.64,2.25,3.2,3.5,2.2,3.4,3.6,48,2.25,2.2,3.42,3.32,3.65,3.49,46,2.18,2.07,1.84,1.75,25,-0.25,1.92,1.87,2.06,1.99,2.18,3.39,3.75
E0,11/12/16,Southampton,Middlesbrough,1,0,H,0,0,D,S Attwell,14,6,3,2,14,12,4,2,4,3,0,0,1.7,3.7,6,1.65,3.7,5.75,1.7,3.7,5,1.67,3.75,6,1.68,3.68,6.42,1.73,3.4,6,1.7,3.6,6.25,48,1.76,1.69,3.8,3.61,6.42,5.83,45,2.4,2.3,1.7,1.61,26,-1,2.35,2.25,1.7,1.67,1.63,3.76,7.2
E0,13/12/16,Bournemouth,Leicester,1,0,H,1,0,H,P Tierney,9,12,3,4,5,15,4,11,0,3,0,0,2.4,3.4,3.2,2.35,3.4,3,2.4,3.3,2.95,2.4,3.4,3.1,2.43,3.47,3.13,2.4,3.3,3.1,2.4,3.5,3.1,48,2.55,2.41,3.55,3.4,3.2,3.04,45,1.86,1.79,2.14,2.02,24,-0.25,2.1,2.05,1.87,1.82,2.27,3.48,3.42
E0,13/12/16,Everton,Arsenal,2,1,H,1,1,D,M Clattenburg,14,9,4,3,10,10,8,3,1,1,1,0,4.2,3.75,1.91,4.25,3.7,1.9,4.1,3.5,1.9,4.25,3.6,1.91,4.28,3.77,1.92,4.2,3.6,1.91,4.2,3.8,1.91,48,4.36,4.11,3.85,3.7,1.98,1.91,45,1.79,1.73,2.24,2.11,22,0.5,2.02,1.96,1.95,1.89,4.14,3.78,1.94
E0,14/12/16,Crystal Palace,Man United,1,2,A,0,1,A,C Pawson,6,16,3,6,16,10,1,8,2,2,0,0,5.25,4,1.7,5.5,3.8,1.65,4.8,3.6,1.75,5,3.8,1.67,5.56,4.08,1.68,4.8,4,1.7,5.4,4,1.7,47,5.56,5.19,4.2,3.94,1.75,1.68,46,1.9,1.83,2.05,1.98,24,1,1.74,1.71,2.31,2.17,5.41,3.96,1.71
E0,14/12/16,Man City,Watford,2,0,H,1,0,H,K Friend,13,5,7,2,16,20,5,2,1,2,0,0,1.29,6.5,11,1.22,6.5,12.5,1.3,5.5,9.5,1.25,6,11,1.28,6.4,12.25,1.25,6.5,12,1.25,6.5,13,48,1.3,1.26,6.65,6.26,13.37,11.65,39,1.48,1.41,3,2.87,25,-1.5,1.71,1.67,2.33,2.24,1.28,6.7,11
E0,14/12/16,Middlesbrough,Liverpool,0,3,A,0,1,A,J Moss,8,15,3,4,11,14,5,2,1,0,0,0,6,4.33,1.6,6,4.1,1.57,5.5,4,1.6,5.75,4,1.57,6.48,4.28,1.58,6,4,1.6,6.25,4.3,1.57,48,6.48,5.99,4.33,4.13,1.64,1.58,46,1.88,1.8,2.07,2.01,26,1,1.93,1.88,2.02,1.96,5.53,3.91,1.71
E0,14/12/16,Stoke,Southampton,0,0,D,0,0,D,A Taylor,5,15,3,4,9,10,3,11,1,2,1,0,3.1,3.3,2.5,2.95,3.3,2.45,2.85,3.1,2.6,3.1,3.1,2.38,3.29,3.25,2.45,3.2,3.2,2.4,3.25,3.25,2.45,48,3.3,3.15,3.3,3.2,2.6,2.43,45,2.35,2.25,1.69,1.64,22,0.25,1.87,1.83,2.09,2.03,3.32,3.34,2.38
E0,14/12/16,Sunderland,Chelsea,0,1,A,0,1,A,N Swarbrick,8,19,3,6,15,10,5,5,3,2,0,0,10,5.75,1.33,9.5,5,1.34,9.5,5.5,1.3,9,5,1.33,10.45,5.72,1.33,9,5,1.33,10.5,5.5,1.33,47,10.5,9.49,5.8,5.43,1.37,1.33,42,1.65,1.59,2.45,2.34,25,1.5,1.95,1.9,2.03,1.95,7.26,4.51,1.51
E0,14/12/16,Tottenham,Hull,3,0,H,1,0,H,A Marriner,27,10,9,5,6,14,5,5,0,2,0,0,1.22,7,15,1.22,6.5,13.5,1.25,6,11,1.22,6,13,1.25,6.6,14,1.25,6,13,1.25,6.25,15,48,1.27,1.23,7,6.33,15.85,13.83,41,1.59,1.54,2.55,2.45,25,-2,2.2,2.11,1.81,1.75,1.23,7.14,14.5
E0,14/12/16,West Brom,Swansea,3,1,H,0,0,D,M Oliver,13,8,4,4,8,8,0,11,0,0,0,0,2.05,3.5,4,1.95,3.5,4,2,3.4,3.8,2,3.3,3.8,2.06,3.5,4.04,2.05,3.3,4,2.05,3.5,3.9,48,2.1,2.04,3.55,3.42,4.04,3.87,46,2.08,1.99,1.91,1.82,24,-0.5,2.09,2.03,1.88,1.83,2.08,3.45,4.01
E0,14/12/16,West Ham,Burnley,1,0,H,1,0,H,R Madley,20,8,7,2,12,15,6,1,0,2,0,0,1.67,4,5.75,1.6,4.1,5.5,1.7,3.7,5,1.62,3.8,5.5,1.65,4.13,5.82,1.67,3.8,5.5,1.65,4.1,5.75,47,1.71,1.64,4.16,3.97,5.85,5.52,45,1.88,1.81,2.08,2,25,-1,2.17,2.08,1.82,1.77,1.65,4,6.12
E0,17/12/16,Crystal Palace,Chelsea,0,1,A,0,1,A,J Moss,6,13,2,6,12,15,5,3,2,3,0,0,6.5,4.2,1.57,6,4.1,1.57,6.5,4.2,1.5,6,4,1.62,5.85,4.3,1.62,6.5,3.75,1.62,5.75,4.3,1.62,50,6.5,5.82,4.3,4.09,1.71,1.6,43,1.75,1.68,2.28,2.19,29,1,1.86,1.83,2.09,2.02,6.85,4.44,1.54
E0,17/12/16,Middlesbrough,Swansea,3,0,H,2,0,H,N Swarbrick,10,14,4,2,10,11,3,8,1,0,0,0,2.1,3.4,4,2.05,3.4,3.75,2.1,3.4,3.5,2.1,3.4,3.8,2.07,3.42,4.1,2.1,3.3,3.75,2.05,3.4,4.1,49,2.15,2.07,3.43,3.36,4.1,3.83,42,2.21,2.12,1.79,1.72,26,-0.5,2.1,2.04,1.88,1.84,2.14,3.33,3.96
E0,17/12/16,Stoke,Leicester,2,2,D,2,0,H,C Pawson,16,14,7,8,9,12,9,9,2,6,0,1,2.6,3.4,2.9,2.45,3.4,2.9,2.5,3.3,2.85,2.6,3.3,2.88,2.59,3.35,2.98,2.6,3.2,2.9,2.6,3.3,2.9,52,2.67,2.55,3.5,3.3,2.98,2.89,46,2.09,1.99,1.9,1.82,28,0,1.87,1.81,2.11,2.05,2.82,3.21,2.82
E0,17/12/16,Sunderland,Watford,1,0,H,0,0,D,R Madley,12,9,4,4,10,9,4,11,1,2,0,0,2.63,3.3,2.9,2.55,3.2,2.9,2.5,3.3,2.85,2.62,3.25,2.88,2.67,3.23,2.97,2.62,3.2,2.9,2.6,3.3,3,52,2.7,2.6,3.35,3.21,3,2.9,45,2.18,2.08,1.81,1.74,28,0,1.87,1.82,2.11,2.04,2.67,3.32,2.9
E0,17/12/16,West Brom,Man United,0,2,A,0,1,A,A Taylor,10,10,1,5,9,13,2,3,3,3,0,0,5.75,3.8,1.7,5.25,3.6,1.72,4.8,3.6,1.75,5.5,3.6,1.73,5.53,3.77,1.74,5.5,3.5,1.75,5.75,3.6,1.75,52,5.75,5.38,4,3.68,1.76,1.72,45,2.2,2.11,1.8,1.72,28,1,1.7,1.64,2.43,2.29,6.1,3.9,1.67
E0,17/12/16,West Ham,Hull,1,0,H,0,0,D,L Mason,18,16,6,5,13,9,10,6,2,4,0,0,1.62,4.1,6,1.65,4.1,5,1.65,3.8,5.3,1.62,4,6,1.67,4.09,5.7,1.67,3.6,6,1.65,4.1,5.75,50,1.72,1.65,4.15,3.93,6.14,5.61,44,1.87,1.82,2.06,1.99,28,-1,2.2,2.11,1.8,1.76,1.71,3.85,5.64
E0,18/12/16,Bournemouth,Southampton,1,3,A,1,1,D,M Clattenburg,10,14,5,8,6,12,7,4,0,2,0,0,3,3.3,2.6,2.85,3.25,2.55,2.65,3.3,2.65,2.9,3.2,2.62,2.95,3.23,2.69,2.9,3.2,2.62,2.9,3.3,2.63,50,3.05,2.91,3.35,3.21,2.75,2.6,43,2.3,2.23,1.71,1.65,27,0,2.09,2.03,1.88,1.83,2.97,3.26,2.65
E0,18/12/16,Man City,Arsenal,2,1,H,0,1,A,M Atkinson,14,6,5,1,9,13,8,1,4,2,0,0,2.15,3.6,3.5,2.15,3.6,3.5,2.2,3.35,3.3,2.15,3.5,3.5,2.13,3.56,3.7,2.2,3.4,3.4,2.1,3.6,3.5,50,2.25,2.13,3.74,3.54,3.7,3.48,43,1.68,1.64,2.35,2.25,27,-0.25,1.87,1.82,2.11,2.05,2.26,3.5,3.41
E0,18/12/16,Tottenham,Burnley,2,1,H,1,1,D,K Friend,30,5,9,2,10,11,11,2,1,2,0,0,1.22,7,15,1.2,7,13,1.25,6,11,1.22,6.5,15,1.22,7.35,15,1.22,6.5,15,1.22,7,15,51,1.25,1.21,7.5,6.73,17.33,14.84,39,1.54,1.51,2.65,2.54,29,-2,2.07,2,1.91,1.85,1.23,7.1,15.45
E0,19/12/16,Everton,Liverpool,0,1,A,0,0,D,M Dean,6,11,1,4,13,9,1,6,3,1,0,0,4.2,3.6,1.95,4.1,3.6,1.9,3.8,3.4,2,4,3.6,1.95,4.27,3.85,1.9,4.2,3.5,1.95,4.2,3.75,1.9,47,4.3,4.12,3.85,3.61,2,1.91,41,1.78,1.73,2.2,2.1,23,0.5,2.04,1.98,1.95,1.88,3.99,3.4,2.1
E0,26/12/16,Arsenal,West Brom,1,0,H,0,0,D,N Swarbrick,26,3,11,1,11,7,6,5,2,1,0,0,1.33,5.5,8.5,1.3,5,10,1.33,5.3,8.7,1.33,5,9.5,1.35,5.58,10.12,1.33,5,11,1.33,5.4,10.5,50,1.4,1.34,5.75,5.31,11,9.47,43,1.65,1.6,2.45,2.32,29,-1.5,2.04,1.96,1.95,1.88,1.35,5.55,10.25
E0,26/12/16,Burnley,Middlesbrough,1,0,H,0,0,D,C Pawson,6,8,4,2,17,18,7,3,6,5,0,0,2.9,3.1,2.6,2.85,3.1,2.55,2.75,3.2,2.65,2.9,3,2.5,3.06,3.18,2.64,3,3.1,2.62,3,3.1,2.7,51,3.1,2.97,3.2,3.1,2.72,2.61,46,2.59,2.48,1.58,1.53,28,0,2.12,2.05,1.88,1.81,2.97,3.18,2.71
E0,26/12/16,Chelsea,Bournemouth,3,0,H,1,0,H,M Jones,14,7,4,3,13,14,5,5,1,1,0,0,1.36,5,8.5,1.36,4.6,8.25,1.35,5.3,8,1.4,4.33,8.5,1.42,4.78,9.52,1.4,4.8,8.5,1.36,5,9,51,1.42,1.38,5.5,4.85,9.91,8.69,48,1.74,1.66,2.33,2.22,28,-1.5,2.27,2.14,1.8,1.73,1.38,5.05,10.4
E0,26/12/16,Hull,Man City,0,3,A,0,0,D,R Madley,10,16,3,6,11,14,4,7,1,0,0,0,10,5.5,1.3,8.5,5,1.33,9.5,5.5,1.3,8.5,5.25,1.33,9.86,5.82,1.34,9,5.5,1.33,10.5,5.75,1.3,52,11.5,9.42,6,5.56,1.36,1.32,44,1.56,1.51,2.67,2.54,29,1.5,2,1.94,1.97,1.9,9.6,5.05,1.39
E0,26/12/16,Leicester,Everton,0,2,A,0,0,D,S Attwell,7,8,2,3,14,7,3,4,3,0,0,0,2.5,3.3,2.9,2.4,3.3,2.85,2.3,3.3,3.15,2.4,3.25,2.88,2.57,3.33,3.03,2.5,3.3,3,2.5,3.4,3,52,2.64,2.5,3.5,3.32,3.15,2.93,50,2.04,1.93,2,1.88,27,-0.25,2.22,2.14,1.8,1.74,2.7,3.28,2.9
E0,26/12/16,Man United,Sunderland,3,1,H,1,0,H,M Atkinson,26,7,9,4,6,9,5,5,1,1,0,0,1.22,6.5,13,1.22,6.25,11.5,1.22,6.2,13.5,1.2,6,15,1.24,6.95,15,1.25,5.5,17,1.22,6.5,15,51,1.25,1.22,7.25,6.48,17,14.79,46,1.65,1.6,2.45,2.32,28,-2,2.12,2.06,1.86,1.8,1.21,7.65,16
E0,26/12/16,Swansea,West Ham,1,4,A,0,1,A,A Marriner,14,14,7,7,10,12,8,4,0,0,0,0,2.63,3.2,2.8,2.6,3.2,2.7,2.6,3.25,2.75,2.5,3.3,2.7,2.71,3.43,2.78,2.7,3.3,2.7,2.63,3.4,2.8,52,2.75,2.63,3.55,3.34,2.85,2.75,50,1.84,1.77,2.19,2.05,28,0,1.93,1.88,2.02,1.96,2.44,3.46,3.11
E0,26/12/16,Watford,Crystal Palace,1,1,D,0,1,A,M Clattenburg,9,10,3,4,18,17,7,3,2,4,0,0,2.5,3.3,2.9,2.4,3.2,2.9,2.3,3.3,3.15,2.4,3.2,2.9,2.54,3.36,3.05,2.4,3.3,3.1,2.5,3.3,3.1,51,2.57,2.47,3.4,3.28,3.15,3,49,2.11,2.03,1.86,1.79,27,-0.25,2.18,2.11,1.81,1.77,2.47,3.26,3.24
E0,27/12/16,Liverpool,Stoke,4,1,H,2,1,H,M Oliver,20,6,6,2,9,6,8,2,0,1,0,0,1.3,5.5,10,1.3,5.25,9,1.3,5.5,9.5,1.29,5.75,10,1.3,6.15,11.02,1.33,5,11,1.3,5.75,11.5,48,1.34,1.29,6.25,5.76,12,10.49,41,1.55,1.5,2.65,2.54,26,-1.5,1.84,1.78,2.14,2.06,1.34,5.75,10
E0,28/12/16,Southampton,Tottenham,1,4,A,1,1,D,M Dean,9,17,2,5,7,16,2,10,1,4,1,0,2.8,3.25,2.6,2.75,3.2,2.55,2.85,3.3,2.5,2.88,3.1,2.5,3.01,3.3,2.6,2.9,3.2,2.6,2.9,3.25,2.63,46,3.01,2.89,3.4,3.24,2.68,2.57,43,2.25,2.13,1.75,1.7,23,0,2.12,2.03,1.86,1.81,3.11,3.2,2.59
E0,30/12/16,Hull,Everton,2,2,D,1,1,D,J Moss,13,20,4,7,10,13,5,5,2,2,0,0,4.33,3.5,1.95,4.25,3.5,1.95,4.1,3.5,1.9,4.2,3.4,1.95,4.28,3.43,2.02,4.33,3.4,1.95,4.2,3.5,1.95,51,4.36,4.2,3.5,3.4,2.04,1.98,49,2.1,2.02,1.88,1.8,25,0.5,1.95,1.89,2.03,1.96,4.05,3.41,2.08
E0,31/12/16,Burnley,Sunderland,4,1,H,1,0,H,G Scott,16,11,6,3,10,8,6,2,1,1,0,0,2.4,3.25,3.3,2.35,3.2,3.2,2.4,3.3,2.95,2.38,3.2,3.25,2.38,3.26,3.41,2.4,3.2,3.2,2.4,3.3,3.3,50,2.45,2.38,3.4,3.24,3.41,3.24,47,2.31,2.25,1.7,1.64,26,-0.25,2.06,2,1.92,1.86,2.33,3.36,3.41
E0,31/12/16,Chelsea,Stoke,4,2,H,1,0,H,R Madley,18,5,7,2,12,10,8,3,3,2,0,0,1.25,6.5,14,1.26,5.75,11.5,1.27,5.8,10.5,1.25,6,13,1.28,6.15,12.85,1.29,5.5,13,1.29,6,13,51,1.31,1.27,6.5,5.84,14.86,12.21,46,1.68,1.63,2.4,2.27,28,-1.5,1.88,1.82,2.1,2.03,1.25,6.85,13
E0,31/12/16,Leicester,West Ham,1,0,H,1,0,H,A Taylor,12,25,4,5,11,8,7,7,5,3,0,0,2.1,3.6,3.7,2.05,3.5,3.6,2.1,3.4,3.5,2.1,3.5,3.5,2.1,3.56,3.8,2.1,3.4,3.75,2.05,3.6,3.9,49,2.14,2.07,3.65,3.53,3.9,3.66,47,1.89,1.83,2.07,1.98,26,-0.5,2.1,2.03,1.88,1.83,2.11,3.44,3.91
E0,31/12/16,Liverpool,Man City,1,0,H,1,0,H,C Pawson,5,9,1,2,12,12,4,6,2,1,0,0,2.35,3.6,3.1,2.3,3.5,3,2.4,3.3,2.95,2.3,3.6,3,2.37,3.52,3.18,2.4,3.3,3.1,2.38,3.6,3.1,50,2.45,2.35,3.62,3.48,3.18,3.05,48,1.67,1.63,2.45,2.28,27,-0.25,2.08,2.01,1.9,1.86,2.48,3.51,3.01
E0,31/12/16,Man United,Middlesbrough,2,1,H,0,0,D,L Mason,32,9,12,2,9,14,12,2,1,1,0,0,1.25,6,16,1.25,5.5,14.5,1.27,5.8,10.5,1.25,6,13,1.25,6.2,16.45,1.25,5.5,17,1.25,6,15,50,1.29,1.25,6.5,5.85,17.5,14.97,48,1.96,1.89,2.02,1.91,28,-1.5,1.84,1.79,2.12,2.06,1.26,6.3,14.75
E0,31/12/16,Southampton,West Brom,1,2,A,1,1,D,M Jones,10,7,1,3,13,17,8,3,1,3,1,0,1.75,3.7,5.5,1.75,3.5,5.25,1.7,3.7,5,1.73,3.5,5.5,1.78,3.59,5.55,1.8,3.3,5.5,1.75,3.6,5.5,50,1.81,1.76,3.7,3.52,5.6,5.31,46,2.47,2.33,1.65,1.6,27,-1,2.57,2.42,1.63,1.58,1.69,3.8,6.05
E0,31/12/16,Swansea,Bournemouth,0,3,A,0,2,A,K Friend,14,11,5,6,14,9,4,3,2,0,0,0,2.9,3.4,2.6,2.75,3.4,2.55,2.65,3.3,2.65,2.8,3.5,2.5,2.83,3.49,2.63,2.8,3.3,2.62,2.88,3.5,2.55,50,2.95,2.82,3.5,3.39,2.65,2.56,48,1.81,1.76,2.12,2.06,28,0,2.08,2.02,1.9,1.83,2.75,3.41,2.75
E0,01/01/17,Arsenal,Crystal Palace,2,0,H,1,0,H,A Marriner,22,7,7,4,9,7,8,4,1,1,0,0,1.29,5.5,9.5,1.3,5.5,9.75,1.3,5.5,9.5,1.33,5.5,9,1.34,5.6,10.4,1.33,5.5,9,1.33,5.5,10.5,50,1.36,1.33,5.75,5.45,10.5,9.57,43,1.6,1.53,2.61,2.48,28,-1.5,1.98,1.92,1.99,1.93,1.37,5.5,9.2
E0,01/01/17,Watford,Tottenham,1,4,A,0,3,A,M Oliver,6,19,2,6,11,6,0,3,3,0,0,0,5.5,3.75,1.62,5.25,3.8,1.67,5,3.7,1.7,6,3.8,1.62,5.71,3.94,1.69,5.5,3.6,1.73,5.75,3.8,1.7,50,6,5.49,4,3.8,1.73,1.67,48,2.02,1.95,1.92,1.85,26,1,1.76,1.7,2.3,2.2,6.51,4.28,1.58
E0,02/01/17,Everton,Southampton,3,0,H,0,0,D,K Friend,17,12,6,3,5,14,10,8,0,1,0,0,2.2,3.4,3.6,2.15,3.3,3.5,2.1,3.4,3.5,2.2,3.2,3.4,2.28,3.33,3.55,2.3,3.2,3.4,2.25,3.3,3.6,51,2.32,2.23,3.42,3.3,3.6,3.45,45,2.25,2.16,1.75,1.69,27,-0.25,1.97,1.91,2.01,1.96,2.48,3.25,3.24
E0,02/01/17,Man City,Burnley,2,1,H,0,0,D,L Mason,14,11,3,3,11,11,8,8,4,3,1,0,1.17,8.5,19,1.17,8,15,1.15,7.5,18,1.17,7.5,19,1.18,8.55,17.5,1.18,7,15,1.15,8,17,52,1.2,1.16,9.15,8.07,21.79,17.76,37,1.46,1.42,3,2.83,27,-2,1.77,1.71,2.25,2.18,1.19,7.75,18.5
E0,02/01/17,Middlesbrough,Leicester,0,0,D,0,0,D,R Madley,9,10,1,4,10,9,2,2,3,0,0,0,2.75,3.2,2.88,2.65,3.1,2.85,2.5,3.2,2.9,2.62,3,2.8,2.8,3.16,2.88,2.75,3.1,2.8,2.8,3.13,2.9,51,2.85,2.73,3.2,3.1,2.95,2.85,45,2.55,2.46,1.61,1.55,28,0,1.94,1.88,2.02,1.97,2.78,3.06,2.99
E0,02/01/17,Sunderland,Liverpool,2,2,D,1,1,D,A Taylor,10,21,5,15,10,10,2,5,2,3,0,0,11,5.5,1.33,9.5,5.25,1.33,7.5,4.8,1.4,9,5,1.35,9.95,5.55,1.35,11,4.5,1.36,8.5,5.5,1.36,51,11,9.41,5.6,5.26,1.4,1.34,44,1.65,1.62,2.38,2.29,29,1.5,1.94,1.88,2.03,1.97,10,6.2,1.32
E0,02/01/17,West Brom,Hull,3,1,H,0,1,A,M Clattenburg,8,17,5,6,5,4,7,9,0,0,0,0,1.75,3.7,5.5,1.75,3.5,5.25,1.65,3.8,5.3,1.73,3.5,5,1.76,3.72,5.48,1.8,3.3,5.5,1.75,3.6,5.5,50,1.8,1.75,3.8,3.57,5.65,5.25,44,2.3,2.21,1.74,1.66,25,-1,2.54,2.41,1.62,1.59,2.01,3.27,4.65
E0,02/01/17,West Ham,Man United,0,2,A,0,0,D,M Dean,8,13,2,6,9,13,2,1,1,2,1,0,6,4,1.65,5.5,4,1.62,5,3.7,1.7,5.25,3.8,1.62,5.77,4.13,1.65,5.5,3.8,1.67,6,4.1,1.62,51,6,5.56,4.15,3.95,1.7,1.64,47,1.89,1.81,2.1,2.01,27,1,1.82,1.76,2.17,2.1,6.5,4.57,1.54
E0,03/01/17,Bournemouth,Arsenal,3,3,D,2,0,H,M Oliver,12,14,6,4,10,12,4,7,3,3,1,0,4.33,3.4,1.85,4.4,3.7,1.8,4.5,3.6,1.8,4.2,3.75,1.8,4.52,3.87,1.85,5,3.4,1.83,4.6,3.8,1.83,50,5,4.44,3.9,3.72,1.87,1.82,46,1.8,1.75,2.14,2.07,23,0.75,1.86,1.82,2.1,2.04,5.45,4.3,1.65
E0,03/01/17,Crystal Palace,Swansea,1,2,A,0,1,A,P Tierney,7,11,3,4,13,14,4,5,2,1,0,0,1.75,3.5,4.75,1.78,3.6,4.75,1.8,3.6,4.5,1.75,3.5,4.75,1.8,3.77,5,1.83,3.4,5,1.8,3.7,5,49,1.86,1.79,3.9,3.63,5,4.78,45,2.05,1.96,1.92,1.84,25,-1,2.55,2.42,1.62,1.58,1.88,3.71,4.58
E0,03/01/17,Stoke,Watford,2,0,H,1,0,H,N Swarbrick,17,9,5,2,10,15,7,6,1,2,0,0,1.8,3.5,4.5,1.9,3.5,4.2,2,3.4,3.8,1.85,3.4,4.5,1.89,3.58,4.7,1.95,3.4,4.2,1.85,3.5,4.75,52,2,1.88,3.7,3.51,4.8,4.37,46,2.15,2.1,1.79,1.73,25,-0.5,1.92,1.86,2.06,1.99,1.85,3.57,5.02
E0,04/01/17,Tottenham,Chelsea,2,0,H,1,0,H,M Atkinson,9,11,2,2,9,8,1,6,3,2,0,0,2.63,3.25,2.63,2.85,3.3,2.55,3.15,3.3,2.3,2.62,3.3,2.62,2.77,3.35,2.77,2.9,3.1,2.62,2.8,3.4,2.63,47,3.15,2.78,3.45,3.28,2.77,2.64,42,2,1.92,1.98,1.89,24,0,2.1,1.95,1.97,1.9,2.71,3.09,3.05
E0,14/01/17,Burnley,Southampton,1,0,H,0,0,D,P Tierney,9,20,3,5,14,14,2,7,1,2,0,0,3.6,3.4,2.2,3.5,3.25,2.2,3.2,3.35,2.25,3.4,3.25,2.25,3.75,3.35,2.2,3.5,3.2,2.25,3.5,3.3,2.2,49,3.75,3.56,3.4,3.29,2.31,2.2,45,2.42,2.33,1.66,1.6,25,0.25,2.07,2.01,1.89,1.86,4.33,3.45,2
E0,14/01/17,Hull,Bournemouth,3,1,H,1,1,D,M Atkinson,14,8,3,6,13,11,4,5,0,1,0,0,3.3,3.5,2.3,3.2,3.4,2.25,3.15,3.3,2.3,3.2,3.4,2.3,3.34,3.62,2.25,3.2,3.4,2.3,3.3,3.5,2.3,49,3.35,3.24,3.62,3.45,2.36,2.27,46,1.91,1.85,2.05,1.95,25,0.25,1.99,1.93,1.98,1.94,3,3.46,2.51
E0,14/01/17,Leicester,Chelsea,0,3,A,0,1,A,A Marriner,7,8,2,3,8,9,3,5,1,0,0,0,6,4.1,1.62,5.75,3.8,1.62,5,4,1.65,6,3.8,1.62,6.1,3.96,1.66,6,3.6,1.67,5.75,4,1.65,49,6.2,5.78,4.1,3.87,1.74,1.64,46,1.95,1.88,2,1.93,27,1,1.8,1.75,2.21,2.12,4.98,3.62,1.84
E0,14/01/17,Sunderland,Stoke,1,3,A,1,3,A,M Dean,14,14,3,6,16,11,5,2,3,1,0,0,3.1,3.3,2.5,2.95,3.3,2.45,2.65,3.3,2.65,3,3.25,2.5,3.09,3.45,2.46,3,3.3,2.5,3.1,3.4,2.45,48,3.12,3,3.45,3.34,2.65,2.46,45,2.02,1.96,1.93,1.85,25,0.25,1.84,1.8,2.13,2.08,3.39,3.51,2.27
E0,14/01/17,Swansea,Arsenal,0,4,A,0,1,A,M Jones,12,14,3,6,12,8,3,2,2,0,0,0,7,4.75,1.5,6.25,4.6,1.48,6.5,4.2,1.5,6.5,4.5,1.5,6.54,4.71,1.53,6.5,4.33,1.53,6.5,4.8,1.5,49,7,6.38,4.95,4.55,1.57,1.51,43,1.61,1.56,2.54,2.41,28,1,2.11,2.06,1.87,1.81,6.95,4.92,1.49
E0,14/01/17,Tottenham,West Brom,4,0,H,2,0,H,A Taylor,21,3,11,0,11,12,8,0,0,2,0,0,1.33,5.5,11,1.33,5.25,9.5,1.35,5.3,8,1.33,5,11,1.32,5.51,12.56,1.33,5,11,1.33,5.2,12,48,1.38,1.32,5.55,5.23,12.75,11.25,45,1.88,1.81,2.06,1.99,27,-1.5,1.99,1.94,1.96,1.91,1.34,5.38,11.29
E0,14/01/17,Watford,Middlesbrough,0,0,D,0,0,D,J Moss,12,5,5,1,15,15,3,1,3,1,0,0,2.5,3.2,3.2,2.5,3.1,3.1,2.3,3.3,3.15,2.5,3.2,3,2.51,3.18,3.25,2.5,3.1,3.1,2.5,3.1,3.3,49,2.56,2.49,3.3,3.1,3.3,3.16,43,2.69,2.55,1.57,1.51,26,-0.25,2.15,2.09,1.83,1.79,2.35,3.14,3.62
E0,14/01/17,West Ham,Crystal Palace,3,0,H,0,0,D,N Swarbrick,14,10,3,1,10,14,2,2,4,2,0,0,2.38,3.4,3.2,2.35,3.3,3.1,2.2,3.35,3.3,2.4,3.2,3.2,2.41,3.41,3.2,2.4,3.2,3.2,2.4,3.4,3.2,48,2.46,2.38,3.43,3.33,3.3,3.13,45,2.04,1.97,1.91,1.84,27,-0.25,2.09,2.03,1.88,1.84,2.43,3.29,3.29
E0,15/01/17,Everton,Man City,4,0,H,1,0,H,M Clattenburg,6,13,4,5,17,7,3,6,2,2,0,0,4.5,4,1.8,4.4,3.8,1.78,4.1,3.5,1.9,4.33,3.75,1.83,4.54,3.9,1.84,4.33,3.75,1.83,4.6,3.9,1.8,50,4.6,4.39,4,3.8,1.9,1.82,46,1.82,1.74,2.17,2.08,27,1,1.61,1.56,2.58,2.47,4.75,3.93,1.8
E0,15/01/17,Man United,Liverpool,1,1,D,0,1,A,M Oliver,9,13,3,4,17,13,5,7,1,3,0,0,2.15,3.4,3.75,2.15,3.3,3.6,2.2,3.3,3.35,2.2,3.25,3.6,2.16,3.34,3.88,2.2,3.3,3.6,2.05,3.3,3.5,50,2.22,2.14,3.46,3.33,3.88,3.67,46,2.05,1.95,1.92,1.86,27,-0.25,1.88,1.82,2.11,2.06,2.03,3.41,4.28
E0,21/01/17,Bournemouth,Watford,2,2,D,0,1,A,L Mason,15,10,5,3,6,16,9,4,1,1,0,0,1.83,3.75,4.75,1.8,3.7,4.4,1.9,3.5,4.1,1.85,3.6,4.5,1.84,3.77,4.73,1.85,3.6,4.5,1.85,3.75,4.6,50,1.9,1.84,3.8,3.64,4.8,4.52,47,2.02,1.95,1.93,1.85,26,-0.5,1.88,1.83,2.11,2.06,1.92,3.66,4.43
E0,21/01/17,Crystal Palace,Everton,0,1,A,0,0,D,A Taylor,8,16,2,8,10,15,8,7,0,1,0,0,3.25,3.4,2.38,3,3.4,2.35,3.3,3.35,2.2,3.1,3.4,2.4,3.19,3.45,2.4,3.2,3.2,2.4,3.2,3.4,2.4,50,3.3,3.12,3.45,3.35,2.46,2.37,46,2.07,1.99,1.89,1.82,25,0.25,1.88,1.85,2.07,2.02,3.02,3.31,2.58
E0,21/01/17,Liverpool,Swansea,2,3,A,0,0,D,K Friend,16,6,5,3,7,7,6,3,1,1,0,0,1.22,7,15,1.2,7,13,1.2,6.5,15,1.22,7,13,1.22,7.55,14,1.22,6.5,15,1.22,7,15,50,1.25,1.22,7.73,6.9,15.25,13.56,37,1.46,1.41,3.15,2.85,28,-2,2.06,2.01,1.89,1.85,1.27,6.5,13
E0,21/01/17,Man City,Tottenham,2,2,D,0,0,D,A Marriner,17,6,7,2,10,7,5,4,2,4,0,0,2.15,3.5,3.6,2.1,3.5,3.5,2.1,3.4,3.5,2.15,3.4,3.6,2.13,3.52,3.75,2.15,3.4,3.6,2.15,3.5,3.7,50,2.18,2.12,3.59,3.45,3.75,3.59,46,1.88,1.8,2.1,2.01,27,-0.25,1.86,1.82,2.11,2.06,2.15,3.58,3.62
E0,21/01/17,Middlesbrough,West Ham,1,3,A,1,2,A,M Atkinson,11,13,2,5,7,14,7,5,2,1,0,0,2.5,3.2,3.25,2.45,3.1,3.1,2.5,3.2,2.9,2.4,3.2,3.2,2.47,3.17,3.33,2.5,3.1,3.2,2.45,3.2,3.3,50,2.58,2.45,3.25,3.16,3.33,3.17,46,2.43,2.32,1.66,1.6,25,-0.25,2.11,2.06,1.86,1.82,2.58,3.11,3.21
E0,21/01/17,Stoke,Man United,1,1,D,1,0,H,M Clattenburg,6,25,1,8,12,13,1,7,4,0,0,0,6,4.2,1.6,5.75,4.1,1.57,5.7,3.9,1.6,6,4,1.62,6.08,4.08,1.64,6,4,1.62,6,4.1,1.62,49,6.25,5.84,4.2,3.99,1.65,1.62,46,1.97,1.91,1.96,1.9,27,1,1.83,1.77,2.19,2.1,5.92,4.35,1.61
E0,21/01/17,West Brom,Sunderland,2,0,H,2,0,H,C Pawson,14,9,5,3,15,12,1,4,1,1,0,0,1.7,3.8,5.75,1.67,3.8,5.25,1.7,3.7,5,1.67,3.8,5.75,1.7,3.91,5.68,1.7,3.5,6,1.7,3.9,5.4,50,1.72,1.68,4.05,3.8,6.03,5.49,46,2.08,2,1.88,1.81,27,-1,2.26,2.2,1.75,1.7,1.68,3.99,5.68
E0,22/01/17,Arsenal,Burnley,2,1,H,0,0,D,J Moss,24,13,8,7,12,11,10,4,1,3,1,0,1.2,7.5,17,1.18,7.5,14.5,1.22,6.2,13.5,1.2,7,15,1.22,7.35,15.7,1.2,7,15,1.2,7,18,50,1.22,1.2,7.5,7.02,18,15.09,37,1.51,1.47,2.9,2.63,28,-2,1.99,1.94,1.95,1.91,1.21,7.55,17
E0,22/01/17,Chelsea,Hull,2,0,H,1,0,H,N Swarbrick,9,9,5,4,12,10,9,7,1,3,0,0,1.18,8,19,1.16,7.75,16.5,1.15,7.5,18,1.18,7.5,17,1.18,8.5,18,1.2,7,15,1.18,8,17,50,1.2,1.17,8.5,7.61,21,17.48,43,1.57,1.52,2.67,2.52,28,-2,1.9,1.86,2.07,2,1.18,8.5,17.5
E0,22/01/17,Southampton,Leicester,3,0,H,2,0,H,M Oliver,20,11,7,2,8,10,7,2,0,1,0,0,1.83,3.5,5.25,1.83,3.5,4.6,2,3.4,3.8,1.85,3.5,4.75,1.86,3.48,5.1,1.85,3.3,5,1.83,3.5,5.2,49,2,1.83,3.6,3.46,5.35,4.9,45,2.35,2.27,1.67,1.63,27,-0.5,1.86,1.82,2.13,2.07,1.83,3.6,5.07
E0,31/01/17,Arsenal,Watford,1,2,A,0,2,A,A Marriner,20,10,5,6,12,15,9,5,3,3,0,0,1.22,7,15,1.22,6.5,13,1.22,6.5,12.5,1.22,6.5,13,1.24,6.92,14.64,1.25,6,13,1.22,7,15,50,1.26,1.23,7,6.51,15.5,13.3,43,1.56,1.51,2.68,2.54,27,-2,2.19,2.12,1.8,1.75,1.23,7.28,14.2
E0,31/01/17,Bournemouth,Crystal Palace,0,2,A,0,0,D,J Moss,10,11,2,4,14,23,2,3,0,4,0,0,2.05,3.5,3.9,2.05,3.4,3.75,2.15,3.35,3.4,2.05,3.4,3.8,2.12,3.57,3.73,2.1,3.4,3.75,2.1,3.5,3.8,50,2.18,2.09,3.57,3.46,3.92,3.69,47,1.95,1.88,2.02,1.93,27,-0.25,1.84,1.78,2.16,2.1,2.18,3.36,3.79
E0,31/01/17,Burnley,Leicester,1,0,H,0,0,D,M Dean,24,13,3,5,4,8,10,2,1,0,0,0,2.9,3.25,2.7,2.8,3.2,2.65,2.65,3.3,2.65,2.9,3.2,2.65,2.89,3.29,2.7,2.88,3.2,2.62,2.88,3.25,2.7,48,2.94,2.85,3.3,3.2,2.76,2.67,44,2.3,2.21,1.73,1.67,28,0,2.04,1.99,1.92,1.87,3,3.2,2.67
E0,31/01/17,Liverpool,Chelsea,1,1,D,0,1,A,M Clattenburg,7,8,3,2,13,8,3,3,2,1,0,0,2.65,3.25,2.9,2.6,3.3,2.9,2.6,3.2,2.8,2.6,3.25,2.9,2.63,3.33,2.95,2.6,3.2,3,2.63,3.3,2.88,49,2.7,2.6,3.33,3.24,3.05,2.92,46,2.1,2.02,1.87,1.8,28,0,1.88,1.83,2.09,2.04,2.58,3.2,3.12
E0,31/01/17,Middlesbrough,West Brom,1,1,D,1,1,D,S Attwell,11,16,3,5,12,13,4,2,2,1,0,0,2.7,3.1,3,2.65,3,2.95,2.6,3.15,2.85,2.7,3,3,2.73,3.05,3.06,2.7,3,3,2.7,3,3.1,49,2.77,2.68,3.15,3.02,3.1,2.99,42,2.83,2.67,1.53,1.47,28,0,1.88,1.83,2.08,2.03,2.71,3.01,3.13
E0,31/01/17,Sunderland,Tottenham,0,0,D,0,0,D,L Mason,3,14,1,3,9,13,2,12,2,1,0,0,9.5,5.25,1.36,9.5,5.25,1.33,7.5,4.8,1.4,9,5,1.36,9.13,5.41,1.38,9,5,1.36,9.5,5.4,1.36,49,10,8.95,5.65,5.24,1.4,1.36,42,1.65,1.58,2.5,2.36,28,1.5,1.93,1.88,2.02,1.97,8.75,5.71,1.37
E0,31/01/17,Swansea,Southampton,2,1,H,1,0,H,R East,11,10,5,2,10,19,5,4,2,0,0,0,3.4,3.4,2.3,3.25,3.3,2.3,3.15,3.3,2.3,3.3,3.4,2.25,3.29,3.42,2.36,3.4,3.2,2.3,3.3,3.4,2.3,49,3.4,3.24,3.42,3.33,2.41,2.32,46,2.11,2.05,1.87,1.78,25,0.25,1.95,1.88,2.04,1.98,3.25,3.46,2.36
E0,01/02/17,Man United,Hull,0,0,D,0,0,D,M Jones,15,6,6,2,20,16,7,1,1,4,0,0,1.2,7.5,17,1.18,7.5,15,1.2,6.5,15,1.18,7,17,1.2,7.88,17.01,1.2,7,17,1.18,7.5,20,49,1.2,1.18,8.2,7.37,23,17,43,2.39,2.29,1.66,1.61,28,-2,1.93,1.87,2.04,1.98,1.2,8,15.75
E0,01/02/17,Stoke,Everton,1,1,D,1,1,D,C Pawson,14,14,7,5,21,12,5,5,1,0,0,0,2.88,3.4,2.63,2.75,3.3,2.6,2.65,3.3,2.65,2.75,3.25,2.5,2.85,3.4,2.67,2.88,3.25,2.62,2.88,3.4,2.63,49,2.9,2.82,3.42,3.31,2.74,2.61,46,2.09,2,1.88,1.81,28,0,2.05,2,1.91,1.86,3.2,3.37,2.43
E0,01/02/17,West Ham,Man City,0,4,A,0,3,A,K Friend,6,11,1,4,11,14,2,4,3,3,0,0,6,4.5,1.57,5.5,4.33,1.57,5.5,4,1.6,5.5,4.33,1.55,5.94,4.55,1.58,6,4.2,1.57,6,4.6,1.55,49,6,5.68,4.66,4.38,1.65,1.57,42,1.62,1.57,2.48,2.39,27,1,2.01,1.95,1.95,1.91,5.73,4.68,1.58
E0,04/02/17,Chelsea,Arsenal,3,1,H,1,0,H,M Atkinson,13,9,6,5,14,8,10,13,1,1,0,0,1.95,3.6,4.2,1.95,3.5,4,2.1,3.4,3.5,1.95,3.6,4,1.94,3.58,4.42,2,3.3,4.2,1.95,3.6,4.3,48,2.1,1.95,3.73,3.53,4.42,4.13,46,1.96,1.87,2.02,1.93,28,-0.5,1.98,1.92,2,1.95,2.08,3.36,4.13
E0,04/02/17,Crystal Palace,Sunderland,0,4,A,0,4,A,A Marriner,21,10,9,7,8,8,6,1,3,3,0,0,1.7,3.9,5.5,1.67,3.8,5.25,1.75,3.6,4.8,1.7,3.7,5.5,1.73,3.91,5.37,1.67,3.8,5.5,1.7,3.8,5.75,48,1.75,1.69,4,3.82,5.75,5.37,46,2.05,1.97,1.95,1.83,27,-1,2.32,2.21,1.75,1.69,1.7,3.82,5.81
E0,04/02/17,Everton,Bournemouth,6,3,H,3,0,H,M Jones,15,18,10,8,14,4,4,8,3,1,0,0,1.7,4,5.25,1.7,3.8,5,1.7,3.7,5,1.7,3.9,5.2,1.74,4,5.14,1.73,3.6,5.5,1.7,4,5.4,47,1.79,1.71,4,3.86,5.55,5.07,44,1.88,1.8,2.1,2.01,27,-0.5,1.73,1.7,2.31,2.23,1.7,4.03,5.41
E0,04/02/17,Hull,Liverpool,2,0,H,1,0,H,L Mason,7,22,4,5,9,12,1,15,2,1,0,0,8,4.75,1.45,7.25,4.5,1.45,6.2,4,1.55,7.5,4.5,1.44,7.68,4.59,1.49,8,4.5,1.44,8,4.75,1.45,48,8,7.42,4.76,4.47,1.55,1.47,45,1.79,1.72,2.2,2.12,27,1,2.21,2.14,1.79,1.75,7.15,4.43,1.53
E0,04/02/17,Southampton,West Ham,1,3,A,1,2,A,G Scott,21,6,7,4,12,15,3,2,0,2,0,0,1.85,3.75,4.5,1.8,3.6,4.6,1.85,3.5,4.3,1.83,3.6,4.5,1.85,3.67,4.84,1.83,3.6,4.5,1.87,3.6,4.75,48,1.92,1.84,3.75,3.59,4.84,4.58,46,2.06,1.99,1.92,1.82,27,-0.5,1.89,1.83,2.1,2.05,1.78,3.86,5
E0,04/02/17,Tottenham,Middlesbrough,1,0,H,0,0,D,M Clattenburg,17,8,5,0,8,11,11,2,0,1,0,0,1.29,6,13,1.26,5.5,13,1.3,5.5,9.5,1.25,6,13,1.29,5.95,13.45,1.29,5.5,13,1.29,6,13,48,1.3,1.27,6.14,5.76,14.5,12.9,45,1.84,1.76,2.15,2.06,28,-1.5,1.87,1.81,2.12,2.05,1.29,6.15,12.5
E0,04/02/17,Watford,Burnley,2,1,H,2,0,H,M Oliver,16,11,7,7,12,10,3,6,5,0,0,1,2.15,3.3,3.9,2.1,3.25,3.8,2.1,3.4,3.5,2.1,3.3,3.75,2.12,3.28,4.1,2.15,3.2,3.8,2.15,3.25,4,48,2.18,2.12,3.4,3.26,4.1,3.83,45,2.45,2.36,1.65,1.59,28,-0.25,1.83,1.79,2.16,2.1,2.13,3.23,4.14
E0,04/02/17,West Brom,Stoke,1,0,H,1,0,H,K Friend,16,12,4,2,6,13,5,6,2,2,0,0,2.3,3.25,3.5,2.25,3.25,3.4,2.2,3.3,3.35,2.3,3.2,3.4,2.31,3.29,3.53,2.38,3.1,3.4,2.3,3.3,3.5,48,2.41,2.31,3.3,3.22,3.6,3.39,45,2.31,2.24,1.71,1.65,28,-0.25,2,1.95,1.96,1.92,2.41,3.2,3.41
E0,05/02/17,Leicester,Man United,0,3,A,0,2,A,A Taylor,11,15,1,9,12,13,10,3,2,4,0,0,5.75,4,1.65,5.25,3.8,1.67,5,3.7,1.7,5.5,3.75,1.67,5.95,3.89,1.68,5.5,3.75,1.7,5.4,3.9,1.7,48,5.95,5.58,4,3.8,1.74,1.68,45,2.14,2.05,1.84,1.77,26,1,1.75,1.71,2.3,2.19,5.29,3.84,1.75
E0,05/02/17,Man City,Swansea,2,1,H,1,0,H,M Dean,17,4,5,2,9,13,10,3,2,3,0,0,1.22,7,15,1.2,7.25,13,1.25,6,11,1.22,6.5,13,1.23,7.55,13.6,1.22,7,13,1.22,7.5,13,48,1.25,1.22,7.55,6.9,15,13.58,36,1.42,1.39,3.15,2.94,27,-2,2.01,1.97,1.93,1.89,1.22,7.8,14.5
E0,11/02/17,Arsenal,Hull,2,0,H,1,0,H,M Clattenburg,17,9,7,4,12,9,3,8,3,1,0,1,1.29,6,13,1.26,5.75,11.5,1.3,5.5,9.5,1.25,5.75,11,1.3,6.2,11.44,1.3,5.5,11,1.29,6,12,44,1.31,1.28,6.35,5.92,13,11.24,38,1.56,1.51,2.66,2.56,23,-1.5,1.81,1.76,2.19,2.12,1.3,6.06,11.42
E0,11/02/17,Liverpool,Tottenham,2,0,H,2,0,H,A Taylor,17,7,9,2,14,14,10,3,3,4,0,0,2.3,3.4,3.4,2.25,3.4,3.25,2.2,3.35,3.3,2.15,3.25,3.4,2.22,3.41,3.61,2.3,3.2,3.4,2.25,3.4,3.5,43,2.35,2.24,3.45,3.34,3.61,3.41,41,1.96,1.91,1.99,1.91,24,-0.25,1.99,1.9,2.03,1.97,2.22,3.47,3.55
E0,11/02/17,Man United,Watford,2,0,H,1,0,H,R Madley,22,9,11,3,10,12,5,1,1,0,0,0,1.25,6.5,14,1.25,6.25,11.5,1.27,5.8,10.5,1.25,5.75,13,1.27,6.4,13,1.25,6,13,1.25,6.5,15,42,1.27,1.25,6.74,6.19,15,12.92,40,1.73,1.66,2.3,2.22,22,-1.5,1.77,1.73,2.24,2.16,1.27,6.45,12.75
E0,11/02/17,Middlesbrough,Everton,0,0,D,0,0,D,M Dean,9,7,3,3,14,9,5,2,2,0,0,0,3.9,3.3,2.15,3.7,3.3,2.1,3.7,3.35,2.05,3.6,3.2,2.1,3.8,3.35,2.18,3.6,3.2,2.2,3.75,3.3,2.2,42,3.9,3.7,3.37,3.28,2.22,2.15,39,2.4,2.31,1.67,1.62,22,0.25,2.09,2.04,1.86,1.83,3.89,3.33,2.16
E0,11/02/17,Stoke,Crystal Palace,1,0,H,0,0,D,M Atkinson,7,6,4,1,10,14,5,5,1,3,0,0,2.15,3.3,3.9,2.05,3.3,3.9,2.1,3.3,3.6,2.05,3.25,3.6,2.13,3.42,3.86,2.1,3.3,3.8,2.1,3.4,3.9,43,2.19,2.1,3.42,3.36,3.95,3.73,40,2.15,2.07,1.85,1.77,24,-0.25,1.84,1.81,2.13,2.08,2.13,3.32,4
E0,11/02/17,Sunderland,Southampton,0,4,A,0,2,A,P Tierney,6,15,1,8,12,14,6,2,1,0,0,0,3.9,3.4,2.1,3.7,3.4,2.05,3.3,3.35,2.2,3.6,3.4,2,3.92,3.54,2.07,3.8,3.3,2.1,3.8,3.5,2.1,43,3.95,3.76,3.54,3.43,2.2,2.06,40,2.12,2.06,1.83,1.76,22,0.5,1.88,1.84,2.09,2.04,3.81,3.6,2.08
E0,11/02/17,West Ham,West Brom,2,2,D,0,1,A,M Oliver,16,8,4,3,7,14,7,5,3,2,0,0,2.25,3.3,3.6,2.15,3.3,3.5,2.1,3.4,3.5,2.2,3.1,3.5,2.28,3.25,3.65,2.25,3.2,3.6,2.25,3.4,3.5,43,2.33,2.22,3.4,3.26,3.75,3.52,41,2.14,2.05,1.83,1.78,24,-0.25,1.94,1.9,2.02,1.97,2.3,3.28,3.56
E0,12/02/17,Burnley,Chelsea,1,1,D,1,1,D,K Friend,6,13,4,2,12,11,1,1,3,2,0,0,9,5,1.4,7.75,4.6,1.42,7.5,4.8,1.4,8,4.33,1.4,8.59,4.73,1.44,8,4.5,1.44,9,4.75,1.4,42,9.11,8.28,5,4.61,1.46,1.42,39,1.96,1.91,1.96,1.9,22,1,2.3,2.25,1.73,1.68,8.2,4.44,1.49
E0,12/02/17,Swansea,Leicester,2,0,H,2,0,H,J Moss,10,9,4,1,7,14,7,3,2,2,0,0,2.4,3.3,3.25,2.4,3.25,3.1,2.4,3.3,2.95,2.3,3.1,3.1,2.44,3.3,3.25,2.5,3.2,3.1,2.38,3.3,3.25,43,2.52,2.41,3.32,3.26,3.25,3.13,41,2.1,2.01,1.89,1.81,24,-0.25,2.09,2.03,1.89,1.85,2.51,3.36,3.08
E0,13/02/17,Bournemouth,Man City,0,2,A,0,1,A,N Swarbrick,5,17,1,5,8,11,3,7,2,3,0,0,7.5,5,1.44,6.75,4.75,1.45,7,4.3,1.47,6.5,4.5,1.44,6.97,4.95,1.48,7,4.8,1.44,7.5,4.8,1.44,42,7.53,6.91,5.05,4.76,1.5,1.45,37,1.56,1.52,2.66,2.52,22,1.5,1.74,1.69,2.29,2.22,7.7,5.17,1.43
E0,25/02/17,Chelsea,Swansea,3,1,H,1,1,D,N Swarbrick,16,3,5,2,11,14,8,1,1,3,0,0,1.25,6.5,15,1.22,6.25,14,1.22,6.5,12,1.25,6,13,1.27,6.51,12.91,1.25,6,13,1.25,6.5,13,48,1.28,1.25,6.74,6.18,15,12.92,42,1.66,1.61,2.45,2.31,23,-1.75,1.98,1.92,2.01,1.94,1.28,6.2,13
E0,25/02/17,Crystal Palace,Middlesbrough,1,0,H,1,0,H,R Madley,15,11,3,4,13,15,4,2,3,1,0,0,2.1,3.2,4.2,2.1,3.2,3.9,2.1,3.4,3.5,2.05,3,4.2,2.12,3.13,4.37,2.15,3.1,4,2.1,3.2,4,49,2.16,2.1,3.4,3.12,4.37,4.08,42,2.85,2.68,1.52,1.46,25,-0.25,1.8,1.76,2.2,2.13,2.1,3.26,4.21
E0,25/02/17,Everton,Sunderland,2,0,H,1,0,H,S Attwell,20,10,8,1,10,16,10,6,0,2,0,0,1.4,5.25,8.5,1.4,4.6,8.5,1.45,4.4,7.2,1.4,4.75,7.5,1.43,5.18,7.91,1.4,4.8,8.5,1.4,5.25,8.5,47,1.45,1.4,5.25,4.97,8.92,7.87,42,1.68,1.63,2.34,2.27,23,-1.25,1.91,1.86,2.05,2,1.43,4.93,8.28
E0,25/02/17,Hull,Burnley,1,1,D,0,0,D,M Atkinson,15,10,1,3,8,13,6,3,1,1,0,1,2.15,3.3,3.9,2.15,3.25,3.6,2.2,3.35,3.3,2.15,3.1,3.75,2.2,3.22,3.91,2.2,3.1,3.8,2.15,3.3,3.9,48,2.25,2.16,3.35,3.22,3.92,3.74,45,2.4,2.3,1.68,1.62,25,-0.25,1.88,1.83,2.09,2.05,2.15,3.29,3.98
E0,25/02/17,Watford,West Ham,1,1,D,1,0,H,C Pawson,9,13,1,2,18,14,4,6,4,1,0,1,2.63,3.3,2.9,2.55,3.25,2.85,2.6,3.25,2.75,2.5,3.1,2.9,2.63,3.26,3,2.62,3.2,2.9,2.63,3.3,2.9,48,2.68,2.57,3.32,3.22,3,2.91,46,2.07,2,1.93,1.82,25,-0.25,2.24,2.16,1.77,1.73,2.84,3.23,2.79
E0,25/02/17,West Brom,Bournemouth,2,1,H,2,1,H,M Clattenburg,13,12,4,4,12,5,8,6,2,0,0,0,2.1,3.4,4,2.05,3.4,3.75,1.9,3.5,4.1,2.05,3.3,3.75,2.11,3.44,3.93,2.1,3.3,3.8,2.05,3.5,4,48,2.11,2.07,3.5,3.39,4.1,3.81,46,2.12,2.01,1.89,1.81,25,-0.5,2.11,2.05,1.87,1.83,2.21,3.3,3.77
E0,26/02/17,Tottenham,Stoke,4,0,H,4,0,H,J Moss,21,5,9,3,11,14,8,5,2,3,0,0,1.44,5,7.5,1.4,4.75,8.25,1.4,4.8,7.5,1.4,4.5,8,1.43,4.89,8.49,1.44,4.5,8,1.44,4.8,8,47,1.45,1.42,5.1,4.79,9,7.82,44,1.72,1.65,2.38,2.23,23,-1.5,2.24,2.16,1.78,1.72,1.38,5.3,9.2
E0,27/02/17,Leicester,Liverpool,3,1,H,2,0,H,M Oliver,13,17,7,7,8,5,5,12,0,0,0,0,5.5,4.2,1.65,5.75,4,1.6,5,3.7,1.7,5.25,4,1.6,5.75,4.27,1.63,5.5,3.8,1.67,6,4.2,1.6,47,6,5.66,4.27,4.04,1.7,1.62,44,1.83,1.76,2.14,2.06,24,1,1.87,1.82,2.08,2.03,5.75,4.05,1.67
E0,04/03/17,Leicester,Hull,3,1,H,1,1,D,M Dean,17,10,5,4,12,13,10,4,1,1,0,0,1.85,3.6,4.75,1.85,3.5,4.5,1.8,3.6,4.5,1.8,3.4,4.5,1.87,3.55,4.92,1.85,3.4,4.8,1.83,3.6,5,46,1.91,1.85,3.8,3.56,5,4.62,44,2.15,2.05,1.83,1.77,22,-0.5,1.88,1.84,2.11,2.05,1.83,3.61,5.05
E0,04/03/17,Liverpool,Arsenal,3,1,H,2,0,H,R Madley,18,7,7,3,8,15,9,3,1,2,0,0,2.15,3.6,3.6,2.05,3.5,3.6,2,3.4,3.8,2.05,3.3,3.5,2.14,3.51,3.73,2.15,3.4,3.6,2.15,3.6,3.6,46,2.2,2.11,3.62,3.51,3.8,3.56,44,1.78,1.71,2.24,2.14,23,-0.25,1.86,1.82,2.11,2.06,2,3.72,3.97
E0,04/03/17,Man United,Bournemouth,1,1,D,1,1,D,K Friend,20,3,7,1,9,11,15,2,3,2,0,1,1.25,6.5,15,1.25,6,12,1.2,6.5,15,1.25,6,12,1.27,6.55,12.75,1.25,6,13,1.25,6,13,47,1.28,1.25,6.55,6.15,17.35,12.85,43,1.63,1.57,2.5,2.4,22,-1.75,1.98,1.93,1.99,1.93,1.24,6.95,13.75
E0,04/03/17,Stoke,Middlesbrough,2,0,H,2,0,H,C Pawson,13,8,8,2,16,20,6,1,1,2,0,0,1.95,3.4,4.5,1.95,3.3,4.33,2,3.4,3.8,1.91,3.2,4.33,2,3.3,4.6,1.95,3.3,4.5,1.93,3.4,4.75,47,2.06,1.95,3.4,3.32,4.76,4.43,43,2.5,2.38,1.63,1.58,23,-0.5,2,1.93,1.99,1.94,2.02,3.29,4.52
E0,04/03/17,Swansea,Burnley,3,2,H,1,1,D,A Taylor,23,6,10,4,7,13,9,2,2,2,0,0,2,3.5,4.2,2,3.4,3.9,1.9,3.5,4.1,2,3.2,4,2.05,3.35,4.27,2,3.4,4,2.05,3.4,4.1,46,2.11,2.01,3.5,3.36,4.3,4.07,44,2.28,2.16,1.77,1.69,23,-0.5,2.08,2.01,1.91,1.86,2.01,3.39,4.38
E0,04/03/17,Watford,Southampton,3,4,A,1,2,A,J Moss,16,20,4,11,16,9,6,5,3,2,0,0,3.6,3.4,2.2,3.5,3.2,2.2,3.15,3.3,2.3,3.4,3.25,2.15,3.54,3.38,2.26,3.5,3.1,2.3,3.7,3.3,2.2,46,3.7,3.51,3.4,3.28,2.33,2.22,44,2.33,2.25,1.73,1.65,21,0.25,2.03,1.98,1.94,1.88,4.12,3.51,2.03
E0,04/03/17,West Brom,Crystal Palace,0,2,A,0,0,D,M Jones,11,10,1,4,8,12,5,5,0,1,0,0,2.2,3.3,3.8,2.2,3.1,3.6,2,3.4,3.8,2.15,3.1,3.6,2.23,3.28,3.74,2.2,3.1,3.8,2.2,3.2,3.75,47,2.28,2.19,3.4,3.21,3.87,3.68,43,2.5,2.37,1.65,1.58,24,-0.25,1.91,1.86,2.06,2.01,2.37,3.23,3.48
E0,05/03/17,Sunderland,Man City,0,2,A,0,1,A,M Atkinson,11,14,3,7,11,4,6,4,1,0,0,0,11,6.5,1.29,10,6,1.28,9.5,5.5,1.3,10,5.75,1.29,10.81,6.35,1.3,11,5.5,1.3,10.5,6,1.3,45,12,10.54,6.5,5.99,1.33,1.29,30,1.5,1.46,2.95,2.71,21,1.5,2.19,2.11,1.83,1.76,10.95,6.6,1.29
E0,05/03/17,Tottenham,Everton,3,2,H,1,0,H,M Oliver,20,8,7,4,9,14,7,2,1,2,0,0,1.67,4.2,5.25,1.6,4,5.75,1.7,3.7,5,1.62,3.8,5.5,1.64,4.17,5.88,1.67,3.8,5.5,1.65,4.1,5.75,46,1.7,1.63,4.2,4.01,5.88,5.58,44,1.81,1.76,2.15,2.07,22,-1,2.13,2.07,1.85,1.8,1.62,4.28,5.88
E0,06/03/17,West Ham,Chelsea,1,2,A,0,1,A,A Marriner,11,9,2,4,8,8,6,4,0,1,0,0,6,4.1,1.62,5.75,4,1.6,5.7,3.9,1.6,5.25,4,1.62,5.75,4.3,1.63,6,4,1.62,6,4.1,1.62,46,6.2,5.74,4.3,4.02,1.67,1.62,45,1.9,1.83,2.05,1.98,22,1,1.85,1.8,2.15,2.06,6.15,4.25,1.61
E0,08/03/17,Man City,Stoke,0,0,D,0,0,D,N Swarbrick,12,5,1,2,8,11,8,1,1,3,0,0,1.25,6.5,15,1.25,6,12.5,1.22,6.5,12.5,1.22,6.5,12,1.25,6.8,13.6,1.25,6,13,1.22,6.25,13,46,1.27,1.23,7.35,6.49,15,12.73,36,1.48,1.44,2.9,2.74,21,-1.75,1.87,1.81,2.12,2.06,1.24,7.05,14.25
E0,11/03/17,Bournemouth,West Ham,3,2,H,1,1,D,R Madley,21,15,9,7,20,15,5,6,4,2,0,0,2.6,3.5,2.8,2.5,3.4,2.8,2.5,3.3,2.85,2.5,3.3,2.75,2.67,3.4,2.84,2.62,3.3,2.8,2.63,3.5,2.8,45,2.7,2.59,3.55,3.38,2.88,2.78,43,1.78,1.72,2.2,2.12,21,-0.25,2.29,2.22,1.77,1.7,2.59,3.51,2.86
E0,11/03/17,Everton,West Brom,3,0,H,2,0,H,G Scott,16,5,5,2,8,12,4,6,1,2,0,0,1.67,3.8,6,1.6,3.7,5.75,1.65,3.8,5.3,1.62,3.75,5.75,1.68,3.89,6,1.7,3.75,5.5,1.7,3.75,6,43,1.7,1.67,3.97,3.81,6,5.61,42,2.1,2.02,1.85,1.79,20,-0.5,1.7,1.64,2.42,2.34,1.65,3.92,6.35
E0,11/03/17,Hull,Swansea,2,1,H,0,0,D,A Marriner,15,11,7,3,14,5,2,7,3,1,0,0,2.55,3.3,3,2.5,3.2,3,2.5,3.3,2.85,2.5,3.1,2.9,2.58,3.24,3.08,2.6,3.1,3,2.5,3.3,3.1,44,2.64,2.52,3.35,3.26,3.1,2.97,42,2.11,2.04,1.85,1.78,20,-0.25,2.21,2.13,1.82,1.76,2.56,3.29,3.07
E0,12/03/17,Liverpool,Burnley,2,1,H,1,1,D,C Pawson,10,11,3,1,12,16,11,1,2,2,0,0,1.25,6.5,14,1.22,6.5,12.5,1.22,6.2,13.5,1.22,6,13,1.26,6.55,13.5,1.25,6,13,1.22,6.5,15,44,1.26,1.24,6.75,6.3,15,13.23,40,1.59,1.54,2.55,2.45,20,-1.5,1.74,1.69,2.28,2.22,1.29,6.1,12.25
E0,18/03/17,Bournemouth,Swansea,2,0,H,1,0,H,M Dean,12,10,6,1,10,9,2,4,0,2,0,0,2.15,3.5,3.6,2.1,3.4,3.6,2.3,3.3,3.15,2.1,3.3,3.5,2.15,3.51,3.7,2.2,3.3,3.5,2.2,3.5,3.5,46,2.3,2.16,3.52,3.41,3.7,3.5,44,1.77,1.72,2.19,2.11,23,-0.25,1.91,1.85,2.09,2.02,2.22,3.51,3.51
E0,18/03/17,Crystal Palace,Watford,1,0,H,0,0,D,M Atkinson,7,6,0,2,8,15,3,2,0,2,0,0,1.91,3.5,4.75,1.9,3.5,4.2,2,3.4,3.8,1.91,3.3,4.33,1.94,3.45,4.63,1.91,3.4,4.5,1.95,3.5,4.5,46,2,1.92,3.57,3.42,4.75,4.39,44,2.24,2.16,1.74,1.69,23,-0.5,1.97,1.91,2,1.95,1.94,3.43,4.67
E0,18/03/17,Everton,Hull,4,0,H,1,0,H,P Tierney,14,6,8,0,9,7,5,8,2,0,0,1,1.53,4.33,7,1.53,4.1,6.75,1.5,4.2,6.5,1.5,4.2,6.5,1.52,4.46,7.15,1.53,4,7,1.5,4.33,7.5,45,1.54,1.51,4.5,4.25,7.53,6.81,43,1.86,1.8,2.08,2.01,22,-1,1.89,1.84,2.08,2.01,1.57,4.18,6.85
E0,18/03/17,Stoke,Chelsea,1,2,A,1,1,D,A Taylor,5,20,1,7,16,11,5,11,4,2,1,0,6.5,4,1.62,5.5,4.1,1.6,5.3,3.8,1.65,5.75,3.8,1.6,6.54,4.04,1.61,6,4,1.62,6.5,4,1.62,47,6.74,6.13,4.2,3.94,1.66,1.6,46,2.1,2.01,1.9,1.81,23,1,1.85,1.81,2.12,2.05,6.07,3.7,1.71
E0,18/03/17,Sunderland,Burnley,0,0,D,0,0,D,R Madley,14,17,5,3,14,7,3,5,2,1,0,0,2.55,3.3,3,2.55,3.1,2.95,2.4,3.3,2.95,2.5,3.1,2.9,2.62,3.23,3.04,2.6,3.2,2.88,2.55,3.3,3,46,2.62,2.54,3.32,3.22,3.1,2.95,44,2.24,2.15,1.78,1.7,23,0,1.83,1.79,2.15,2.08,2.66,3.19,3.02
E0,18/03/17,West Brom,Arsenal,3,1,H,1,1,D,N Swarbrick,12,11,8,2,5,6,4,5,1,0,0,0,5.25,4,1.73,4.75,3.9,1.72,5,3.7,1.7,4.75,3.8,1.7,5.36,4.02,1.71,5,3.8,1.73,5.25,4,1.7,46,5.5,5.09,4.06,3.84,1.76,1.71,44,1.84,1.78,2.12,2.03,20,0.75,2.01,1.96,1.94,1.9,5.85,4.21,1.63
E0,18/03/17,West Ham,Leicester,2,3,A,1,3,A,R East,20,11,7,5,10,14,6,5,0,1,0,0,2.3,3.5,3.3,2.25,3.4,3.25,2.2,3.35,3.3,2.25,3.3,3.1,2.33,3.49,3.28,2.38,3.3,3.2,2.38,3.5,3.2,47,2.38,2.3,3.5,3.39,3.41,3.2,46,1.88,1.8,2.09,2.01,24,-0.25,2.03,1.98,1.94,1.88,2.41,3.39,3.22
E0,19/03/17,Man City,Liverpool,1,1,D,0,0,D,M Oliver,13,13,3,4,14,7,9,8,3,3,0,0,2,3.75,3.8,1.95,3.7,3.75,1.9,3.5,4.1,1.91,3.5,3.8,1.98,3.68,4.1,2,3.6,3.8,1.95,3.75,3.9,46,2.03,1.97,3.82,3.65,4.1,3.82,42,1.73,1.65,2.33,2.22,23,-0.5,2,1.95,1.96,1.91,1.97,3.8,4
E0,19/03/17,Middlesbrough,Man United,1,3,A,0,1,A,J Moss,10,14,3,6,9,8,8,3,1,1,0,0,6,3.7,1.7,5.75,3.7,1.65,5.3,3.8,1.65,5.5,3.6,1.67,5.97,3.8,1.69,5.5,3.6,1.7,5.75,3.7,1.73,46,6.3,5.69,3.9,3.67,1.75,1.68,44,2.26,2.18,1.73,1.68,22,1,1.79,1.68,2.36,2.24,6,3.89,1.68
E0,19/03/17,Tottenham,Southampton,2,1,H,2,0,H,A Marriner,12,8,6,3,12,13,5,1,3,3,0,0,1.73,3.8,5.5,1.7,3.7,5.25,1.65,4,5,1.67,3.6,5.25,1.72,3.87,5.53,1.73,3.6,5.5,1.7,3.9,5.5,46,1.75,1.7,4,3.81,5.9,5.26,45,1.96,1.88,1.98,1.92,22,-1,2.35,2.23,1.79,1.68,1.69,3.96,5.68
E0,01/04/17,Burnley,Tottenham,0,2,A,0,0,D,S Attwell,13,19,2,7,9,6,3,7,2,0,0,0,5.75,3.8,1.7,5.5,3.8,1.65,5,3.7,1.7,5.5,3.75,1.65,6.07,3.91,1.67,5.5,3.75,1.7,5.75,3.9,1.67,46,6.07,5.5,3.95,3.78,1.75,1.68,45,2.11,2.01,1.9,1.8,23,1,1.74,1.69,2.3,2.22,5.11,3.81,1.78
E0,01/04/17,Chelsea,Crystal Palace,1,2,A,1,2,A,C Pawson,24,8,11,3,12,14,9,3,3,2,0,0,1.3,5.75,12,1.26,5.75,11.5,1.25,6,11,1.29,5.25,12,1.3,5.9,12,1.29,5.5,12,1.29,5.75,13,46,1.31,1.28,6,5.54,13.87,12.13,44,1.92,1.81,2.07,2,24,-1.5,1.96,1.9,2.02,1.96,1.36,5.25,10.8
E0,01/04/17,Hull,West Ham,2,1,H,0,1,A,M Jones,7,12,3,4,16,9,5,5,2,2,0,0,2.45,3.4,3.1,2.4,3.3,3,2.5,3.3,2.85,2.4,3.25,2.9,2.47,3.42,3.1,2.5,3.3,3,2.45,3.5,3,47,2.56,2.45,3.5,3.33,3.1,2.98,46,1.91,1.83,2.05,1.97,25,-0.25,2.15,2.1,1.84,1.79,2.44,3.35,3.2
E0,01/04/17,Leicester,Stoke,2,0,H,1,0,H,L Mason,23,10,10,2,7,11,10,4,1,4,0,0,2.05,3.5,4,2,3.4,3.9,1.9,3.5,4.1,2,3.3,3.8,2.07,3.48,4,2.05,3.4,3.8,2.05,3.5,3.9,46,2.1,2.04,3.55,3.44,4.1,3.83,45,2.03,1.96,1.92,1.84,24,-0.5,2.08,2.04,1.88,1.84,1.89,3.65,4.59
E0,01/04/17,Liverpool,Everton,3,1,H,2,1,H,A Taylor,10,9,6,4,17,10,2,3,1,3,0,0,1.73,3.9,5.25,1.67,4,5,1.65,3.8,5.3,1.67,3.8,5,1.73,3.97,5.25,1.73,3.8,5,1.7,4,5.25,46,1.75,1.7,4.15,3.94,5.35,4.99,43,1.78,1.73,2.22,2.1,22,-0.75,1.96,1.89,2.04,1.98,1.73,3.79,5.6
E0,01/04/17,Man United,West Brom,0,0,D,0,0,D,M Dean,18,3,3,1,15,13,6,1,3,3,0,0,1.36,5,11,1.36,5,8.5,1.3,5.5,9.5,1.36,4.5,9.5,1.37,5.05,10.55,1.36,5,9,1.36,5,11,46,1.4,1.36,5.5,4.9,11,9.83,45,1.93,1.85,2.02,1.95,23,-1.5,2.18,2.1,1.81,1.77,1.38,5.05,10
E0,01/04/17,Southampton,Bournemouth,0,0,D,0,0,D,J Moss,14,12,4,3,14,8,6,3,1,0,0,0,1.65,4,6,1.62,3.9,5.75,1.6,3.9,5.7,1.62,3.8,5.25,1.67,4.13,5.57,1.62,4.2,5.5,1.62,4,5.75,46,1.69,1.64,4.2,3.99,6,5.52,44,1.79,1.73,2.2,2.1,24,-1,2.16,2.1,1.84,1.78,1.67,4.13,5.55
E0,01/04/17,Watford,Sunderland,1,0,H,0,0,D,L Probert,23,11,10,3,12,8,13,9,1,3,0,0,1.85,3.6,4.75,1.83,3.6,4.5,1.85,3.5,4.3,1.8,3.5,4.5,1.87,3.67,4.72,1.85,3.6,4.5,1.85,3.6,4.8,46,1.91,1.84,3.67,3.56,4.86,4.57,44,2.13,2.04,1.82,1.77,24,-0.5,1.87,1.83,2.09,2.05,1.97,3.6,4.23
E0,02/04/17,Arsenal,Man City,2,2,D,1,2,A,A Marriner,8,14,3,5,8,15,3,8,3,2,0,0,3.1,3.75,2.3,3.25,3.5,2.2,2.85,3.5,2.4,3,3.6,2.2,3.22,3.82,2.23,3.1,3.5,2.3,3.13,3.75,2.25,47,3.25,3.08,3.82,3.62,2.41,2.26,42,1.65,1.58,2.51,2.36,23,0.25,1.96,1.91,2.02,1.95,2.9,3.84,2.41
E0,02/04/17,Swansea,Middlesbrough,0,0,D,0,0,D,R Madley,15,8,3,1,9,16,11,3,2,3,0,0,2,3.4,4.33,1.95,3.4,4.2,2,3.4,3.8,1.91,3.25,4.2,1.98,3.43,4.47,1.95,3.5,4.2,1.93,3.5,4.5,46,2.06,1.97,3.5,3.39,4.5,4.2,44,2.26,2.17,1.75,1.68,24,-0.5,2,1.94,1.99,1.93,1.95,3.43,4.62
E0,04/04/17,Burnley,Stoke,1,0,H,0,0,D,K Friend,7,15,3,2,9,16,3,5,3,2,0,0,2.5,3.1,3.3,2.4,3.1,3.25,2.4,3.3,2.95,2.4,3.1,3.3,2.48,3.07,3.43,2.5,3.1,3.1,2.5,3.1,3.3,45,2.55,2.45,3.3,3.1,3.42,3.23,43,2.48,2.36,1.65,1.59,24,-0.25,2.14,2.08,1.86,1.81,2.47,3.16,3.34
E0,04/04/17,Leicester,Sunderland,2,0,H,0,0,D,G Scott,19,15,8,3,12,13,5,6,0,1,0,0,1.45,4.5,8.5,1.42,4.6,7.75,1.5,4.2,6.5,1.44,4.33,8,1.48,4.61,7.92,1.44,4.33,8.5,1.45,4.5,8.5,45,1.5,1.45,4.7,4.5,8.92,7.85,43,1.83,1.76,2.14,2.06,23,-1.5,2.54,2.31,1.69,1.64,1.51,4.5,7.48
E0,04/04/17,Man United,Everton,1,1,D,0,1,A,N Swarbrick,18,11,3,4,10,18,6,5,1,4,0,1,1.57,4.2,6.5,1.55,4,6.5,1.55,4,6.2,1.57,4,6.5,1.57,4.23,6.75,1.57,4,6.5,1.57,4.2,6.5,46,1.61,1.57,4.3,4.11,6.8,6.32,45,1.95,1.88,2,1.93,24,-1,2.01,1.96,1.95,1.89,1.61,4.05,6.55
E0,04/04/17,Watford,West Brom,2,0,H,1,0,H,P Tierney,9,18,2,2,11,14,5,6,1,4,1,0,2.5,3.2,3.2,2.5,3.2,2.95,2.5,3.3,2.85,2.5,3.1,3.1,2.56,3.16,3.19,2.5,3.1,3.1,2.5,3.2,3.2,45,2.56,2.49,3.3,3.14,3.3,3.13,43,2.42,2.31,1.69,1.61,24,-0.25,2.15,2.1,1.83,1.79,2.5,3.16,3.29
E0,05/04/17,Arsenal,West Ham,3,0,H,0,0,D,M Atkinson,21,7,8,2,11,5,5,0,2,2,0,0,1.4,5.25,8,1.36,5.25,8,1.4,4.8,7.5,1.36,5,7.5,1.42,5.32,7.89,1.4,5,8,1.36,5.25,8,45,1.43,1.39,5.35,5.11,8.72,7.7,35,1.46,1.42,3,2.8,24,-1.5,2.09,2.03,1.86,1.82,1.43,5.35,7.32
E0,05/04/17,Chelsea,Man City,2,1,H,2,1,H,M Dean,10,17,4,7,10,14,2,9,1,3,0,0,2.4,3.5,3.1,2.3,3.4,3.1,2.2,3.35,3.3,2.3,3.5,2.9,2.41,3.56,3.08,2.4,3.3,3.1,2.38,3.5,3.13,45,2.45,2.37,3.56,3.41,3.3,3.05,43,1.8,1.74,2.19,2.09,24,-0.25,2.08,2.03,1.89,1.84,2.22,3.39,3.63
E0,05/04/17,Hull,Middlesbrough,4,2,H,3,2,H,M Oliver,17,12,5,4,13,12,8,4,2,1,0,0,2.05,3.3,4.2,2,3.3,4,2.2,3.35,3.3,2,3.1,4,2.08,3.32,4.2,2.05,3.2,4.2,2.1,3.3,4.1,45,2.2,2.05,3.5,3.27,4.3,4.04,43,2.48,2.36,1.65,1.59,24,-0.5,2.1,2.03,1.89,1.84,2.08,3.3,4.23
E0,05/04/17,Liverpool,Bournemouth,2,2,D,1,1,D,L Mason,20,7,8,2,11,8,7,2,1,1,0,0,1.36,5.25,9.5,1.36,5.25,8.25,1.3,5.5,9.5,1.36,5,8,1.4,5.31,8.45,1.36,5,9,1.36,5.25,9,46,1.43,1.38,5.5,5.1,9.5,8.25,38,1.53,1.48,2.75,2.63,24,-1.5,2.16,2.07,1.85,1.79,1.44,4.85,8.4
E0,05/04/17,Southampton,Crystal Palace,3,1,H,1,1,D,R East,25,17,9,3,16,11,11,11,2,1,0,0,1.83,3.7,4.75,1.8,3.5,4.75,1.8,3.6,4.5,1.8,3.5,4.5,1.84,3.7,4.86,1.83,3.5,4.8,1.85,3.6,4.8,45,1.91,1.83,3.7,3.56,4.86,4.67,43,2.11,2.05,1.83,1.76,23,-0.5,1.87,1.81,2.12,2.06,1.86,3.61,4.84
E0,05/04/17,Swansea,Tottenham,1,3,A,1,0,H,J Moss,4,18,1,8,7,8,5,7,1,1,0,0,5,4,1.73,5,3.75,1.7,5.3,3.8,1.65,4.75,3.8,1.7,5.33,3.97,1.72,5,3.8,1.73,5.4,4,1.7,45,5.35,5.04,4,3.82,1.8,1.72,43,1.9,1.82,2.06,1.98,23,1,1.72,1.67,2.38,2.25,5.45,4,1.7
E0,08/04/17,Bournemouth,Chelsea,1,3,A,1,2,A,A Marriner,12,15,1,5,7,11,4,4,2,3,0,0,6.5,4,1.6,6.25,4.1,1.55,6.2,4,1.55,5.75,4,1.57,6.35,4.26,1.59,6,3.6,1.62,6.5,4.2,1.57,45,6.74,6.2,4.3,4.02,1.63,1.58,44,1.87,1.8,2.09,2.01,23,1,1.95,1.87,2.05,1.99,6.85,4.5,1.53
E0,08/04/17,Man City,Hull,3,1,H,1,0,H,J Moss,23,6,7,1,6,8,7,3,0,2,0,0,1.2,7.5,17,1.19,7.25,14,1.17,7.5,15,1.2,7,13,1.22,7.6,14.85,1.22,6,13,1.2,7.5,17,47,1.22,1.2,7.6,7.13,18.32,14.5,37,1.44,1.4,3.05,2.91,23,-2,1.97,1.91,2.01,1.95,1.2,8.2,16
E0,08/04/17,Middlesbrough,Burnley,0,0,D,0,0,D,M Atkinson,12,7,5,2,9,12,4,3,0,3,0,0,2.45,3.1,3.4,2.4,3.1,3.2,2.5,3.3,2.85,2.38,3,3.25,2.42,3.15,3.45,2.4,3,3.2,2.45,3.13,3.4,46,2.5,2.42,3.3,3.12,3.45,3.24,40,2.53,2.42,1.61,1.55,24,-0.25,2.1,2.04,1.89,1.84,2.64,3.04,3.2
E0,08/04/17,Stoke,Liverpool,1,2,A,1,0,H,M Dean,9,14,4,4,7,11,5,8,0,2,0,0,4,3.75,1.95,4,3.6,1.91,4.3,3.5,1.85,3.8,3.6,1.91,4.06,3.71,1.98,4,3.4,1.95,4.1,3.7,1.95,46,4.4,4,3.8,3.61,2.02,1.94,45,1.93,1.85,2.04,1.97,22,0.5,1.97,1.93,1.98,1.94,3.51,3.3,2.31
E0,08/04/17,Tottenham,Watford,4,0,H,3,0,H,A Taylor,19,8,6,2,12,12,7,5,0,1,0,0,1.25,6.5,15,1.25,6,11.5,1.3,5.5,9.5,1.22,6,13,1.25,6.6,14,1.25,5.5,12,1.22,6.5,18,46,1.3,1.24,6.74,6.1,18,13.34,44,1.65,1.58,2.54,2.38,23,-1.75,1.95,1.9,2.04,1.97,1.24,7.15,13.65
E0,08/04/17,West Brom,Southampton,0,1,A,0,1,A,C Kavanagh,17,10,6,3,12,12,7,3,2,2,0,0,3,3.3,2.55,2.95,3.3,2.45,2.85,3.3,2.5,3,3.1,2.4,3.11,3.31,2.52,2.8,3.1,2.6,2.9,3.25,2.63,46,3.2,3,3.31,3.2,2.63,2.5,44,2.34,2.23,1.7,1.65,22,0.25,1.81,1.77,2.2,2.12,3.11,3.28,2.54
E0,08/04/17,West Ham,Swansea,1,0,H,1,0,H,K Friend,14,4,6,1,12,12,4,3,5,1,0,0,2.1,3.6,3.7,2.05,3.6,3.5,2.1,3.4,3.5,2.05,3.3,3.6,2.09,3.49,3.92,2.1,3.3,3.5,2.1,3.6,3.7,47,2.17,2.09,3.62,3.47,3.92,3.61,45,1.87,1.79,2.1,2.02,25,-0.25,1.84,1.79,2.17,2.09,2.21,3.4,3.65
E0,09/04/17,Everton,Leicester,4,2,H,3,2,H,R Madley,12,6,7,4,8,15,4,6,2,2,0,0,1.75,3.9,5,1.72,3.6,5.25,1.65,3.8,5.3,1.73,3.8,4.5,1.76,3.98,4.95,1.75,3.5,5,1.73,3.8,5.25,44,1.79,1.73,3.98,3.78,5.35,4.95,45,1.86,1.79,2.14,2.02,23,-0.75,1.97,1.93,1.98,1.94,1.77,3.88,5.05
E0,09/04/17,Sunderland,Man United,0,3,A,0,1,A,C Pawson,9,18,4,9,14,20,4,5,1,5,1,0,10,5.25,1.36,9,5,1.35,7.5,4.8,1.4,10,5,1.33,10.52,5.32,1.36,10,4.5,1.36,8.5,5.25,1.3,45,11,9.93,5.32,5.01,1.4,1.34,44,1.81,1.75,2.16,2.08,24,1.5,1.92,1.87,2.07,1.99,9.6,5.25,1.38
E0,10/04/17,Crystal Palace,Arsenal,3,0,H,1,0,H,M Oliver,17,11,6,3,11,10,5,8,0,1,0,0,4.5,3.9,1.83,4.6,3.8,1.75,5,3.7,1.7,4,3.8,1.8,4.37,3.96,1.85,4.33,3.5,1.83,4.4,3.9,1.83,44,5,4.33,4,3.8,1.85,1.81,43,1.69,1.64,2.36,2.25,21,0.75,1.86,1.83,2.12,2.05,4.61,4.16,1.78
E0,15/04/17,Crystal Palace,Leicester,2,2,D,0,1,A,M Dean,15,6,4,2,10,16,8,5,0,2,0,0,1.73,3.6,4.75,1.8,3.5,4.4,1.8,3.6,4.5,1.75,3.6,4.75,1.78,3.85,5.1,1.8,3.6,4.5,1.75,3.8,5.2,44,1.84,1.77,3.85,3.7,5.2,4.76,44,2.05,1.96,1.92,1.85,21,-0.75,2.06,1.99,1.91,1.88,2.04,3.52,4.07
E0,15/04/17,Everton,Burnley,3,1,H,0,0,D,M Clattenburg,29,13,7,6,15,14,6,7,2,0,0,0,1.4,4.5,8,1.45,4.25,6.75,1.45,4.5,7,1.4,4.33,8,1.43,4.82,8.67,1.44,4.33,7.5,1.45,4.6,8.5,43,1.48,1.44,4.82,4.49,8.67,7.81,43,1.91,1.83,2.07,1.98,21,-1,1.76,1.71,2.29,2.18,1.52,4.25,7.9
E0,15/04/17,Southampton,Man City,0,3,A,0,0,D,N Swarbrick,8,18,1,5,9,8,3,8,3,0,0,0,4.33,4,1.73,4.5,3.8,1.7,5,3.7,1.7,4.2,3.8,1.75,4.66,4.1,1.78,4.4,3.8,1.75,4.5,4,1.8,43,5,4.45,4.1,3.91,1.82,1.77,41,1.69,1.64,2.38,2.25,20,0.75,1.95,1.87,2.06,2,4.65,4.06,1.79
E0,15/04/17,Stoke,Hull,3,1,H,1,0,H,S Attwell,14,14,4,3,12,5,3,7,0,2,0,0,1.95,3.3,4,1.91,3.4,4,1.85,3.5,4.3,1.91,3.3,4,1.98,3.54,4.3,2,3.4,3.8,2,3.4,4.33,43,2.04,1.97,3.54,3.4,4.35,4.1,42,2.16,2.08,1.83,1.75,22,-0.5,2.02,1.96,1.96,1.93,2.03,3.56,4.06
E0,15/04/17,Sunderland,West Ham,2,2,D,1,1,D,A Marriner,14,7,4,3,14,10,8,1,1,0,0,1,3.3,3.25,2.2,3.2,3.4,2.15,3.05,3.4,2.3,3.1,3.4,2.25,3.24,3.54,2.33,3.1,3.4,2.25,3.3,3.5,2.3,43,3.36,3.17,3.54,3.4,2.36,2.29,43,1.86,1.8,2.07,2.01,20,0.25,1.95,1.91,2.01,1.96,2.72,3.51,2.72
E0,15/04/17,Tottenham,Bournemouth,4,0,H,2,0,H,M Oliver,24,5,14,1,8,10,13,1,0,1,0,0,1.25,6,10,1.25,5.75,10.5,1.25,6,11,1.25,6,11,1.27,6.67,12.45,1.25,6,11,1.25,6.5,11.5,44,1.3,1.26,6.67,6.14,12.45,10.98,35,1.48,1.42,3,2.8,21,-1.75,1.98,1.92,2.01,1.95,1.25,7,12.8
E0,15/04/17,Watford,Swansea,1,0,H,1,0,H,L Mason,15,13,7,4,8,13,6,2,0,0,0,0,2.4,3.3,2.9,2.35,3.2,3,2.4,3.4,2.9,2.4,3.2,2.9,2.57,3.3,3.05,2.4,3.2,3,2.5,3.3,3.1,43,2.58,2.48,3.4,3.23,3.12,2.98,42,2.18,2.07,1.81,1.75,20,-0.25,2.18,2.11,1.83,1.79,2.69,3.28,2.91
E0,16/04/17,Man United,Chelsea,2,0,H,1,0,H,R Madley,9,5,3,0,16,20,1,3,3,3,0,0,2.55,3.2,2.8,2.6,3.1,2.75,2.65,3.3,2.65,2.5,3,2.9,2.67,3.2,3,2.5,3.2,2.88,2.6,3.2,3,43,2.82,2.63,3.3,3.15,3,2.87,42,2.3,2.24,1.73,1.65,20,0,1.88,1.82,2.11,2.04,2.85,3.17,2.82
E0,16/04/17,West Brom,Liverpool,0,1,A,0,1,A,J Moss,7,15,2,2,15,9,4,4,3,1,0,0,4,3.8,1.8,4.25,3.6,1.8,4.5,3.6,1.8,4,3.6,1.85,4.34,3.7,1.93,4.2,3.75,1.8,4.5,3.7,1.87,43,4.5,4.29,3.8,3.6,1.93,1.87,43,1.99,1.92,1.98,1.89,20,0.5,2.05,2,1.93,1.87,4.58,3.71,1.88
E0,17/04/17,Middlesbrough,Arsenal,1,2,A,0,1,A,A Taylor,13,12,5,4,11,16,2,4,2,2,0,0,7,4,1.5,6.25,3.9,1.53,6.2,4,1.55,6,4.2,1.53,6.72,4.39,1.55,6.5,4.2,1.5,6.5,4.33,1.55,42,7,6.33,4.5,4.25,1.57,1.53,40,1.8,1.71,2.25,2.12,19,1,2.02,1.96,1.96,1.9,6.58,4.95,1.5
E0,22/04/17,Bournemouth,Middlesbrough,4,0,H,2,0,H,G Scott,20,5,10,2,4,14,4,3,0,2,0,1,1.85,3.75,4.5,1.87,3.6,4.25,1.85,3.6,4.2,1.85,3.6,4,1.93,3.79,4.24,1.83,3.4,4.5,1.87,3.75,4.5,44,1.93,1.86,3.8,3.66,4.5,4.28,44,1.94,1.86,2.01,1.94,24,-0.5,1.93,1.86,2.06,2.01,1.9,3.76,4.37
E0,22/04/17,Hull,Watford,2,0,H,0,0,D,R Madley,8,13,3,2,10,11,4,7,3,1,1,0,1.91,3.7,4.33,1.87,3.5,4.4,1.85,3.6,4.2,1.85,3.5,4,1.92,3.7,4.37,1.95,3.1,4.33,1.91,3.6,4.5,43,1.95,1.9,3.75,3.55,4.5,4.23,43,2.07,1.99,1.91,1.83,24,-0.5,1.94,1.9,2.02,1.98,1.89,3.74,4.45
E0,22/04/17,Swansea,Stoke,2,0,H,1,0,H,M Oliver,10,9,6,3,5,14,11,4,2,2,0,0,2.2,3.4,3.6,2.2,3.25,3.5,2.1,3.4,3.5,2.1,3.3,3.5,2.15,3.53,3.68,2.25,3.1,3.5,2.2,3.4,3.6,44,2.26,2.18,3.53,3.34,3.68,3.5,43,2.15,2.06,1.81,1.75,24,-0.25,1.91,1.86,2.08,2.01,2.35,3.54,3.2
E0,22/04/17,West Ham,Everton,0,0,D,0,0,D,R East,15,4,3,0,9,15,8,4,2,3,0,0,3.3,3.6,2.25,3.3,3.4,2.2,3.5,3.4,2.1,3.1,3.5,2.2,3.27,3.68,2.26,3.4,3.1,2.25,3.25,3.6,2.3,43,3.5,3.23,3.68,3.51,2.31,2.22,41,1.75,1.69,2.26,2.15,22,0.25,1.99,1.93,1.99,1.93,3.69,3.6,2.12
E0,23/04/17,Burnley,Man United,0,2,A,0,2,A,A Taylor,8,12,0,6,17,16,3,3,2,1,0,0,5.75,4,1.67,5.25,3.9,1.65,5.5,4,1.6,5.5,3.6,1.65,5.95,3.93,1.68,6,3.2,1.7,6.25,3.75,1.65,44,6.25,5.66,4,3.76,1.71,1.66,43,2.25,2.15,1.76,1.7,23,1,1.73,1.69,2.29,2.22,5.64,3.51,1.79
E0,23/04/17,Liverpool,Crystal Palace,1,2,A,1,1,D,A Marriner,14,7,1,3,8,10,4,3,1,2,0,0,1.5,4.75,7,1.48,4.33,7,1.45,4.4,7.2,1.48,4.5,6.5,1.5,4.91,6.63,1.5,4,7,1.45,4.75,7.5,44,1.51,1.49,4.91,4.55,7.5,6.69,43,1.72,1.64,2.38,2.26,23,-1,1.83,1.78,2.19,2.09,1.5,4.5,7.6
E0,25/04/17,Chelsea,Southampton,4,2,H,2,1,H,L Mason,17,12,7,4,13,9,6,7,2,2,0,0,1.45,4.6,8.5,1.42,4.5,8,1.45,4.4,7.2,1.4,4.33,7.5,1.44,4.72,8.66,1.44,4.33,8,1.45,4.6,8,43,1.5,1.44,4.75,4.56,9,8.02,41,1.85,1.78,2.15,2.04,21,-1.5,2.44,2.32,1.67,1.64,1.46,4.8,7.88
E0,26/04/17,Arsenal,Leicester,1,0,H,0,0,D,M Jones,12,7,5,3,9,13,12,1,2,4,0,0,1.6,4.5,5.75,1.57,4.33,5.5,1.6,4.2,5.2,1.55,4.33,5.25,1.61,4.54,5.6,1.57,4.2,5.5,1.6,4.5,5.5,42,1.64,1.6,4.55,4.35,6,5.38,34,1.51,1.45,2.8,2.71,22,-1,2.05,1.98,1.95,1.89,1.46,5.1,7.15
E0,26/04/17,Crystal Palace,Tottenham,0,1,A,0,0,D,J Moss,6,18,1,4,13,15,2,11,3,3,0,0,5.5,4.2,1.65,5.25,4.1,1.62,4.7,3.9,1.7,5,4,1.62,5.68,4.22,1.65,5.5,3.6,1.67,5.5,4.2,1.65,42,5.8,5.41,4.25,4.07,1.7,1.64,40,1.67,1.62,2.4,2.28,21,1,1.84,1.79,2.17,2.08,5.85,4.55,1.59
E0,26/04/17,Middlesbrough,Sunderland,1,0,H,1,0,H,M Dean,6,10,2,4,15,11,3,5,3,3,0,0,2.3,3.4,3.4,2.2,3.3,3.4,2.1,3.4,3.5,2.15,3.3,3.3,2.23,3.44,3.58,2.25,3.3,3.2,2.3,3.4,3.4,42,2.3,2.22,3.45,3.37,3.58,3.4,40,2.13,2.04,1.85,1.78,22,-0.25,1.97,1.92,2.01,1.96,2.21,3.45,3.6
E0,27/04/17,Man City,Man United,0,0,D,0,0,D,M Atkinson,19,3,6,1,10,8,7,4,1,0,0,1,1.91,3.75,4.2,1.87,3.75,4,1.9,3.5,4.1,1.85,3.5,4.2,1.89,3.77,4.42,1.85,3.75,4,1.93,3.6,4.3,42,1.94,1.88,3.8,3.67,4.5,4.24,41,1.88,1.8,2.08,2.01,22,-0.5,1.93,1.86,2.06,2.02,1.91,3.46,4.82
E0,29/04/17,Crystal Palace,Burnley,0,2,A,0,1,A,R Madley,15,9,5,3,11,12,14,4,2,0,0,0,1.75,3.5,4.75,1.75,3.5,4.75,1.8,3.6,4.5,1.83,3.6,4.6,1.8,3.63,5.02,1.83,3.5,4.4,1.8,3.6,5,44,1.85,1.8,3.75,3.56,5.1,4.81,42,2.19,2.09,1.79,1.74,22,-0.5,1.84,1.79,2.15,2.1,1.86,3.44,5.18
E0,29/04/17,Southampton,Hull,0,0,D,0,0,D,M Dean,11,9,2,1,9,13,6,6,0,3,0,0,1.6,3.75,5.75,1.62,3.9,5,1.7,3.9,4.6,1.66,3.75,5.5,1.64,4.06,5.77,1.67,3.8,5,1.67,4,5.75,44,1.72,1.66,4.06,3.91,5.77,5.38,43,1.85,1.79,2.1,2.02,22,-1,2.2,2.14,1.8,1.74,1.57,4.34,6.5
E0,29/04/17,Stoke,West Ham,0,0,D,0,0,D,L Probert,19,12,4,4,12,3,5,3,1,0,0,0,2,3.5,3.6,2.15,3.3,3.3,2.1,3.3,3.6,2.15,3.3,3.4,2.08,3.45,3.85,2.15,3.4,3.3,2.1,3.5,3.8,44,2.16,2.09,3.5,3.42,4,3.61,43,1.91,1.87,2.01,1.94,23,-0.5,2.12,2.07,1.87,1.81,2.06,3.38,4.18
E0,29/04/17,Sunderland,Bournemouth,0,1,A,0,0,D,S Attwell,17,15,5,7,13,9,6,5,3,2,0,0,3,3.4,2.3,2.8,3.5,2.35,3.05,3.4,2.3,3,3.5,2.4,3.02,3.6,2.37,2.9,3.4,2.38,3,3.6,2.45,44,3.05,2.95,3.6,3.48,2.5,2.39,42,1.76,1.72,2.18,2.11,21,0.25,1.87,1.83,2.12,2.05,3.33,3.68,2.23
E0,29/04/17,West Brom,Leicester,0,1,A,0,1,A,M Clattenburg,16,6,4,1,14,9,5,6,2,2,0,0,2.4,3.5,2.75,2.4,3.3,2.85,2.6,3.3,2.7,2.4,3.5,2.75,2.54,3.38,2.94,2.5,3.3,2.8,2.6,3.4,2.9,43,2.6,2.5,3.5,3.35,2.98,2.86,42,2.07,2,1.86,1.8,22,-0.25,2.22,2.14,1.8,1.75,2.82,3.31,2.75
E0,30/04/17,Everton,Chelsea,0,3,A,0,0,D,J Moss,12,11,4,5,13,11,2,4,3,4,0,0,3.5,3.6,2,3.75,3.3,2,3.8,3.4,2,3.4,3.6,2.05,3.77,3.67,2.03,3.5,3.5,2.05,3.9,3.7,2,44,3.9,3.68,3.7,3.53,2.1,2.03,42,1.88,1.83,2.09,1.98,19,0.25,2.22,2.13,1.81,1.75,4.61,3.75,1.86
E0,30/04/17,Man United,Swansea,1,1,D,1,0,H,N Swarbrick,12,12,6,4,11,13,5,2,2,2,0,0,1.36,4.75,8,1.33,4.75,9,1.3,5.5,9.5,1.3,4.6,9,1.37,5.04,10.06,1.36,4.75,8.5,1.36,5,10,44,1.43,1.37,5.5,4.85,10.06,8.93,41,1.86,1.78,2.13,2.03,21,-1.5,2.21,2.14,1.78,1.74,1.42,4.79,9.45
E0,30/04/17,Middlesbrough,Man City,2,2,D,1,0,H,K Friend,14,22,6,4,9,9,4,11,4,4,0,0,13,5.25,1.25,10,5,1.3,9.5,5.5,1.3,9,5.5,1.28,11.39,5.93,1.29,9,5,1.33,13,5.75,1.29,44,13,10.68,6,5.57,1.33,1.29,38,1.53,1.5,2.65,2.55,21,1.5,2.13,2.07,1.84,1.79,11.84,6.32,1.28
E0,30/04/17,Tottenham,Arsenal,2,0,H,0,0,D,M Oliver,20,12,11,4,7,15,14,5,1,3,0,0,1.85,3.75,4,1.9,3.6,3.8,1.9,3.65,3.9,1.9,3.75,3.9,1.86,3.94,4.15,1.85,4,3.75,1.91,3.9,4,44,1.95,1.88,4,3.81,4.16,3.93,39,1.57,1.54,2.54,2.44,22,-0.5,1.91,1.87,2.05,2.01,1.82,4.15,4.37
E0,01/05/17,Watford,Liverpool,0,1,A,0,1,A,C Pawson,9,12,2,8,11,9,3,5,3,1,0,0,5.75,4.5,1.5,6,4,1.53,6,4.5,1.5,5.5,4.2,1.53,6.61,4.4,1.53,6,4,1.55,6.25,4.4,1.55,41,6.62,6.09,4.5,4.24,1.62,1.55,39,1.74,1.67,2.3,2.17,19,1,2.01,1.95,1.97,1.91,5.96,4.16,1.63
E0,05/05/17,West Ham,Tottenham,1,0,H,0,0,D,A Taylor,13,11,5,5,8,9,3,7,4,2,0,0,8.5,5.25,1.4,8,5.25,1.36,7.5,4.8,1.4,8.5,4.8,1.4,9.4,5.35,1.37,8,5,1.4,9,5.25,1.36,44,9.4,8.54,5.5,5.11,1.42,1.37,40,1.67,1.61,2.45,2.33,22,1.5,1.9,1.85,2.06,2.01,8.4,5.24,1.41
E0,06/05/17,Bournemouth,Stoke,2,2,D,0,1,A,P Tierney,12,14,2,3,10,15,0,7,2,0,0,0,2.25,3.6,3.3,2.2,3.4,3.3,2.1,3.4,3.5,2.2,3.6,3.3,2.24,3.5,3.47,2.25,3.2,3.3,2.25,3.6,3.3,43,2.25,2.2,3.6,3.47,3.5,3.32,41,1.79,1.73,2.2,2.11,20,-0.25,1.94,1.91,2.01,1.97,2.36,3.47,3.24
E0,06/05/17,Burnley,West Brom,2,2,D,0,0,D,M Jones,14,11,4,3,9,14,5,8,1,3,0,0,2.25,3.3,3.6,2.25,3.25,3.4,1.9,3.5,4.1,2.2,3.25,3.5,2.31,3.2,3.64,2.25,3.2,3.3,2.3,3.2,3.6,43,2.31,2.24,3.5,3.19,4.1,3.52,41,2.56,2.44,1.6,1.55,20,-0.25,1.98,1.93,1.99,1.94,2.59,3.03,3.29
E0,06/05/17,Hull,Sunderland,0,2,A,0,0,D,N Swarbrick,16,12,6,5,10,8,7,4,3,1,0,0,1.44,4.75,8,1.44,4.6,7.5,1.45,4.5,7,1.4,4.33,7.5,1.49,4.7,7.29,1.44,4.33,7.5,1.45,4.75,8,43,1.51,1.45,4.75,4.53,8,7.32,42,1.85,1.77,2.15,2.05,21,-1,1.79,1.74,2.21,2.16,1.56,4.57,6.28
E0,06/05/17,Leicester,Watford,3,0,H,1,0,H,R East,11,14,5,7,8,10,10,1,0,0,0,0,1.57,4.2,6.5,1.57,4.1,6,1.6,3.8,6,1.53,3.9,7,1.61,4.16,6.38,1.57,3.75,6.5,1.57,4.2,6.5,43,1.61,1.58,4.25,4.02,7,6.25,42,1.88,1.81,2.05,2,22,-1,2.05,1.99,1.92,1.88,1.67,3.92,6.05
E0,06/05/17,Man City,Crystal Palace,5,0,H,1,0,H,M Oliver,26,5,12,2,12,8,9,3,1,3,0,0,1.29,6.5,11,1.28,6.25,9.5,1.25,6,11,1.28,5.75,11,1.3,6.6,10.25,1.25,6,11,1.29,6.5,11.5,40,1.3,1.27,6.8,6.22,12,10.52,31,1.4,1.35,3.35,3.15,21,-1.75,1.98,1.93,1.97,1.93,1.26,7,11.5
E0,06/05/17,Swansea,Everton,1,0,H,1,0,H,M Atkinson,9,8,4,2,5,13,9,5,0,0,0,0,2.8,3.5,2.63,2.75,3.4,2.55,2.6,3.5,2.6,2.6,3.5,2.5,2.81,3.48,2.65,2.75,3.4,2.62,2.8,3.5,2.63,42,2.82,2.76,3.5,3.38,2.7,2.6,41,1.93,1.86,2.03,1.95,19,0.25,1.75,1.7,2.28,2.23,2.52,3.47,2.98
E0,07/05/17,Arsenal,Man United,2,0,H,0,0,D,A Marriner,9,10,4,4,14,10,5,9,1,0,0,0,1.91,3.7,4.33,1.85,3.7,4.25,2.1,3.4,3.5,1.85,3.6,4.33,1.94,3.72,4.22,1.91,3.6,4.2,1.91,3.7,4.3,43,2.1,1.92,3.75,3.61,4.33,4.11,42,1.92,1.85,2.01,1.95,22,-0.5,1.95,1.92,2.02,1.97,2.12,3.58,3.72
E0,07/05/17,Liverpool,Southampton,0,0,D,0,0,D,R Madley,17,4,8,0,9,4,3,6,1,3,0,0,1.62,4.2,6,1.6,4.1,5.5,1.5,4.2,6.5,1.57,3.9,6,1.61,4.21,6.12,1.62,4,6,1.6,4.33,6,43,1.62,1.59,4.33,4.13,6.5,5.79,40,1.73,1.66,2.31,2.21,21,-1,2.06,2,1.91,1.87,1.61,4.15,6.3
E0,08/05/17,Chelsea,Middlesbrough,3,0,H,2,0,H,C Pawson,21,2,7,1,8,21,8,1,0,2,0,0,1.17,9,19,1.17,7.5,17,1.15,7.5,18,1.15,7.5,15,1.18,8.29,18.22,1.14,8.5,19,1.15,8.5,22,42,1.19,1.16,9.17,7.94,23,18.77,37,1.53,1.49,2.72,2.59,20,-2,1.8,1.77,2.2,2.19,1.14,10,22
E0,10/05/17,Southampton,Arsenal,0,2,A,0,0,D,J Moss,14,11,3,4,5,5,8,5,1,2,0,0,3.6,3.8,2.05,3.5,3.75,2,3.7,3.5,2,3.4,3.5,2,3.69,3.75,2.07,3.6,3.6,2,3.6,3.8,2.05,42,3.75,3.58,3.8,3.64,2.1,2.04,39,1.73,1.68,2.25,2.17,20,0.5,1.88,1.84,2.09,2.04,3.3,3.77,2.21
E0,12/05/17,Everton,Watford,1,0,H,0,0,D,K Friend,15,14,6,2,7,11,9,8,0,3,0,0,1.5,4.5,7.5,1.45,4.5,7.25,1.5,4.2,6.5,1.4,4.5,7.5,1.45,4.79,8.05,1.44,4.33,7,1.45,4.8,7.5,44,1.5,1.45,4.8,4.57,8.05,7.39,42,1.8,1.72,2.2,2.12,20,-1.25,2.03,1.99,1.94,1.88,1.43,5.03,8.3
E0,12/05/17,West Brom,Chelsea,0,1,A,0,0,D,M Oliver,7,24,2,5,13,8,5,8,3,0,0,0,10,5.25,1.36,8.5,5,1.36,9.5,5.5,1.3,9,5.2,1.36,9.65,5.15,1.38,10,4.4,1.36,10,5,1.36,43,10,9.46,5.5,4.94,1.41,1.36,44,1.92,1.83,2.05,1.99,20,1.25,2.06,2.02,1.89,1.85,9.76,5.18,1.38
E0,13/05/17,Bournemouth,Burnley,2,1,H,1,0,H,L Probert,18,14,6,3,6,11,7,1,0,1,0,0,1.91,3.75,4.2,1.91,3.6,4,2,3.4,3.8,1.85,3.5,3.9,1.93,3.76,4.28,1.95,3.4,4,1.93,3.75,4.2,45,2,1.92,3.76,3.63,4.28,4.04,43,1.83,1.76,2.2,2.06,21,-0.5,1.97,1.91,2.01,1.97,1.84,3.93,4.49
E0,13/05/17,Man City,Leicester,2,1,H,2,1,H,R Madley,17,9,5,4,12,16,9,3,3,3,0,0,1.25,7,12,1.25,6.25,11.5,1.25,6,11,1.28,5.75,13,1.25,7,13,1.25,5.5,12,1.22,7,12,45,1.28,1.23,7.5,6.56,15,12.42,35,1.38,1.35,3.4,3.17,20,-2,2.01,1.95,1.97,1.9,1.23,7.95,12.5
E0,13/05/17,Middlesbrough,Southampton,1,2,A,0,1,A,A Taylor,14,14,3,4,19,11,6,3,3,0,0,0,4,3.6,2,3.8,3.5,2,4.1,3.5,1.9,3.8,3.3,2,3.91,3.68,2.03,3.6,3.4,2.05,4,3.5,2.05,45,4.1,3.84,3.68,3.52,2.07,2,44,2.04,1.96,1.93,1.85,19,0.5,1.92,1.89,2.03,1.98,3.92,3.42,2.12
E0,13/05/17,Stoke,Arsenal,1,4,A,0,1,A,M Dean,10,10,4,6,13,7,7,6,1,2,0,0,4.75,4.1,1.75,4.75,4,1.7,4.6,4,1.7,4.2,3.9,1.7,4.61,4.16,1.78,4.5,3.8,1.73,4.6,4.1,1.75,45,4.8,4.56,4.18,4,1.79,1.74,41,1.65,1.6,2.45,2.33,20,0.75,1.98,1.91,2.01,1.95,5.29,4.23,1.68
E0,13/05/17,Sunderland,Swansea,0,2,A,0,2,A,A Marriner,13,3,4,3,13,6,8,4,4,0,0,0,4.2,3.8,1.91,4.1,3.7,1.87,4.2,3.6,1.85,3.9,3.75,1.86,4.18,3.84,1.94,4,3.5,1.91,4,3.8,1.95,45,4.25,4.04,3.85,3.68,1.97,1.91,44,1.92,1.85,2.02,1.96,19,0.5,2,1.96,1.94,1.91,3.33,3.55,2.28
E0,14/05/17,Crystal Palace,Hull,4,0,H,2,0,H,M Atkinson,12,9,4,0,13,14,3,7,3,5,0,0,2.1,3.6,3.75,2.05,3.4,3.75,2,3.4,3.8,1.9,3.5,3.7,2.11,3.63,3.69,2.05,3.4,3.75,2.05,3.6,3.8,44,2.11,2.06,3.64,3.5,3.8,3.68,43,2.02,1.95,1.94,1.86,21,-0.5,2.12,2.06,1.87,1.83,1.97,3.56,4.31
E0,14/05/17,Tottenham,Man United,2,1,H,1,0,H,J Moss,14,8,7,2,14,15,8,3,1,2,0,0,1.73,3.9,5.25,1.67,4,5,1.85,3.6,4.2,1.66,3.9,5.2,1.71,4.04,5.35,1.67,3.8,5,1.73,3.75,5.4,45,1.85,1.7,4.04,3.85,5.5,5.14,44,2,1.93,1.98,1.87,20,-0.75,1.92,1.88,2.04,1.98,1.65,4.06,6
E0,14/05/17,West Ham,Liverpool,0,4,A,0,1,A,N Swarbrick,10,26,3,11,5,10,4,6,2,0,0,0,5.25,4,1.7,5.5,3.75,1.65,4.7,3.9,1.7,4.8,3.9,1.7,5.62,4.2,1.65,5,3.9,1.7,5.5,4,1.67,44,5.62,5.26,4.2,3.94,1.73,1.67,42,1.86,1.81,2.1,2,20,0.75,2.1,2.03,1.87,1.84,5.92,4.1,1.65
E0,15/05/17,Chelsea,Watford,4,3,H,2,1,H,L Mason,24,9,9,3,7,12,8,3,2,4,0,1,1.25,6.75,13,1.25,6.5,10,1.33,5.5,8,1.25,6.5,13,1.25,6.85,13.5,1.25,6,11,1.22,6.5,13,44,1.33,1.24,7.15,6.54,14.5,12.61,34,1.5,1.46,2.86,2.69,20,-1.75,1.85,1.82,2.12,2.06,1.29,6.56,10.5
E0,16/05/17,Arsenal,Sunderland,2,0,H,0,0,D,R East,36,6,13,2,15,10,17,3,4,2,0,0,1.09,13,29,1.09,11,23,1.12,9,20,1.1,9.5,29,1.1,13.62,28.49,1.1,9,26,1.11,11.5,26,43,1.12,1.09,13.62,11.35,32.75,26.47,35,1.3,1.25,4.32,3.87,18,-2.75,2,1.93,1.99,1.95,1.12,12,23.5
E0,16/05/17,Man City,West Brom,3,1,H,2,0,H,C Pawson,21,5,10,2,8,11,7,1,1,2,0,0,1.14,9,23,1.12,9.5,19,1.15,7.5,18,1.15,7.5,26,1.14,10.39,23.1,1.14,7.5,21,1.13,9.5,22,43,1.15,1.13,10.39,9.1,29,22.37,35,1.4,1.32,3.61,3.37,18,-2.5,2,1.95,1.96,1.92,1.16,9.25,19.35
E0,17/05/17,Southampton,Man United,0,0,D,0,0,D,M Dean,17,11,6,1,7,10,7,3,2,1,0,0,2.75,3.3,2.8,2.65,3.3,2.7,2.4,3.3,2.95,2.55,3.3,2.75,2.76,3.33,2.8,2.62,3.2,2.75,2.75,3.3,2.8,43,2.76,2.67,3.5,3.27,2.95,2.75,41,2.15,2.06,1.83,1.76,20,0,1.96,1.91,1.99,1.95,2.37,3.32,3.26
E0,18/05/17,Leicester,Tottenham,1,6,A,0,2,A,M Oliver,12,26,5,12,11,8,4,4,3,1,0,0,4.5,3.8,1.85,4.25,3.6,1.85,3.6,3.6,2,4.33,3.8,1.8,4.44,3.78,1.88,4.5,3.5,1.8,4.33,3.8,1.87,43,4.5,4.29,3.8,3.69,2,1.85,41,1.79,1.73,2.2,2.11,18,0.5,2.08,2.03,1.89,1.84,4.18,3.95,1.89
E0,21/05/17,Arsenal,Everton,3,1,H,2,0,H,M Oliver,17,22,9,7,10,15,4,6,2,4,1,0,1.45,5,7.5,1.42,4.6,7.5,1.45,4.5,7,1.36,4.8,7,1.42,5.29,7.75,1.4,5,7,1.36,5.2,8,42,1.45,1.42,5.29,4.96,8,7.29,33,1.5,1.45,2.8,2.71,18,-1.25,1.89,1.84,2.08,2.02,1.38,6.05,7.57
E0,21/05/17,Burnley,West Ham,1,2,A,1,1,D,R Madley,9,14,1,4,11,14,2,5,2,2,0,0,2.45,3.5,3,2.4,3.5,2.85,2.4,3.3,2.95,2.4,3.4,2.9,2.38,3.4,3.26,2.38,3.4,2.9,2.38,3.5,3.13,43,2.45,2.38,3.5,3.4,3.26,3.02,42,1.88,1.81,2.11,2,20,-0.25,2.07,2.03,1.89,1.85,2.31,3.58,3.24
E0,21/05/17,Chelsea,Sunderland,5,1,H,1,1,D,N Swarbrick,28,7,8,3,8,15,11,1,1,1,0,0,1.14,9,23,1.15,8.25,16.5,1.2,6.5,15,1.13,7.5,17,1.16,9.01,21.02,1.15,7.5,17,1.13,9,26,43,1.2,1.15,9.55,8.17,26,19.89,34,1.46,1.41,3,2.83,18,-2.25,2.01,1.95,1.97,1.92,1.12,11.5,25.5
E0,21/05/17,Hull,Tottenham,1,7,A,0,3,A,A Marriner,10,19,4,14,14,5,2,3,0,0,0,0,7,4.75,1.5,6.75,4.33,1.5,5.2,4.2,1.6,6.5,4.2,1.53,6.36,4.61,1.55,6,4.2,1.53,6.5,4.6,1.53,43,7,6.09,4.75,4.4,1.6,1.53,39,1.64,1.6,2.43,2.32,19,1,2.06,2.01,1.91,1.85,9.74,6.48,1.31
E0,21/05/17,Leicester,Bournemouth,1,1,D,0,1,A,l Mason,21,10,5,4,11,10,9,1,4,1,0,0,2,3.6,4,1.91,3.7,3.9,1.9,3.6,3.9,1.95,3.75,3.75,1.91,3.75,4.35,1.95,3.75,3.6,1.93,3.75,4.1,43,2,1.92,3.85,3.67,4.35,3.95,39,1.7,1.64,2.3,2.23,17,-0.5,1.95,1.89,2.03,1.98,1.69,4.5,4.81
E0,21/05/17,Liverpool,Middlesbrough,3,0,H,1,0,H,M Atkinson,25,9,10,3,13,8,3,3,0,1,0,0,1.14,9,23,1.11,9.25,26,1.15,7.5,18,1.11,8.5,23,1.14,9.31,27.82,1.1,9,26,1.11,9,31,43,1.15,1.12,9.5,8.61,31.75,26.64,34,1.5,1.44,3,2.73,18,-2.5,2.02,1.97,1.95,1.9,1.15,10.5,19.09
E0,21/05/17,Man United,Crystal Palace,2,0,H,2,0,H,A Taylor,9,6,2,1,16,10,3,6,2,0,0,0,2.5,3.3,3.1,2.45,3.4,2.9,2.4,3.3,2.95,2.6,3.25,2.7,2.44,3.4,3.14,2.5,3.3,2.8,2.5,3.4,3,43,2.6,2.48,3.5,3.31,3.19,2.94,41,2.11,1.99,1.9,1.81,19,-0.25,2.19,2.11,1.85,1.79,2.35,3.38,3.35
E0,21/05/17,Southampton,Stoke,0,1,A,0,0,D,L Probert,14,14,6,3,12,10,4,10,2,4,0,0,1.8,3.8,4.75,1.75,3.8,4.75,1.7,3.7,5,1.73,3.7,4.4,1.8,3.95,4.73,1.75,3.75,4.5,1.8,3.8,4.5,43,1.8,1.77,3.95,3.79,5,4.6,42,1.9,1.8,2.15,2.01,18,-0.75,2.03,1.98,1.93,1.88,1.64,4.37,5.53
E0,21/05/17,Swansea,West Brom,2,1,H,0,1,A,M Dean,12,16,2,5,8,10,7,4,1,1,0,0,2.1,3.5,3.75,2.05,3.5,3.6,2,3.4,3.8,2,3.3,3.8,2.1,3.68,3.67,2.05,3.5,3.5,2.05,3.6,3.75,43,2.1,2.06,3.68,3.51,3.8,3.63,42,1.9,1.83,2.07,1.98,19,-0.5,2.11,2.06,1.86,1.82,2.29,3.45,3.4
E0,21/05/17,Watford,Man City,0,5,A,0,4,A,J Moss,6,15,3,9,12,10,4,5,1,0,0,0,11,6,1.3,9.75,6,1.28,11,5,1.3,12,5.5,1.22,11.51,6.21,1.29,10,5.5,1.29,13,6,1.25,41,13,10.78,6.25,5.9,1.31,1.28,33,1.48,1.42,3,2.8,18,1.75,1.99,1.94,2,1.93,18,9.7,1.16
