Rk,Player,Nation,Pos,Squad,Comp,Age,Born,MP,Starts,Min,90s,GA,GA90,SoTA,Saves,Save%,W,D,L,CS,CS%,PKatt,PKA,PKsv,PKm,Save%.1,Matches,FK,CK,OG,PSxG,PSxG/SoT,PSxG+/-,/90,Cmp,Att,Cmp%,Att.1,Thr,Launch%,AvgLen,Att.2,Launch%.1,AvgLen.1,Opp,Stp,Stp%,#OPA,#OPA/90,AvgDist,Gls,Ast,G-PK,PK,CrdY,CrdR,Gls.1,Ast.1,G+A,G-PK.1,G+A-PK,xG,npxG,xA,npxG+xA,xG.1,xA.1,xG+xA,npxG.1,npxG+xA.1,Mn/MP,Min%,Mn/Start,Compl,Subs,Mn/Sub,unSub,PPM,onG,onGA,+/-,+/-90,On-Off,onxG,onxGA,xG+/-,xG+/-90,On-Off.1,2CrdY,Fls,Fld,Off,Crs,Int,TklW,PKwon,PKcon,Recov,Won,Lost,Won%,League Name,League ID,Season
1,AdriÃ¡n,es ESP,GK,Liverpool,eng Premier League,33,1987,3,3,270,3.0,9,3.00,19,10,52.6,1,1,1,1,33.3,0,0,0,0,,Matches,0,2,0,7.9,0.42,-1.1,-0.36,12,32,37.5,77,20,31.2,34.9,22,36.4,32.6,29,2,6.9,1,0.33,13.2,0,0,0,0,0,0,0.00,0.00,0.00,0.00,0.00,0.0,0.0,0.0,0.0,0.00,0.00,0.00,0.00,0.00,90,7.9,90,,0,,27,1.33,6,9,-3,-1.00,-1.83,6.8,5.8,+1.0,+0.33,-0.42,0,0,0,0,0,0,0,0,0,20,0,0,,Big-5-European-Leagues,Big5,2020-2021
2,RÃºnar Alex RÃºnarsson,is ISL,GK,Arsenal,eng Premier League,25,1995,1,0,16,0.2,0,0.00,2,2,100.0,0,0,0,0,,0,0,0,0,,Matches,0,0,0,0.1,0.04,+0.1,+0.50,0,3,0.0,10,2,30.0,31.8,1,0.0,30.0,4,0,0.0,0,0.00,17.5,0,0,0,0,0,0,0.00,0.00,0.00,0.00,0.00,0.0,0.0,0.0,0.0,0.00,0.00,0.00,0.00,0.00,16,0.5,,,1,16,21,0.00,0,0,0,0.00,-0.42,0.1,0.5,-0.4,-2.03,-2.28,0,0,0,0,0,0,0,0,0,2,0,0,,Big-5-European-Leagues,Big5,2020-2021
3,Alisson,br BRA,GK,Liverpool,eng Premier League,27,1992,33,33,2970,33.0,32,0.97,111,82,74.8,18,8,7,10,30.3,8,4,1,3,20.0,Matches,1,4,0,37.9,0.31,+5.9,+0.18,127,275,46.2,964,159,22.6,30.2,173,32.9,35.5,218,22,10.1,44,1.33,17.9,1,0,1,0,1,0,0.03,0.00,0.03,0.03,0.03,0.1,0.1,0.0,0.1,0.00,0.00,0.00,0.00,0.00,90,86.8,90,,0,,0,1.88,58,32,+26,+0.79,+0.79,63.9,37.9,+26.0,+0.79,+0.53,0,1,5,0,0,0,0,0,1,170,0,1,0.0,Big-5-European-Leagues,Big5,2020-2021
4,Saturnin AllagbÃ©,bj BEN,GK,Dijon,fr Ligue 1,26,1993,12,12,1080,12.0,30,2.50,64,35,54.7,2,2,8,3,25.0,3,1,1,1,50.0,Matches,1,3,1,21.5,0.31,-7.5,-0.63,80,211,37.9,301,70,48.2,38.4,104,63.5,46.3,105,4,3.8,13,1.08,14.8,0,0,0,0,2,0,0.00,0.00,0.00,0.00,0.00,0.0,0.0,0.0,0.0,0.00,0.00,0.00,0.00,0.00,90,31.6,90,,0,,20,0.67,6,30,-24,-2.00,-1.08,10.7,24.8,-14.2,-1.18,-0.04,0,2,1,0,0,0,0,0,1,75,0,0,,Big-5-European-Leagues,Big5,2020-2021
5,NÃ­colas Andrade,br BRA,GK,Udinese,it Serie A,32,1988,2,2,180,2.0,5,2.50,7,2,28.6,1,0,1,0,0.0,0,0,0,0,,Matches,0,0,0,4.0,0.58,-1.0,-0.48,6,13,46.2,31,5,25.8,32.1,9,55.6,47.4,16,0,0.0,0,0.00,15.2,0,0,0,0,0,0,0.00,0.00,0.00,0.00,0.00,0.0,0.0,0.0,0.0,0.00,0.00,0.00,0.00,0.00,90,5.3,90,2,0,,3,1.50,5,5,0,0.00,+0.44,3.1,2.1,+1.0,+0.49,+0.77,0,0,0,0,0,0,0,0,0,5,0,0,,Big-5-European-Leagues,Big5,2020-2021
6,Ãngel,es ESP,GK,Granada,es La Liga,18,2002,1,1,90,1.0,2,2.00,7,6,85.7,0,0,1,0,0.0,2,1,1,0,50.0,Matches,0,1,0,2.7,0.22,+0.7,+0.69,10,24,41.7,13,0,76.9,50.1,17,82.4,55.0,10,0,0.0,1,1.00,14.3,0,0,0,0,0,0,0.00,0.00,0.00,0.00,0.00,0.0,0.0,0.0,0.0,0.00,0.00,0.00,0.00,0.00,90,2.6,90,1,0,,0,0.00,0,2,-2,-2.00,-1.57,0.8,2.6,-1.8,-1.77,-1.44,0,0,0,0,0,0,0,0,0,2,0,0,,Big-5-European-Leagues,Big5,2020-2021
7,Alphonse Areola,fr FRA,GK,Fulham,eng Premier League,27,1993,36,36,3240,36.0,48,1.33,156,114,73.1,5,13,18,9,25.0,6,6,0,0,0.0,Matches,0,4,1,54.6,0.32,+7.6,+0.21,171,431,39.7,752,158,38.2,34.0,249,57.8,43.1,325,32,9.8,20,0.56,13.9,0,0,0,0,2,0,0.00,0.00,0.00,0.00,0.00,0.0,0.0,0.0,0.0,0.00,0.00,0.00,0.00,0.00,90,94.7,90,,0,,2,0.78,27,48,-21,-0.58,+1.92,40.2,50.0,-9.8,-0.27,+0.66,0,0,5,0,0,0,1,0,0,150,0,0,,Big-5-European-Leagues,Big5,2020-2021
8,Kepa Arrizabalaga,es ESP,GK,Chelsea,eng Premier League,25,1994,7,6,585,6.5,8,1.23,22,15,68.2,2,2,2,2,33.3,1,1,0,0,0.0,Matches,0,0,0,7.4,0.31,-0.6,-0.09,38,78,48.7,198,39,29.8,30.8,45,42.2,35.0,40,5,12.5,6,0.92,18.1,0,0,0,0,1,0,0.00,0.00,0.00,0.00,0.00,0.0,0.0,0.0,0.0,0.00,0.00,0.00,0.00,0.00,84,17.1,90,,1,45,28,1.14,9,8,+1,+0.15,-0.51,10.8,9.2,+1.7,+0.26,-0.68,0,1,0,0,0,0,0,0,0,34,0,0,,Big-5-European-Leagues,Big5,2020-2021
9,Sergio Asenjo,es ESP,GK,Villarreal,es La Liga,31,1989,36,36,3240,36.0,41,1.14,114,83,70.2,15,13,8,10,27.8,9,7,1,1,12.5,Matches,0,4,2,34.8,0.25,-3.2,-0.09,210,462,45.5,1022,189,31.3,33.7,285,49.8,43.1,427,42,9.8,21,0.58,13.8,0,0,0,0,2,0,0.00,0.00,0.00,0.00,0.00,0.0,0.0,0.0,0.0,0.00,0.00,0.00,0.00,0.00,90,94.7,90,36,0,,2,1.61,58,40,+18,+0.50,+1.50,55.5,41.0,+14.5,+0.40,+0.41,0,1,2,0,0,0,0,0,1,146,0,0,,Big-5-European-Leagues,Big5,2020-2021
10,Emil Audero,it ITA,GK,Sampdoria,it Serie A,23,1997,37,37,3330,37.0,54,1.46,165,117,71.5,14,7,16,6,16.2,9,7,2,0,22.2,Matches,1,6,1,51.3,0.27,-1.7,-0.05,254,612,41.5,995,175,44.6,38.5,261,64.4,47.3,381,30,7.9,15,0.41,12.7,0,1,0,0,0,0,0.00,0.03,0.03,0.00,0.03,0.0,0.0,0.4,0.4,0.00,0.01,0.01,0.00,0.01,90,97.4,90,37,0,,1,1.32,49,54,-5,-0.14,-3.14,44.9,56.1,-11.2,-0.30,-0.84,0,0,6,0,0,0,0,0,0,182,0,0,,Big-5-European-Leagues,Big5,2020-2021
11,Ãdgar BadÃ­a,es ESP,GK,Elche,es La Liga,28,1992,30,30,2700,30.0,46,1.53,135,93,69.6,5,11,14,5,16.7,9,5,3,1,37.5,Matches,0,5,0,45.6,0.30,-0.4,-0.01,262,518,50.6,864,143,39.5,35.9,283,62.5,43.3,302,23,7.6,20,0.67,13.3,0,0,0,0,0,0,0.00,0.00,0.00,0.00,0.00,0.0,0.0,0.0,0.0,0.00,0.00,0.00,0.00,0.00,90,78.9,90,30,0,,8,0.87,27,46,-19,-0.63,-0.38,22.7,49.4,-26.7,-0.89,-0.74,0,0,4,0,0,0,0,0,0,147,0,0,,Big-5-European-Leagues,Big5,2020-2021
12,Stefan Bajic,fr FRA,GK,Saint-Ãtienne,fr Ligue 1,18,2001,1,1,90,1.0,4,4.00,4,0,0.0,0,0,1,0,0.0,1,0,0,1,,Matches,0,0,0,1.8,0.44,-2.2,-2.23,3,17,17.6,29,9,37.9,34.8,7,85.7,50.9,12,2,16.7,0,0.00,13.6,0,0,0,0,0,0,0.00,0.00,0.00,0.00,0.00,0.0,0.0,0.0,0.0,0.00,0.00,0.00,0.00,0.00,90,2.6,90,,0,,29,0.00,0,4,-4,-4.00,-3.78,0.5,2.4,-1.9,-1.86,-1.91,0,0,0,0,0,0,0,0,0,6,0,0,,Big-5-European-Leagues,Big5,2020-2021
13,Oliver Baumann,de GER,GK,Hoffenheim,de Bundesliga,30,1990,31,31,2790,31.0,51,1.65,126,81,64.3,10,8,13,6,19.4,9,6,2,1,25.0,Matches,0,4,2,48.1,0.33,-0.9,-0.03,190,459,41.4,1148,174,32.9,32.8,204,39.7,35.1,272,11,4.0,36,1.16,15.1,0,0,0,0,1,0,0.00,0.00,0.00,0.00,0.00,0.0,0.0,0.0,0.0,0.00,0.00,0.00,0.00,0.00,90,91.2,90,31,0,,0,1.23,48,51,-3,-0.10,-0.43,46.6,49.8,-3.2,-0.10,-0.64,0,0,8,0,0,0,0,0,0,215,0,1,0.0,Big-5-European-Leagues,Big5,2020-2021
14,Walter BenÃ­tez,ar ARG,GK,Nice,fr Ligue 1,27,1993,38,38,3420,38.0,53,1.39,167,119,72.5,15,7,16,9,23.7,7,7,0,0,0.0,Matches,0,12,0,48.5,0.26,-4.5,-0.12,129,347,37.2,924,170,25.8,29.6,302,36.1,34.7,356,25,7.0,17,0.45,13.3,0,0,0,0,3,0,0.00,0.00,0.00,0.00,0.00,0.0,0.0,0.0,0.0,0.00,0.00,0.00,0.00,0.00,90,100.0,90,,0,,0,1.37,50,53,-3,-0.08,,46.9,52.1,-5.1,-0.14,,0,0,3,0,0,0,0,0,0,150,0,0,,Big-5-European-Leagues,Big5,2020-2021
15,Alessandro Berardi,it ITA,GK,Hellas Verona,it Serie A,29,1991,1,0,28,0.3,0,0.00,1,1,100.0,0,0,0,0,,0,0,0,0,,Matches,0,0,0,0.0,0.05,0.0,+0.15,3,10,30.0,7,0,85.7,46.1,4,100.0,68.5,5,1,20.0,0,0.00,,0,0,0,0,0,0,0.00,0.00,0.00,0.00,0.00,0.0,0.0,0.0,0.0,0.00,0.00,0.00,0.00,0.00,28,0.8,,0,1,28,36,1.00,1,0,+1,+3.21,+3.29,0.2,0.6,-0.3,-1.04,-0.87,0,0,0,0,0,0,0,0,0,0,0,0,,Big-5-European-Leagues,Big5,2020-2021
16,Paul Bernardoni,fr FRA,GK,Angers,fr Ligue 1,23,1997,38,38,3420,38.0,58,1.53,134,82,61.9,12,8,18,9,23.7,8,7,1,0,12.5,Matches,0,6,1,49.9,0.33,-7.1,-0.19,177,512,34.6,720,210,43.9,38.9,269,72.9,52.8,318,24,7.5,11,0.29,13.1,0,0,0,0,1,0,0.00,0.00,0.00,0.00,0.00,0.0,0.0,0.0,0.0,0.00,0.00,0.00,0.00,0.00,90,100.0,90,,0,,0,1.16,40,58,-18,-0.47,,41.8,50.9,-9.1,-0.24,,0,2,11,0,0,0,1,0,2,167,0,0,,Big-5-European-Leagues,Big5,2020-2021
17,Dimitry Bertaud,fr FRA,GK,Montpellier,fr Ligue 1,22,1998,9,7,745,8.3,11,1.33,40,29,75.0,4,2,1,3,42.9,1,1,0,0,0.0,Matches,0,1,0,12.0,0.29,+1.0,+0.12,109,198,55.1,231,44,56.7,43.2,82,81.7,57.8,96,13,13.5,2,0.24,11.6,0,0,0,0,0,0,0.00,0.00,0.00,0.00,0.00,0.0,0.0,0.0,0.0,0.00,0.00,0.00,0.00,0.00,83,21.8,90,,2,58,25,1.56,10,11,-1,-0.12,-0.09,7.3,13.6,-6.3,-0.76,-0.37,0,0,4,0,0,0,0,0,0,50,0,0,,Big-5-European-Leagues,Big5,2020-2021
18,RubÃ©n Blanco,es ESP,GK,Celta Vigo,es La Liga,25,1995,19,19,1637,18.2,27,1.48,60,34,56.7,7,6,6,4,21.1,1,1,0,0,0.0,Matches,1,2,0,22.8,0.37,-4.2,-0.23,111,298,37.2,520,81,40.2,36.2,144,61.8,46.3,149,9,6.0,12,0.66,14.9,0,0,0,0,0,1,0.00,0.00,0.00,0.00,0.00,0.0,0.0,0.0,0.0,0.00,0.00,0.00,0.00,0.00,86,47.9,86,17,0,,1,1.42,28,27,+1,+0.05,+0.21,24.4,21.3,+3.1,+0.17,+0.41,0,1,2,0,0,0,0,0,0,88,0,0,,Big-5-European-Leagues,Big5,2020-2021
19,Elias BÃ¶rdner,de GER,GK,Eint Frankfurt,de Bundesliga,18,2002,1,1,90,1.0,1,1.00,6,5,83.3,1,0,0,0,0.0,0,0,0,0,,Matches,0,0,0,0.8,0.13,-0.2,-0.24,4,18,22.2,32,9,50.0,38.0,11,18.2,23.7,10,0,0.0,0,0.00,7.5,0,0,0,0,0,0,0.00,0.00,0.00,0.00,0.00,0.0,0.0,0.0,0.0,0.00,0.00,0.00,0.00,0.00,90,2.9,90,1,0,,7,3.00,3,1,+2,+2.00,+1.58,1.9,0.9,+0.9,+0.93,+0.72,0,0,0,0,0,0,0,0,0,9,0,0,,Big-5-European-Leagues,Big5,2020-2021
20,Yassine Bounou,ma MAR,GK,Sevilla,es La Liga,29,1991,33,33,2970,33.0,28,0.85,100,78,76.0,21,5,7,15,45.5,6,4,2,0,33.3,Matches,0,4,2,25.8,0.22,-0.2,-0.01,199,419,47.5,897,141,34.0,35.0,199,57.3,44.2,284,32,11.3,23,0.70,15.6,1,0,1,0,3,0,0.03,0.00,0.03,0.03,0.03,0.3,0.3,0.0,0.4,0.01,0.00,0.01,0.01,0.01,90,86.8,90,33,0,,2,2.06,46,28,+18,+0.55,+0.15,44.9,30.9,+14.0,+0.42,+0.04,0,0,4,0,0,0,0,0,0,140,0,0,,Big-5-European-Leagues,Big5,2020-2021
21,Claudio Bravo,cl CHI,GK,Betis,es La Liga,37,1983,20,20,1800,20.0,25,1.25,69,48,69.6,8,8,4,7,35.0,5,4,1,0,20.0,Matches,0,2,1,27.1,0.34,+3.1,+0.16,139,358,38.8,519,81,52.4,43.0,130,66.2,51.3,186,10,5.4,8,0.40,12.8,0,0,0,0,3,0,0.00,0.00,0.00,0.00,0.00,0.0,0.0,0.3,0.3,0.00,0.01,0.01,0.00,0.01,90,52.6,90,20,0,,5,1.60,25,25,0,0.00,0.00,25.3,24.3,+0.9,+0.05,+0.07,0,0,0,0,0,0,0,0,0,89,0,0,,Big-5-European-Leagues,Big5,2020-2021
22,Fabian Bredlow,de GER,GK,Stuttgart,de Bundesliga,25,1995,1,1,90,1.0,1,1.00,9,8,88.9,1,0,0,0,0.0,0,0,0,0,,Matches,0,0,0,2.4,0.27,+1.4,+1.41,2,11,18.2,27,5,37.0,33.1,9,11.1,27.6,17,1,5.9,0,0.00,10.3,0,0,0,0,0,0,0.00,0.00,0.00,0.00,0.00,0.0,0.0,0.0,0.0,0.00,0.00,0.00,0.00,0.00,90,2.9,90,1,0,,33,3.00,2,1,+1,+1.00,+1.00,1.3,2.1,-0.8,-0.76,-0.78,0,0,0,0,0,0,0,0,0,4,0,0,,Big-5-European-Leagues,Big5,2020-2021
23,Gianluigi Buffon,it ITA,GK,Juventus,it Serie A,42,1978,8,8,720,8.0,5,0.62,17,14,82.4,7,1,0,3,37.5,3,2,1,0,33.3,Matches,1,0,0,5.0,0.16,0.0,0.00,33,74,44.6,242,44,24.4,30.0,62,24.2,26.6,81,2,2.5,5,0.63,14.0,0,0,0,0,0,0,0.00,0.00,0.00,0.00,0.00,0.0,0.0,0.0,0.0,0.00,0.00,0.00,0.00,0.00,90,21.1,90,8,0,,26,2.75,22,5,+17,+2.12,+1.39,19.0,8.3,+10.7,+1.33,+0.49,0,0,1,0,0,0,0,0,0,34,0,0,,Big-5-European-Leagues,Big5,2020-2021
24,Roman BÃ¼rki,ch SUI,GK,Dortmund,de Bundesliga,29,1990,19,18,1665,18.5,30,1.62,89,63,70.8,9,2,7,4,22.2,4,4,0,0,0.0,Matches,0,6,0,25.4,0.26,-4.6,-0.25,92,201,45.8,520,106,30.8,32.5,109,37.6,36.3,121,9,7.4,6,0.32,13.4,0,0,0,0,0,0,0.00,0.00,0.00,0.00,0.00,0.0,0.0,0.0,0.0,0.00,0.00,0.00,0.00,0.00,88,54.4,90,18,1,45,9,1.68,38,30,+8,+0.43,-0.92,36.4,23.6,+12.8,+0.69,-0.31,0,0,0,0,0,0,0,0,0,78,0,1,0.0,Big-5-European-Leagues,Big5,2020-2021
25,Jack Butland,eng ENG,GK,Crystal Palace,eng Premier League,27,1993,1,1,90,1.0,2,2.00,5,3,60.0,1,0,0,0,0.0,0,0,0,0,,Matches,0,0,0,0.8,0.17,-1.2,-1.17,3,18,16.7,13,2,76.9,55.2,8,100.0,77.1,10,1,10.0,2,2.00,23.0,0,0,0,0,0,0,0.00,0.00,0.00,0.00,0.00,0.0,0.0,0.0,0.0,0.00,0.00,0.00,0.00,0.00,90,2.6,90,,0,,30,3.00,3,2,+1,+1.00,+1.70,1.6,1.3,+0.2,+0.22,+0.90,0,0,0,0,0,0,0,0,0,4,0,0,,Big-5-European-Leagues,Big5,2020-2021
Rk,Player,Nation,Pos,Squad,Comp,Ag,Born,MP,Starts,Min,90s,GA,GA90,SoTA,Saves,Save%,W,D,L,CS,CS%,PKatt,PKA,PKsv,PKm,Save%,Matches,FK,CK,OG,PSxG,PSxG/SoT,PSxG+/-,/90,Cmp,Att,Cmp%,Att,Thr,Launch%,AvgLen,Att,Launch%,AvgLen,Opp,Stp,Stp%,#OPA,#OPA/90,AvgDist,Gls,Ast,G-PK,PK,CrdY,CrdR,Gls,Ast,G+A,G-PK,G+A-PK,xG,npxG,xA,npxG+xA,xG,xA,xG+xA,npxG,npxG+xA,Mn/MP,Min%,Mn/Start,Compl,Subs,Mn/Sub,unSub,PPM,onG,onGA,+/-,+/-90,On-Off,onxG,onxGA,xG+/-,xG+/-90,On-Off,2CrdY,Fls,Fld,Off,Crs,Int,TklW,PKwon,PKcon,Recov,Won,Lost,Won%,Big-5-European-Leagues,Big5,2020-2021
26,David Button,eng ENG,GK,West Brom,eng Premier League,31,1989,1,1,90,1.0,2,2.00,7,5,71.4,1,0,0,0,0.0,0,0,0,0,,Matches,0,1,0,1.7,0.24,-0.3,-0.31,8,29,27.6,25,2,68.0,49.2,12,100.0,67.0,10,1,10.0,0,0.00,10.0,0,0,0,0,0,0,0.00,0.00,0.00,0.00,0.00,0.0,0.0,0.0,0.0,0.00,0.00,0.00,0.00,0.00,90,2.6,90,,0,,37,3.00,3,2,+1,+1.00,+2.14,2.3,2.2,0.0,+0.02,+0.94,0,0,0,0,0,0,0,0,0,2,0,0,,Big-5-European-Leagues,Big5,2020-2021
27,Marcin BuÅka,pl POL,GK,Paris S-G,fr Ligue 1,20,1999,1,1,90,1.0,1,1.00,3,2,66.7,0,0,1,0,0.0,0,0,0,0,,Matches,0,0,0,1.3,0.45,+0.3,+0.32,2,5,40.0,28,9,17.9,25.5,2,0.0,21.5,7,0,0.0,2,2.00,13.1,0,0,0,0,0,0,0.00,0.00,0.00,0.00,0.00,0.0,0.0,0.0,0.0,0.00,0.00,0.00,0.00,0.00,90,2.6,90,,0,,3,0.00,0,1,-1,-1.00,-2.59,0.6,1.4,-0.8,-0.82,-2.06,0,0,0,0,0,0,0,0,0,11,0,0,,Big-5-European-Leagues,Big5,2020-2021
28,Willy Caballero,ar ARG,GK,Chelsea,eng Premier League,38,1981,1,1,90,1.0,3,3.00,3,0,0.0,0,1,0,0,0.0,0,0,0,0,,Matches,0,1,0,1.5,0.49,-1.5,-1.54,1,3,33.3,20,2,15.0,24.6,6,0.0,19.7,8,0,0.0,2,2.00,22.0,0,0,0,0,0,0,0.00,0.00,0.00,0.00,0.00,0.0,0.0,0.0,0.0,0.00,0.00,0.00,0.00,0.00,90,2.6,90,,0,,6,1.00,3,3,0,0.00,-0.59,2.2,1.0,+1.3,+1.27,+0.46,0,0,0,0,0,0,0,0,0,4,0,0,,Big-5-European-Leagues,Big5,2020-2021
29,Marc-AurÃ¨le Caillard,fr FRA,GK,Metz,fr Ligue 1,26,1994,5,4,361,4.0,10,2.49,20,13,65.0,0,1,3,0,0.0,3,3,0,0,0.0,Matches,1,1,0,9.2,0.33,-0.8,-0.20,17,48,35.4,71,27,35.2,33.2,30,76.7,59.7,29,4,13.8,2,0.50,14.6,0,0,0,0,1,0,0.00,0.00,0.00,0.00,0.00,0.0,0.0,0.0,0.0,0.00,0.00,0.00,0.00,0.00,72,10.6,90,,1,1,33,0.20,3,10,-7,-1.75,-1.83,3.7,8.1,-4.4,-1.10,-0.99,0,1,1,0,0,0,0,0,1,17,0,0,,Big-5-European-Leagues,Big5,2020-2021
30,CÃ¡rdenas,es ESP,GK,Levante,es La Liga,23,1997,8,8,720,8.0,11,1.37,41,26,73.2,1,3,4,1,12.5,1,0,0,1,,Matches,0,0,0,11.4,0.28,+0.4,+0.05,45,104,43.3,207,42,38.2,35.9,57,43.9,37.2,88,5,5.7,9,1.13,15.2,0,0,0,0,1,0,0.00,0.00,0.00,0.00,0.00,0.0,0.0,0.0,0.0,0.00,0.00,0.00,0.00,0.00,90,21.1,90,8,0,,28,0.75,8,11,-3,-0.37,-0.11,6.6,14.0,-7.3,-0.92,-0.73,0,0,0,0,0,0,0,0,0,45,0,0,,Big-5-European-Leagues,Big5,2020-2021
31,Scott Carson,eng ENG,GK,Manchester City,eng Premier League,34,1985,1,1,90,1.0,3,3.00,3,1,33.3,1,0,0,0,0.0,2,1,1,0,50.0,Matches,0,1,0,2.4,0.21,-0.6,-0.58,0,1,0.0,14,6,0.0,21.4,2,50.0,47.0,7,0,0.0,0,0.00,14.6,0,0,0,0,0,0,0.00,0.00,0.00,0.00,0.00,0.0,0.0,0.0,0.0,0.00,0.00,0.00,0.00,0.00,90,2.6,90,,0,,3,3.00,4,3,+1,+1.00,-0.35,1.3,2.2,-0.9,-0.91,-2.07,0,0,0,0,0,0,0,0,0,5,0,0,,Big-5-European-Leagues,Big5,2020-2021
32,Kiko Casilla,es ESP,GK,Leeds United,eng Premier League,33,1986,3,3,270,3.0,2,0.67,12,10,83.3,2,0,1,1,33.3,0,0,0,0,,Matches,0,0,0,4.3,0.36,+2.3,+0.77,16,26,61.5,63,21,20.6,26.0,31,41.9,34.0,18,3,16.7,1,0.33,14.9,0,0,0,0,0,0,0.00,0.00,0.00,0.00,0.00,0.0,0.0,0.0,0.0,0.00,0.00,0.00,0.00,0.00,90,7.9,90,,0,,31,2.00,5,2,+3,+1.00,+0.86,3.6,4.2,-0.6,-0.20,-0.06,0,0,0,0,0,0,0,0,0,14,0,0,,Big-5-European-Leagues,Big5,2020-2021
33,Koen Casteels,be BEL,GK,Wolfsburg,de Bundesliga,28,1992,32,32,2880,32.0,33,1.03,101,72,70.3,17,9,6,14,43.8,5,3,2,0,40.0,Matches,1,3,1,33.4,0.31,+1.4,+0.05,236,535,44.1,1045,157,38.3,36.4,203,66.5,52.1,257,21,8.2,34,1.06,15.7,0,0,0,0,0,0,0.00,0.00,0.00,0.00,0.00,0.0,0.0,0.0,0.0,0.00,0.00,0.00,0.00,0.00,90,94.1,90,32,0,,0,1.88,58,33,+25,+0.78,+1.28,47.4,37.9,+9.6,+0.30,+1.39,0,1,2,0,0,0,0,0,1,164,0,0,,Big-5-European-Leagues,Big5,2020-2021
34,SÃ©bastien Cibois,fr FRA,GK,Brest,fr Ligue 1,22,1998,3,3,270,3.0,4,1.33,10,7,70.0,1,1,1,1,33.3,1,1,0,0,0.0,Matches,0,0,0,5.0,0.45,+1.0,+0.34,14,37,37.8,68,13,41.2,38.5,22,40.9,39.8,28,3,10.7,2,0.67,14.2,0,0,0,0,0,0,0.00,0.00,0.00,0.00,0.00,0.0,0.0,0.0,0.0,0.00,0.00,0.00,0.00,0.00,90,7.9,90,,0,,25,1.33,4,4,0,0.00,+0.46,4.5,5.6,-1.1,-0.38,-0.18,0,1,0,0,0,0,0,0,1,12,0,0,,Big-5-European-Leagues,Big5,2020-2021
35,Alberto Cifuentes,es ESP,GK,CÃ¡diz,es La Liga,41,1979,2,2,180,2.0,3,1.50,6,3,50.0,1,0,1,1,50.0,0,0,0,0,,Matches,0,0,0,1.8,0.29,-1.2,-0.62,25,63,39.7,53,3,92.5,59.7,16,87.5,61.1,17,1,5.9,2,1.00,14.3,0,0,0,0,0,0,0.00,0.00,0.00,0.00,0.00,0.0,0.0,0.0,0.0,0.00,0.02,0.02,0.00,0.02,90,5.3,90,2,0,,2,1.50,3,3,0,0.00,+0.61,2.4,3.0,-0.6,-0.30,+0.27,0,0,1,0,0,0,0,0,0,12,0,0,,Big-5-European-Leagues,Big5,2020-2021
36,Jasper Cillessen,nl NED,GK,Valencia,es La Liga,31,1989,10,10,900,10.0,11,1.10,45,33,77.8,5,1,4,3,30.0,2,1,1,0,50.0,Matches,1,0,0,12.1,0.23,+1.1,+0.11,71,198,35.9,222,41,59.0,45.0,95,70.5,54.2,123,8,6.5,8,0.80,13.4,0,0,0,0,0,0,0.00,0.00,0.00,0.00,0.00,0.0,0.0,0.0,0.0,0.00,0.00,0.00,0.00,0.00,90,26.3,90,10,0,,5,1.60,15,11,+4,+0.40,+0.65,11.2,13.6,-2.4,-0.24,+0.03,0,0,2,0,0,0,0,0,0,47,0,0,,Big-5-European-Leagues,Big5,2020-2021
37,Simone Colombi,it ITA,GK,Parma,it Serie A,29,1991,2,2,180,2.0,7,3.50,9,3,33.3,0,0,2,0,0.0,1,1,0,0,0.0,Matches,0,3,0,4.9,0.46,-2.1,-1.07,16,30,53.3,39,6,56.4,41.0,11,72.7,50.2,13,1,7.7,1,0.50,13.0,0,0,0,0,0,0,0.00,0.00,0.00,0.00,0.00,0.0,0.0,0.0,0.0,0.00,0.00,0.00,0.00,0.00,90,5.3,90,2,0,,34,0.00,4,7,-3,-1.50,-0.36,2.7,4.7,-1.9,-0.97,-0.43,0,0,0,0,0,0,0,0,0,7,0,0,,Big-5-European-Leagues,Big5,2020-2021
38,Andrea Consigli,it ITA,GK,Sassuolo,it Serie A,33,1987,37,37,3330,37.0,56,1.51,180,127,71.1,17,10,10,7,18.9,5,4,1,0,20.0,Matches,0,4,1,57.5,0.30,+2.5,+0.07,185,409,45.2,1123,161,30.9,30.9,235,26.4,25.9,327,29,8.9,26,0.70,15.9,0,0,0,0,1,0,0.00,0.00,0.00,0.00,0.00,0.0,0.0,0.0,0.0,0.00,0.00,0.00,0.00,0.00,90,97.4,90,37,0,,0,1.65,64,56,+8,+0.22,+0.22,58.8,53.7,+5.1,+0.14,+0.90,0,2,5,0,0,0,0,0,0,152,0,0,,Big-5-European-Leagues,Big5,2020-2021
39,Alex Cordaz,it ITA,GK,Crotone,it Serie A,37,1983,36,36,3240,36.0,91,2.53,203,115,57.6,6,3,27,2,5.6,5,5,0,0,0.0,Matches,2,10,2,76.4,0.36,-12.6,-0.35,248,606,40.9,1136,160,42.1,35.4,310,41.3,34.1,318,18,5.7,30,0.83,15.1,0,0,0,0,1,0,0.00,0.00,0.00,0.00,0.00,0.0,0.0,0.0,0.0,0.00,0.00,0.00,0.00,0.00,90,94.7,90,36,0,,1,0.58,44,91,-47,-1.31,-1.31,36.1,69.0,-32.9,-0.91,-0.81,0,0,7,0,0,0,0,0,0,181,1,0,100.0,Big-5-European-Leagues,Big5,2020-2021
40,Angelo da Costa JÃºnior,br BRA,GK,Bologna,it Serie A,36,1983,6,6,540,6.0,9,1.50,26,17,69.2,0,5,1,1,16.7,1,1,0,0,0.0,Matches,1,0,0,9.4,0.36,+0.4,+0.07,35,70,50.0,245,23,24.5,30.3,42,23.8,24.4,48,0,0.0,7,1.17,16.0,0,0,0,0,2,0,0.00,0.00,0.00,0.00,0.00,0.0,0.0,0.0,0.0,0.00,0.00,0.00,0.00,0.00,90,15.8,90,6,0,,30,0.83,7,9,-2,-0.33,+0.04,6.7,9.4,-2.7,-0.45,-0.19,0,0,0,1,0,0,0,0,0,24,0,0,,Big-5-European-Leagues,Big5,2020-2021
41,BenoÃ®t Costil,fr FRA,GK,Bordeaux,fr Ligue 1,33,1987,38,38,3420,38.0,57,1.50,148,98,66.2,13,6,19,14,36.8,8,7,1,0,12.5,Matches,2,6,1,46.6,0.27,-8.4,-0.22,318,690,46.1,1035,144,47.3,39.2,291,68.7,50.5,324,18,5.6,21,0.55,13.8,0,0,0,0,0,0,0.00,0.00,0.00,0.00,0.00,0.0,0.0,0.0,0.0,0.00,0.00,0.00,0.00,0.00,90,100.0,90,,0,,0,1.18,42,56,-14,-0.37,,41.9,56.7,-14.8,-0.39,,0,0,4,0,0,0,0,0,0,189,0,0,,Big-5-European-Leagues,Big5,2020-2021
42,Thibaut Courtois,be BEL,GK,Real Madrid,es La Liga,28,1992,38,38,3420,38.0,28,0.74,111,90,81.1,25,9,4,17,44.7,9,7,2,0,22.2,Matches,0,3,1,29.8,0.22,+2.8,+0.07,136,351,38.7,1074,234,24.1,32.2,233,39.5,39.2,286,27,9.4,24,0.63,15.0,0,0,0,0,0,0,0.00,0.00,0.00,0.00,0.00,0.0,0.0,0.0,0.0,0.00,0.00,0.00,0.00,0.00,90,100.0,90,38,0,,0,2.21,67,28,+39,+1.03,,61.6,36.5,+25.2,+0.66,,0,1,3,0,0,0,0,0,1,177,0,0,,Big-5-European-Leagues,Big5,2020-2021
43,Alessio Cragno,it ITA,GK,Cagliari,it Serie A,26,1994,34,34,3060,34.0,53,1.56,177,125,72.9,6,10,18,6,17.6,5,5,0,0,0.0,Matches,1,7,0,55.2,0.29,+2.2,+0.06,206,485,42.5,683,129,46.3,37.1,279,60.6,43.6,320,31,9.7,15,0.44,12.8,0,0,0,0,1,0,0.00,0.00,0.00,0.00,0.00,0.0,0.0,0.2,0.2,0.00,0.01,0.01,0.00,0.01,90,89.5,90,34,0,,0,0.82,35,53,-18,-0.53,-1.03,40.7,57.9,-17.2,-0.51,-0.40,0,3,6,0,0,0,0,0,2,128,0,0,,Big-5-European-Leagues,Big5,2020-2021
44,Gian Crespi,it ITA,GK,Crotone,it Serie A,19,2001,1,1,90,1.0,0,0.00,1,1,100.0,0,1,0,1,100.0,0,0,0,0,,Matches,0,0,0,0.4,0.38,+0.4,+0.38,8,13,61.5,31,4,32.3,27.0,11,27.3,31.2,8,0,0.0,0,0.00,9.2,0,0,0,0,0,0,0.00,0.00,0.00,0.00,0.00,0.0,0.0,0.0,0.0,0.00,0.00,0.00,0.00,0.00,90,2.6,90,1,0,,32,1.00,0,0,0,0.00,+1.27,1.4,0.6,+0.9,+0.86,+1.77,0,0,0,0,0,0,0,0,0,6,0,0,,Big-5-European-Leagues,Big5,2020-2021
45,Finn Dahmen,de GER,GK,Mainz 05,de Bundesliga,22,1998,3,3,270,3.0,10,3.33,20,11,55.0,1,0,2,0,0.0,1,1,0,0,0.0,Matches,0,1,0,9.2,0.42,-0.8,-0.26,9,26,34.6,59,16,33.9,32.9,27,22.2,25.7,34,1,2.9,2,0.67,11.6,0,0,0,0,0,0,0.00,0.00,0.00,0.00,0.00,0.0,0.0,0.0,0.0,0.00,0.00,0.00,0.00,0.00,90,8.8,90,3,0,,31,1.00,6,10,-4,-1.33,-0.91,5.5,6.8,-1.3,-0.43,-0.35,0,0,2,0,0,0,0,0,0,14,0,0,,Big-5-European-Leagues,Big5,2020-2021
46,Karl Darlow,eng ENG,GK,Newcastle Utd,eng Premier League,29,1990,25,25,2250,25.0,43,1.72,120,81,66.7,7,4,14,4,16.0,4,3,1,0,25.0,Matches,1,4,2,37.0,0.28,-4.0,-0.16,184,532,34.6,506,88,68.4,50.5,220,84.5,60.2,239,22,9.2,6,0.24,12.2,0,0,0,0,3,0,0.00,0.00,0.00,0.00,0.00,0.0,0.0,0.0,0.0,0.00,0.00,0.00,0.00,0.00,90,65.8,90,,0,,6,1.00,26,43,-17,-0.68,-0.76,23.4,36.0,-12.6,-0.50,-0.48,0,0,3,0,0,1,0,0,0,103,0,0,,Big-5-European-Leagues,Big5,2020-2021
47,Yehvann Diouf,fr FRA,GK,Reims,fr Ligue 1,20,1999,2,1,135,1.5,1,0.67,5,5,100.0,0,0,1,0,0.0,1,1,0,0,0.0,Matches,0,0,0,1.0,0.03,0.0,+0.01,5,16,31.3,40,13,27.5,32.2,12,41.7,39.0,11,0,0.0,1,0.67,15.3,0,0,0,0,0,0,0.00,0.00,0.00,0.00,0.00,0.0,0.0,0.0,0.0,0.00,0.00,0.00,0.00,0.00,68,3.9,90,,1,45,32,0.50,1,1,0,0.00,+0.22,1.7,1.7,0.0,0.00,+0.76,0,0,1,0,0,0,0,0,0,11,0,0,,Big-5-European-Leagues,Big5,2020-2021
48,Marko DmitroviÄ,rs SRB,GK,Eibar,es La Liga,28,1992,35,35,3120,34.7,49,1.41,128,80,64.1,6,11,18,9,25.7,5,3,1,1,25.0,Matches,0,5,0,46.9,0.34,-2.1,-0.06,305,786,38.8,839,98,68.3,54.6,235,90.6,72.7,253,20,7.9,41,1.18,16.8,1,0,0,1,0,0,0.03,0.00,0.03,0.00,0.00,1.6,0.1,0.5,0.6,0.05,0.01,0.06,0.00,0.02,89,91.2,89,34,0,,1,0.83,28,49,-21,-0.61,-0.01,37.9,45.7,-7.8,-0.22,-0.89,0,1,4,0,0,0,1,0,0,198,0,0,,Big-5-European-Leagues,Big5,2020-2021
49,Jaume DomÃ©nech,es ESP,GK,Valencia,es La Liga,29,1990,28,28,2520,28.0,42,1.50,124,86,69.4,5,12,11,4,14.3,6,4,2,0,33.3,Matches,2,7,2,39.2,0.28,-0.8,-0.03,264,525,50.3,654,105,53.4,40.8,243,72.4,53.4,325,21,6.5,15,0.54,13.0,0,0,0,0,1,0,0.00,0.00,0.00,0.00,0.00,0.0,0.0,0.0,0.0,0.00,0.00,0.00,0.00,0.00,90,73.7,90,28,0,,10,0.96,35,42,-7,-0.25,-0.65,32.7,40.4,-7.7,-0.28,-0.03,0,0,1,0,0,0,0,0,0,141,0,0,,Big-5-European-Leagues,Big5,2020-2021
50,Gianluigi Donnarumma,it ITA,GK,Milan,it Serie A,21,1999,37,37,3330,37.0,38,1.03,125,90,71.2,24,6,7,14,37.8,4,2,1,1,33.3,Matches,2,7,1,39.7,0.30,+2.7,+0.07,183,431,42.5,1026,140,33.2,32.3,219,41.1,35.9,335,29,8.7,22,0.59,14.8,0,0,0,0,1,0,0.00,0.00,0.00,0.00,0.00,0.0,0.0,0.0,0.0,0.00,0.00,0.00,0.00,0.00,90,97.4,90,37,0,,0,2.11,71,38,+33,+0.89,+0.89,68.6,43.4,+25.1,+0.68,+0.35,0,1,4,0,0,0,0,0,0,147,0,0,,Big-5-European-Leagues,Big5,2020-2021
51,BartÅomiej DrÄgowski,pl POL,GK,Fiorentina,it Serie A,22,1997,36,36,3148,35.0,55,1.57,128,82,63.3,9,12,15,8,22.2,10,8,2,0,20.0,Matches,1,10,1,53.4,0.35,-0.6,-0.02,229,566,40.5,803,166,51.9,41.9,260,57.3,45.3,335,24,7.2,17,0.49,14.3,0,1,0,0,0,1,0.00,0.03,0.03,0.00,0.03,0.0,0.0,0.1,0.1,0.00,0.00,0.00,0.00,0.00,87,92.0,87,34,0,,0,1.05,46,56,-10,-0.29,+0.38,44.1,50.7,-6.6,-0.19,+0.90,0,1,5,0,0,0,0,0,1,172,0,0,,Big-5-European-Leagues,Big5,2020-2021
52,Matthieu Dreyer,fr FRA,GK,Lorient,fr Ligue 1,31,1989,15,15,1350,15.0,25,1.67,51,33,62.7,5,5,5,2,13.3,6,6,0,0,0.0,Matches,1,3,1,20.5,0.32,-3.5,-0.23,76,201,37.8,253,43,48.6,40.4,108,72.2,48.6,111,7,6.3,6,0.40,12.8,0,0,0,0,1,0,0.00,0.00,0.00,0.00,0.00,0.0,0.0,0.0,0.0,0.00,0.00,0.00,0.00,0.00,90,39.5,90,,0,,23,1.33,21,25,-4,-0.27,+0.34,18.4,20.8,-2.4,-0.16,-0.07,0,0,1,0,0,0,0,0,0,67,0,0,,Big-5-European-Leagues,Big5,2020-2021
53,Martin DÃºbravka,sk SVK,GK,Newcastle Utd,eng Premier League,31,1989,13,13,1170,13.0,19,1.46,59,42,69.5,5,5,3,3,23.1,1,1,0,0,0.0,Matches,0,1,1,19.4,0.31,+1.4,+0.11,79,186,42.5,306,64,38.2,36.9,121,57.0,47.3,161,13,8.1,6,0.46,12.2,0,0,0,0,0,0,0.00,0.00,0.00,0.00,0.00,0.0,0.0,0.0,0.0,0.00,0.00,0.00,0.00,0.00,90,34.2,90,,0,,11,1.54,20,19,+1,+0.08,+0.76,17.6,18.0,-0.3,-0.03,+0.48,0,0,5,0,0,0,0,0,0,65,0,0,,Big-5-European-Leagues,Big5,2020-2021
54,Ederson,br BRA,GK,Manchester City,eng Premier League,26,1993,36,36,3240,36.0,28,0.78,84,63,75.0,25,5,6,19,52.8,8,7,1,0,12.5,Matches,0,2,1,29.2,0.28,+2.2,+0.06,139,305,45.6,932,148,24.9,31.5,158,46.2,43.0,179,14,7.8,23,0.64,15.7,0,1,0,0,3,0,0.00,0.03,0.03,0.00,0.03,0.0,0.0,0.4,0.4,0.00,0.01,0.01,0.00,0.01,90,94.7,90,,0,,0,2.22,76,28,+48,+1.33,-0.17,69.7,28.4,+41.2,+1.15,+0.79,0,1,4,0,0,0,0,0,0,132,0,0,,Big-5-European-Leagues,Big5,2020-2021
55,AarÃ³n Escandell,es ESP,GK,Granada,es La Liga,24,1995,5,5,450,5.0,8,1.60,24,16,66.7,1,1,3,1,20.0,0,0,0,0,,Matches,0,0,0,9.6,0.42,+1.6,+0.33,38,113,33.6,118,13,72.9,52.1,33,81.8,64.6,45,3,6.7,12,2.40,18.0,0,0,0,0,1,0,0.00,0.00,0.00,0.00,0.00,0.0,0.0,0.0,0.0,0.00,0.00,0.00,0.00,0.00,90,13.2,90,5,0,,31,0.80,5,8,-3,-0.60,-0.15,4.3,7.1,-2.8,-0.57,-0.22,0,0,0,0,0,0,0,0,0,27,0,0,,Big-5-European-Leagues,Big5,2020-2021
56,Jokin Ezkieta,es ESP,GK,Athletic Club,es La Liga,23,1996,1,1,90,1.0,2,2.00,3,1,33.3,0,0,1,0,0.0,0,0,0,0,,Matches,0,0,0,1.1,0.36,-0.9,-0.92,1,4,25.0,17,6,11.8,26.6,7,28.6,35.9,10,0,0.0,1,1.00,13.5,0,0,0,0,0,0,0.00,0.00,0.00,0.00,0.00,0.0,0.0,0.0,0.0,0.00,0.00,0.00,0.00,0.00,90,2.6,90,1,0,,36,0.00,0,2,-2,-2.00,-2.16,0.6,1.2,-0.6,-0.64,-0.88,0,0,0,0,0,0,0,0,0,5,0,0,,Big-5-European-Leagues,Big5,2020-2021
57,Åukasz FabiaÅski,pl POL,GK,West Ham,eng Premier League,35,1985,35,35,3150,35.0,44,1.26,134,96,69.4,17,8,10,10,28.6,6,3,2,1,40.0,Matches,0,4,4,44.8,0.31,+4.8,+0.14,281,662,42.4,731,141,60.9,46.2,271,80.1,57.0,357,27,7.6,11,0.31,12.4,0,0,0,0,2,0,0.00,0.00,0.00,0.00,0.00,0.0,0.0,0.0,0.0,0.00,0.00,0.00,0.00,0.00,90,92.1,90,,0,,0,1.69,57,44,+13,+0.37,-0.30,47.4,46.3,+1.1,+0.03,-1.47,0,1,2,0,0,0,0,0,1,164,0,0,,Big-5-European-Leagues,Big5,2020-2021
58,Ralf FÃ¤hrmann,de GER,GK,Schalke 04,de Bundesliga,31,1988,22,22,1876,20.8,50,2.40,139,94,66.2,3,3,16,3,13.6,4,3,1,0,25.0,Matches,1,8,2,40.5,0.27,-7.5,-0.36,126,397,31.7,642,116,42.7,37.5,183,67.2,48.6,225,13,5.8,18,0.86,14.5,0,0,0,0,2,0,0.00,0.00,0.00,0.00,0.00,0.1,0.1,0.1,0.1,0.00,0.00,0.01,0.00,0.01,85,61.3,85,20,0,,2,0.55,18,50,-32,-1.54,+0.67,17.8,41.3,-23.5,-1.13,+0.21,0,0,3,0,0,0,0,0,0,114,0,0,,Big-5-European-Leagues,Big5,2020-2021
59,Wuilker FarÃ­Ã±ez,ve VEN,GK,Lens,fr Ligue 1,22,1998,3,1,107,1.2,3,2.52,6,3,66.7,0,0,1,0,0.0,1,1,0,0,0.0,Matches,0,1,0,4.2,0.53,+1.2,+0.99,2,11,18.2,18,3,44.4,40.9,9,33.3,29.9,9,0,0.0,1,0.84,13.9,0,0,0,0,0,0,0.00,0.00,0.00,0.00,0.00,0.0,0.0,0.0,0.0,0.00,0.00,0.00,0.00,0.00,36,3.1,90,,2,9,35,2.00,1,3,-2,-1.68,-1.76,2.0,2.4,-0.4,-0.37,-0.61,0,0,0,0,0,0,0,0,0,11,0,0,,Big-5-European-Leagues,Big5,2020-2021
60,Aitor FernÃ¡ndez,es ESP,GK,Levante,es La Liga,29,1991,29,29,2610,29.0,44,1.52,118,78,65.3,8,11,10,3,10.3,3,3,0,0,0.0,Matches,1,6,2,38.8,0.31,-3.2,-0.11,124,330,37.6,716,150,38.3,36.2,205,27.3,30.0,255,18,7.1,27,0.93,14.9,0,0,0,0,0,0,0.00,0.00,0.00,0.00,0.00,0.0,0.0,0.0,0.0,0.00,0.00,0.00,0.00,0.00,90,76.3,90,29,0,,7,1.21,38,44,-6,-0.21,+0.35,33.9,37.6,-3.6,-0.12,+0.91,0,0,2,0,0,0,0,0,0,148,0,1,0.0,Big-5-European-Leagues,Big5,2020-2021
61,Ãlvaro FernÃ¡ndez,es ESP,GK,Huesca,es La Liga,22,1998,22,22,1980,22.0,32,1.45,92,62,67.4,5,5,12,5,22.7,2,2,0,0,0.0,Matches,0,7,1,30.0,0.31,-1.0,-0.05,136,329,41.3,647,108,40.0,37.5,171,40.9,39.4,188,11,5.9,15,0.68,16.3,0,0,0,0,0,0,0.00,0.00,0.00,0.00,0.00,0.0,0.0,0.1,0.1,0.00,0.00,0.00,0.00,0.00,90,57.9,90,22,0,,16,0.91,21,32,-11,-0.50,0.00,20.8,28.4,-7.6,-0.35,-0.26,0,0,3,0,0,0,0,0,0,108,0,0,,Big-5-European-Leagues,Big5,2020-2021
62,AndrÃ©s FernÃ¡ndez,es ESP,GK,Huesca,es La Liga,33,1986,16,16,1440,16.0,21,1.31,50,32,64.0,2,8,6,4,25.0,3,3,0,0,0.0,Matches,1,3,1,16.9,0.29,-3.1,-0.19,91,260,35.0,445,70,44.3,38.0,121,52.1,42.1,167,13,7.8,7,0.44,12.2,0,0,0,0,0,0,0.00,0.00,0.00,0.00,0.00,0.0,0.0,0.0,0.0,0.00,0.00,0.00,0.00,0.00,90,42.1,90,16,0,,19,0.88,13,21,-8,-0.50,0.00,14.5,15.9,-1.4,-0.09,+0.26,0,0,3,0,0,0,0,0,0,86,0,0,,Big-5-European-Leagues,Big5,2020-2021
63,Marco Festa,it ITA,GK,Crotone,it Serie A,28,1992,1,1,90,1.0,1,1.00,8,7,87.5,0,1,0,0,0.0,0,0,0,0,,Matches,0,0,0,1.6,0.20,+0.6,+0.61,9,15,60.0,28,9,35.7,34.4,10,50.0,37.7,12,1,8.3,1,1.00,10.6,0,0,0,0,0,0,0.00,0.00,0.00,0.00,0.00,0.0,0.0,0.0,0.0,0.00,0.00,0.00,0.00,0.00,90,2.6,90,1,0,,36,1.00,1,1,0,0.00,+1.27,1.0,2.1,-1.1,-1.07,-0.20,0,0,0,0,0,0,0,0,0,9,0,0,,Big-5-European-Leagues,Big5,2020-2021
64,Mark Flekken,nl NED,GK,Freiburg,de Bundesliga,27,1993,3,3,270,3.0,6,2.00,16,12,75.0,1,1,1,0,0.0,3,2,0,1,0.0,Matches,0,0,0,7.4,0.39,+1.4,+0.46,31,64,48.4,98,9,42.9,41.4,27,81.5,65.7,32,1,3.1,1,0.33,12.3,0,0,0,0,0,0,0.00,0.00,0.00,0.00,0.00,0.0,0.0,0.0,0.0,0.00,0.00,0.00,0.00,0.00,90,8.8,90,3,0,,0,1.33,7,6,+1,+0.33,+0.37,4.9,7.1,-2.2,-0.73,-0.55,0,0,0,0,0,0,0,0,0,15,0,0,,Big-5-European-Leagues,Big5,2020-2021
65,Fraser Forster,eng ENG,GK,Southampton,eng Premier League,32,1988,8,8,720,8.0,11,1.37,28,19,67.9,4,0,4,2,25.0,3,2,1,0,33.3,Matches,0,1,0,8.8,0.25,-2.2,-0.27,43,153,28.1,210,29,51.4,41.0,64,70.3,49.6,88,7,8.0,7,0.88,15.2,0,0,0,0,0,0,0.00,0.00,0.00,0.00,0.00,0.0,0.0,0.0,0.0,0.00,0.00,0.00,0.00,0.00,90,21.1,90,,0,,30,1.50,10,11,-1,-0.12,+0.54,10.7,12.4,-1.8,-0.22,+0.11,0,1,3,0,0,0,0,0,1,40,0,0,,Big-5-European-Leagues,Big5,2020-2021
66,Daniel Fuzato,br BRA,GK,Roma,it Serie A,23,1997,5,5,450,5.0,7,1.40,26,19,73.1,2,1,2,2,40.0,0,0,0,0,,Matches,0,1,0,6.9,0.27,-0.1,-0.02,20,57,35.1,122,28,36.1,37.0,31,41.9,37.9,28,1,3.6,1,0.20,12.8,0,0,0,0,0,0,0.00,0.00,0.00,0.00,0.00,0.0,0.0,0.0,0.0,0.00,0.00,0.00,0.00,0.00,90,13.2,90,5,0,,17,1.40,10,7,+3,+0.60,+0.39,7.7,8.1,-0.4,-0.08,-0.62,0,0,0,0,0,0,0,0,0,18,0,0,,Big-5-European-Leagues,Big5,2020-2021
67,Manuel Gasparini,it ITA,GK,Udinese,it Serie A,18,2002,1,0,3,0.0,0,0.00,0,0,,0,0,0,0,,0,0,0,0,,Matches,0,0,0,0.0,,0.0,0.00,1,1,100.0,1,0,100.0,48.0,1,0.0,21.0,0,0,,0,0.00,,0,0,0,0,0,0,0.00,0.00,0.00,0.00,0.00,0.0,0.0,0.0,0.0,0.00,0.00,0.00,0.00,0.00,3,0.1,,0,1,3,34,0.00,0,0,0,0.00,+0.42,0.0,0.0,0.0,0.00,+0.24,0,0,0,0,0,0,0,0,0,0,0,0,,Big-5-European-Leagues,Big5,2020-2021
68,Paulo Gazzaniga,ar ARG,GK,Elche,es La Liga,28,1992,8,8,720,8.0,9,1.13,21,14,61.9,3,1,4,2,25.0,1,1,0,0,0.0,Matches,0,3,1,7.5,0.32,-0.5,-0.06,61,161,37.9,179,24,60.3,50.4,64,82.8,65.5,59,5,8.5,1,0.13,11.2,0,0,0,0,3,0,0.00,0.00,0.00,0.00,0.00,0.0,0.0,0.1,0.1,0.00,0.01,0.01,0.00,0.01,90,21.1,90,8,0,,11,1.25,7,9,-2,-0.25,+0.38,7.8,8.9,-1.2,-0.15,+0.74,0,0,1,0,0,0,0,0,0,47,0,0,,Big-5-European-Leagues,Big5,2020-2021
69,David de Gea,es ESP,GK,Manchester Utd,eng Premier League,29,1990,26,26,2295,25.5,32,1.25,85,58,67.1,12,9,5,9,34.6,4,4,0,0,0.0,Matches,1,5,2,29.8,0.31,-0.2,-0.01,94,217,43.3,422,80,35.5,33.7,172,39.0,34.6,195,9,4.6,9,0.35,14.1,0,0,0,0,0,0,0.00,0.00,0.00,0.00,0.00,0.0,0.0,0.0,0.0,0.00,0.00,0.00,0.00,0.00,88,67.1,88,,0,,7,1.73,46,32,+14,+0.55,-0.65,37.9,28.5,+9.4,+0.37,-0.32,0,0,3,0,0,0,0,0,0,83,0,0,,Big-5-European-Leagues,Big5,2020-2021
70,RafaÅ Gikiewicz,pl POL,GK,Augsburg,de Bundesliga,32,1987,34,34,3060,34.0,55,1.62,172,124,71.5,10,6,18,7,20.6,10,6,2,2,25.0,Matches,0,4,3,51.9,0.27,+0.9,+0.03,256,653,39.2,1101,215,43.4,37.5,298,58.7,46.8,401,26,6.5,26,0.76,14.4,0,0,0,0,3,0,0.00,0.00,0.00,0.00,0.00,0.0,0.0,0.0,0.0,0.00,0.00,0.00,0.00,0.00,90,100.0,90,34,0,,0,1.06,36,54,-18,-0.53,,36.1,55.6,-19.4,-0.57,,0,1,3,0,0,0,0,0,0,222,0,0,,Big-5-European-Leagues,Big5,2020-2021
71,David Gil,es ESP,GK,CÃ¡diz,es La Liga,26,1994,4,4,360,4.0,10,2.50,15,6,40.0,0,1,3,0,0.0,1,1,0,0,0.0,Matches,0,1,0,6.4,0.37,-3.6,-0.90,32,110,29.1,86,9,86.0,57.9,37,97.3,69.1,47,3,6.4,1,0.25,10.5,0,0,0,0,0,0,0.00,0.00,0.00,0.00,0.00,0.0,0.0,0.0,0.0,0.00,0.00,0.00,0.00,0.00,90,10.5,90,4,0,,34,0.25,5,10,-5,-1.25,-0.75,4.2,6.5,-2.4,-0.60,-0.05,0,0,1,0,0,0,0,0,0,23,0,0,,Big-5-European-Leagues,Big5,2020-2021
72,Pierluigi Gollini,it ITA,GK,Atalanta,it Serie A,25,1995,25,25,2156,24.0,26,1.09,61,38,63.9,14,8,3,9,36.0,6,4,2,0,33.3,Matches,0,3,1,24.7,0.32,-0.3,-0.01,117,270,43.3,550,82,34.5,35.4,118,67.8,52.5,135,7,5.2,23,0.96,16.3,0,0,0,0,0,1,0.00,0.00,0.00,0.00,0.00,0.0,0.0,0.0,0.0,0.00,0.00,0.00,0.00,0.00,86,63.0,86,23,0,,7,2.00,55,26,+29,+1.21,+0.21,50.8,27.7,+23.1,+0.97,+0.12,0,1,4,0,0,1,0,0,0,105,0,0,,Big-5-European-Leagues,Big5,2020-2021
73,Alfred Gomis,sn SEN,GK,Rennes,fr Ligue 1,26,1993,22,22,1980,22.0,25,1.14,73,50,69.9,7,5,10,5,22.7,4,3,0,1,0.0,Matches,0,0,0,25.3,0.32,+0.3,+0.01,99,229,43.2,538,115,29.6,31.0,131,53.4,43.9,158,17,10.8,17,0.77,15.3,0,0,0,0,1,0,0.00,0.00,0.00,0.00,0.00,0.0,0.0,0.0,0.0,0.00,0.00,0.00,0.00,0.00,90,57.9,90,,0,,4,1.18,26,25,+1,+0.05,-0.64,29.2,23.7,+5.5,+0.25,-0.03,0,1,3,0,0,0,0,0,1,109,0,0,,Big-5-European-Leagues,Big5,2020-2021
74,Alfred Gomis,sn SEN,GK,Dijon,fr Ligue 1,26,1993,5,5,450,5.0,10,2.00,24,18,70.8,0,1,4,0,0.0,3,3,0,0,0.0,Matches,0,2,1,9.9,0.30,+0.9,+0.17,28,94,29.8,121,28,43.0,39.4,67,62.7,49.6,78,8,10.3,3,0.60,12.8,0,0,0,0,0,0,0.00,0.00,0.00,0.00,0.00,0.0,0.0,0.0,0.0,0.00,0.00,0.00,0.00,0.00,90,13.2,90,,0,,0,0.20,3,10,-7,-1.40,-0.16,3.2,13.3,-10.1,-2.02,-1.00,0,0,1,0,0,0,0,0,0,19,0,0,,Big-5-European-Leagues,Big5,2020-2021
75,Etienne Green,fr FRA,GK,Saint-Ãtienne,fr Ligue 1,20,2000,8,8,720,8.0,8,1.00,24,18,75.0,4,1,3,3,37.5,4,2,1,1,33.3,Matches,1,0,0,8.5,0.27,+0.5,+0.06,44,129,34.1,149,31,52.3,42.4,70,72.9,55.3,75,5,6.7,5,0.63,13.3,0,0,0,0,0,0,0.00,0.00,0.00,0.00,0.00,0.0,0.0,0.0,0.0,0.00,0.00,0.00,0.00,0.00,90,21.1,90,,0,,3,1.63,12,8,+4,+0.50,+1.03,13.5,12.0,+1.6,+0.19,+0.25,0,2,1,0,0,0,0,0,2,42,0,0,,Big-5-European-Leagues,Big5,2020-2021
76,Lennart Grill,de GER,GK,Leverkusen,de Bundesliga,21,1999,4,4,360,4.0,7,1.75,20,13,65.0,1,0,3,1,25.0,0,0,0,0,,Matches,0,0,0,6.3,0.32,-0.7,-0.16,10,25,40.0,136,26,16.9,27.3,25,8.0,22.2,23,3,13.0,4,1.00,15.9,0,0,0,0,0,0,0.00,0.00,0.00,0.00,0.00,0.0,0.0,0.0,0.0,0.00,0.00,0.00,0.00,0.00,90,11.8,90,4,0,,16,0.75,3,7,-4,-1.00,-1.60,7.5,5.3,+2.2,+0.54,+0.38,0,1,0,0,0,0,0,0,0,24,0,0,,Big-5-European-Leagues,Big5,2020-2021
77,Vicente Guaita,es ESP,GK,Crystal Palace,eng Premier League,33,1987,37,37,3330,37.0,64,1.73,168,105,63.7,11,8,18,8,21.6,4,3,1,0,25.0,Matches,1,9,0,61.8,0.36,-2.2,-0.06,253,721,35.1,766,147,58.9,43.9,314,86.0,60.9,367,26,7.1,15,0.41,13.1,0,0,0,0,2,0,0.00,0.00,0.00,0.00,0.00,0.0,0.0,0.0,0.0,0.00,0.00,0.00,0.00,0.00,90,97.4,90,,0,,1,1.11,38,64,-26,-0.70,-1.70,30.9,56.1,-25.3,-0.68,-0.90,0,0,5,0,0,0,0,0,0,168,0,1,0.0,Big-5-European-Leagues,Big5,2020-2021
78,PÃ©ter GulÃ¡csi,hu HUN,GK,RB Leipzig,de Bundesliga,30,1990,33,33,2970,33.0,30,0.91,77,48,64.9,19,8,6,15,45.5,3,3,0,0,0.0,Matches,0,2,0,24.5,0.29,-5.5,-0.17,137,275,49.8,1003,171,24.2,30.3,166,19.3,27.5,186,12,6.5,53,1.61,18.7,0,0,0,0,0,0,0.00,0.00,0.00,0.00,0.00,0.0,0.0,0.0,0.0,0.00,0.00,0.00,0.00,0.00,90,97.1,90,33,0,,0,1.97,59,30,+29,+0.88,+1.88,62.7,28.2,+34.6,+1.05,-0.61,0,0,1,0,0,0,0,0,0,198,0,1,0.0,Big-5-European-Leagues,Big5,2020-2021
79,Samir HandanoviÄ,si SVN,GK,Inter,it Serie A,36,1984,37,37,3240,36.0,33,0.92,105,76,72.4,27,7,3,14,37.8,6,4,2,0,33.3,Matches,1,3,1,29.5,0.24,-2.5,-0.07,126,261,48.3,913,149,23.0,28.8,177,28.8,31.1,281,16,5.7,14,0.39,12.1,0,0,0,0,1,0,0.00,0.00,0.00,0.00,0.00,0.0,0.0,0.0,0.0,0.00,0.00,0.00,0.00,0.00,88,94.7,88,35,0,,1,2.38,81,33,+48,+1.33,-1.67,68.6,35.7,+33.0,+0.92,-0.70,0,0,4,0,0,0,0,0,0,106,0,0,,Big-5-European-Leagues,Big5,2020-2021
80,Dean Henderson,eng ENG,GK,Manchester Utd,eng Premier League,23,1997,13,12,1125,12.5,12,0.96,50,38,76.0,9,2,1,4,33.3,0,0,0,0,,Matches,0,4,0,12.3,0.26,+0.3,+0.02,41,110,37.3,220,61,35.9,35.4,94,33.0,33.5,105,9,8.6,14,1.12,15.3,0,0,0,0,3,0,0.00,0.00,0.00,0.00,0.00,0.0,0.0,0.0,0.0,0.00,0.00,0.00,0.00,0.00,87,32.9,90,,1,45,25,2.46,27,12,+15,+1.20,+0.65,22.3,13.7,+8.6,+0.69,+0.32,0,0,0,0,0,0,0,0,0,50,0,0,,Big-5-European-Leagues,Big5,2020-2021
81,Sergio Herrera,es ESP,GK,Osasuna,es La Liga,27,1993,33,32,2958,32.9,40,1.22,123,88,70.7,10,8,14,10,31.3,8,4,3,1,42.9,Matches,0,6,2,43.7,0.32,+5.7,+0.17,431,927,46.5,887,83,77.1,54.3,257,94.6,64.4,375,34,9.1,51,1.55,16.3,0,0,0,0,2,0,0.00,0.00,0.00,0.00,0.00,0.0,0.0,0.0,0.0,0.00,0.00,0.00,0.00,0.00,90,86.5,90,32,1,78,4,1.18,31,40,-9,-0.27,+0.12,31.6,43.0,-11.4,-0.35,+0.09,0,1,10,0,0,0,0,0,1,225,0,0,,Big-5-European-Leagues,Big5,2020-2021
82,Marwin Hitz,ch SUI,GK,Dortmund,de Bundesliga,32,1987,16,16,1395,15.5,16,1.03,42,27,66.7,11,2,3,7,43.8,2,2,0,0,0.0,Matches,0,1,1,15.8,0.33,+0.8,+0.05,94,181,51.9,427,69,28.3,31.9,123,48.8,41.7,92,7,7.6,7,0.45,14.3,0,0,0,0,1,0,0.00,0.00,0.00,0.00,0.00,0.0,0.0,0.0,0.0,0.00,0.00,0.00,0.00,0.00,87,45.6,87,15,0,,15,2.19,37,16,+21,+1.35,+0.92,32.2,16.7,+15.5,+1.00,+0.31,0,0,2,0,0,0,0,0,0,69,0,0,,Big-5-European-Leagues,Big5,2020-2021
83,Timo Horn,de GER,GK,KÃ¶ln,de Bundesliga,27,1993,34,34,3009,33.4,59,1.76,150,98,65.3,8,9,17,5,14.7,8,7,1,0,12.5,Matches,1,6,0,52.6,0.30,-6.4,-0.19,272,601,45.3,1111,117,45.2,39.0,215,46.0,40.4,269,9,3.3,23,0.69,14.1,0,0,0,0,0,0,0.00,0.00,0.00,0.00,0.00,0.0,0.0,0.0,0.0,0.00,0.00,0.00,0.00,0.00,89,98.3,89,33,0,,0,0.97,33,59,-26,-0.78,-6.07,38.9,54.1,-15.2,-0.46,+1.29,0,0,1,0,0,1,0,0,0,192,0,0,,Big-5-European-Leagues,Big5,2020-2021
84,LukÃ¡Å¡ HrÃ¡deckÃ½,fi FIN,GK,Leverkusen,de Bundesliga,30,1989,29,29,2565,28.5,29,1.02,82,56,65.9,13,9,7,8,27.6,2,1,1,0,50.0,Matches,1,0,2,26.8,0.31,-0.2,-0.01,209,503,41.6,1215,180,35.9,34.8,176,38.1,34.2,208,21,10.1,31,1.09,16.2,0,0,0,0,1,0,0.00,0.00,0.00,0.00,0.00,0.0,0.0,0.0,0.0,0.00,0.00,0.00,0.00,0.00,88,83.8,88,28,0,,0,1.66,48,29,+19,+0.67,+1.58,38.8,31.3,+7.4,+0.26,+0.37,0,1,4,0,0,0,0,0,1,172,1,0,100.0,Big-5-European-Leagues,Big5,2020-2021
85,Rune Jarstein,no NOR,GK,Hertha BSC,de Bundesliga,35,1984,8,8,720,8.0,13,1.62,31,20,61.3,2,1,5,1,12.5,2,1,1,0,50.0,Matches,0,2,1,10.1,0.28,-1.9,-0.24,60,153,39.2,210,25,51.0,41.7,74,62.2,47.9,75,7,9.3,4,0.50,12.8,0,0,0,0,0,0,0.00,0.00,0.00,0.00,0.00,0.0,0.0,0.0,0.0,0.00,0.00,0.00,0.00,0.00,90,23.5,90,8,0,,18,0.88,7,13,-6,-0.75,-0.56,9.6,11.3,-1.8,-0.22,-0.11,0,1,1,0,0,0,0,0,1,39,0,0,,Big-5-European-Leagues,Big5,2020-2021
86,Sam Johnstone,eng ENG,GK,West Brom,eng Premier League,27,1993,37,37,3330,37.0,74,2.00,228,161,70.6,4,11,22,6,16.2,12,7,2,3,22.2,Matches,2,13,3,75.3,0.30,+4.3,+0.12,336,961,35.0,987,169,71.2,51.2,295,87.5,60.9,348,25,7.2,26,0.70,14.5,0,1,0,0,1,0,0.00,0.03,0.03,0.00,0.03,0.0,0.0,0.4,0.4,0.00,0.01,0.01,0.00,0.01,90,97.4,90,,0,,0,0.62,32,74,-42,-1.14,-2.14,31.5,65.5,-34.0,-0.92,-0.94,0,1,4,0,0,0,0,0,1,196,0,0,,Big-5-European-Leagues,Big5,2020-2021
87,Bingourou Kamara,sn SEN,GK,Strasbourg,fr Ligue 1,23,1996,8,8,720,8.0,14,1.75,31,19,58.1,2,0,6,2,25.0,1,1,0,0,0.0,Matches,0,1,1,9.7,0.28,-3.3,-0.41,63,142,44.4,191,43,48.7,39.3,56,87.5,60.0,58,3,5.2,1,0.13,12.9,0,0,0,0,0,0,0.00,0.00,0.00,0.00,0.00,0.0,0.0,0.0,0.0,0.00,0.00,0.00,0.00,0.00,90,21.1,90,,0,,14,0.75,9,14,-5,-0.62,-0.49,11.7,11.1,+0.5,+0.07,-0.11,0,1,1,1,0,0,0,0,0,44,0,0,,Big-5-European-Leagues,Big5,2020-2021
88,Loris Karius,de GER,GK,Union Berlin,de Bundesliga,27,1993,4,3,292,3.2,1,0.31,5,5,80.0,1,2,0,2,66.7,0,0,0,0,,Matches,0,0,1,1.7,0.35,+1.7,+0.53,21,56,37.5,75,9,56.0,44.3,20,70.0,56.5,30,2,6.7,0,0.00,11.5,0,0,0,0,0,0,0.00,0.00,0.00,0.00,0.00,0.0,0.0,0.0,0.0,0.00,0.00,0.00,0.00,0.00,73,9.5,90,3,1,22,26,1.50,2,1,+1,+0.31,+0.11,4.6,2.4,+2.2,+0.67,+0.60,0,0,0,0,0,0,0,0,0,11,0,0,,Big-5-European-Leagues,Big5,2020-2021
89,Eiji Kawashima,jp JPN,GK,Strasbourg,fr Ligue 1,37,1983,24,24,2160,24.0,31,1.29,91,62,69.2,8,7,9,8,33.3,5,3,1,1,25.0,Matches,1,3,0,29.5,0.31,-1.5,-0.06,199,421,47.3,522,79,53.1,42.1,193,74.6,56.2,204,12,5.9,5,0.21,11.5,0,0,0,0,1,0,0.00,0.00,0.00,0.00,0.00,0.0,0.0,0.0,0.0,0.00,0.00,0.00,0.00,0.00,90,63.2,90,,0,,14,1.29,31,31,0,0.00,+0.64,33.6,28.1,+5.5,+0.23,+0.20,0,1,1,0,0,0,0,0,1,100,0,0,,Big-5-European-Leagues,Big5,2020-2021
90,CaoimhÃ­n Kelleher,ie IRL,GK,Liverpool,eng Premier League,21,1998,2,2,180,2.0,1,0.50,7,6,85.7,1,0,1,1,50.0,0,0,0,0,,Matches,0,0,0,2.2,0.32,+1.2,+0.62,8,19,42.1,48,10,31.3,34.1,14,28.6,33.7,19,2,10.5,1,0.50,18.3,0,0,0,0,0,0,0.00,0.00,0.00,0.00,0.00,0.0,0.0,0.0,0.0,0.00,0.00,0.00,0.00,0.00,90,5.3,90,,0,,13,1.50,4,1,+3,+1.50,+0.86,1.9,1.6,+0.3,+0.14,-0.61,0,0,0,0,0,0,0,0,0,6,0,0,,Big-5-European-Leagues,Big5,2020-2021
91,Gregor Kobel,ch SUI,GK,Stuttgart,de Bundesliga,22,1997,33,33,2970,33.0,54,1.64,155,105,68.4,11,9,13,5,15.2,7,5,2,0,28.6,Matches,1,3,1,48.3,0.28,-4.7,-0.14,138,337,40.9,940,200,29.5,30.1,276,21.7,25.3,282,20,7.1,17,0.52,13.3,0,0,0,0,0,0,0.00,0.00,0.00,0.00,0.00,0.0,0.0,0.0,0.0,0.00,0.00,0.00,0.00,0.00,90,97.1,90,33,0,,0,1.27,54,54,0,0.00,-1.00,51.9,51.2,+0.7,+0.02,+0.78,0,0,6,0,0,0,0,0,0,196,0,0,,Big-5-European-Leagues,Big5,2020-2021
92,Alban Lafont,fr FRA,GK,Nantes,fr Ligue 1,21,1999,38,38,3420,38.0,55,1.45,158,113,71.5,9,13,16,5,13.2,13,10,2,1,16.7,Matches,2,8,1,52.3,0.27,-1.7,-0.04,218,675,32.3,869,128,53.4,44.5,258,81.8,57.8,327,24,7.3,25,0.66,14.9,0,0,0,0,2,0,0.00,0.00,0.00,0.00,0.00,0.0,0.0,0.0,0.0,0.00,0.00,0.00,0.00,0.00,90,100.0,90,,0,,0,1.05,47,55,-8,-0.21,,48.9,55.8,-6.9,-0.18,,0,1,8,0,0,0,0,0,1,186,0,1,0.0,Big-5-European-Leagues,Big5,2020-2021
93,Michael Langer,at AUT,GK,Schalke 04,de Bundesliga,35,1985,3,2,239,2.7,12,4.52,24,13,50.0,0,0,2,0,0.0,0,0,0,0,,Matches,0,5,1,8.7,0.36,-2.3,-0.85,11,35,31.4,50,7,44.0,38.2,26,50.0,39.3,23,0,0.0,3,1.13,15.1,0,0,0,0,0,0,0.00,0.00,0.00,0.00,0.00,0.0,0.0,0.0,0.0,0.00,0.00,0.00,0.00,0.00,80,7.8,90,2,1,59,18,0.00,1,12,-11,-4.14,-2.55,3.5,6.5,-3.1,-1.16,+0.05,0,0,0,0,0,0,0,0,0,9,0,0,,Big-5-European-Leagues,Big5,2020-2021
94,Gautier Larsonneur,fr FRA,GK,Brest,fr Ligue 1,23,1997,35,35,3150,35.0,62,1.77,159,104,66.0,10,7,18,6,17.1,10,8,1,1,11.1,Matches,1,6,2,52.4,0.29,-7.6,-0.22,221,455,48.6,982,165,37.0,36.6,282,32.6,34.5,341,26,7.6,15,0.43,12.9,0,0,0,0,2,0,0.00,0.00,0.00,0.00,0.00,0.0,0.0,0.0,0.0,0.00,0.00,0.00,0.00,0.00,90,92.1,90,,0,,3,1.06,46,62,-16,-0.46,-0.46,43.0,50.0,-7.0,-0.20,+0.18,0,1,7,0,0,1,0,0,1,174,0,0,,Big-5-European-Leagues,Big5,2020-2021
95,Jean-Louis Leca,fr FRA,GK,Lens,fr Ligue 1,34,1985,37,37,3313,36.8,51,1.39,128,89,68.0,15,12,10,8,21.6,11,10,1,0,9.1,Matches,0,6,3,46.3,0.30,-1.7,-0.05,204,524,38.9,772,135,51.8,41.3,259,47.9,40.4,276,18,6.5,21,0.57,14.9,0,0,0,0,2,0,0.00,0.00,0.00,0.00,0.00,0.0,0.0,0.1,0.1,0.00,0.00,0.00,0.00,0.00,90,96.9,90,,0,,0,1.54,54,51,+3,+0.08,+1.76,54.0,45.2,+8.9,+0.24,+0.61,0,1,10,0,0,0,0,0,1,150,0,0,,Big-5-European-Leagues,Big5,2020-2021
96,Benjamin Lecomte,fr FRA,GK,Monaco,fr Ligue 1,29,1991,28,28,2520,28.0,27,0.96,62,39,61.3,18,5,5,13,46.4,3,3,0,0,0.0,Matches,1,1,1,19.2,0.27,-6.8,-0.24,170,400,42.5,827,109,39.3,35.9,170,44.1,40.3,196,11,5.6,36,1.29,18.1,0,0,0,0,1,0,0.00,0.00,0.00,0.00,0.00,0.0,0.0,0.0,0.0,0.00,0.00,0.00,0.00,0.00,90,73.7,90,,0,,0,2.11,56,27,+29,+1.04,+0.54,49.6,23.0,+26.6,+0.95,+0.23,0,1,3,0,0,0,0,0,1,155,0,0,,Big-5-European-Leagues,Big5,2020-2021
97,JeremÃ­as Ledesma,ar ARG,GK,CÃ¡diz,es La Liga,27,1993,32,32,2880,32.0,45,1.41,118,79,68.6,10,10,12,9,28.1,9,8,1,0,11.1,Matches,2,4,1,38.8,0.27,-5.2,-0.16,341,860,39.7,698,62,82.4,57.7,299,95.3,69.9,333,33,9.9,14,0.44,13.5,0,0,0,0,0,0,0.00,0.00,0.00,0.00,0.00,0.0,0.0,0.0,0.0,0.00,0.00,0.00,0.00,0.00,90,84.2,90,32,0,,3,1.25,28,45,-17,-0.53,+0.30,27.5,45.5,-18.0,-0.56,-0.07,0,1,4,0,0,0,0,0,1,172,0,0,,Big-5-European-Leagues,Big5,2020-2021
98,Bernd Leno,de GER,GK,Arsenal,eng Premier League,28,1992,35,35,3131,34.8,37,1.06,117,84,69.2,17,6,12,11,31.4,2,1,1,0,50.0,Matches,0,5,4,37.1,0.31,+4.1,+0.12,110,338,32.5,930,166,22.0,28.6,226,58.8,46.6,310,26,8.4,22,0.63,14.5,0,0,0,0,0,1,0.00,0.00,0.00,0.00,0.00,0.0,0.0,0.0,0.0,0.00,0.00,0.00,0.00,0.00,89,91.5,89,,0,,2,1.63,52,37,+15,+0.43,+0.12,47.6,42.0,+5.6,+0.16,-0.96,0,2,4,0,0,0,0,0,0,149,0,0,,Big-5-European-Leagues,Big5,2020-2021
99,Karlo Letica,hr CRO,GK,Sampdoria,it Serie A,23,1997,1,1,90,1.0,0,0.00,1,1,100.0,1,0,0,1,100.0,0,0,0,0,,Matches,0,0,0,0.9,0.90,+0.9,+0.90,2,5,40.0,29,7,13.8,27.0,5,20.0,33.8,12,0,0.0,0,0.00,10.8,0,0,0,0,0,0,0.00,0.00,0.00,0.00,0.00,0.0,0.0,0.0,0.0,0.00,0.00,0.00,0.00,0.00,90,2.6,90,1,0,,30,3.00,3,0,+3,+3.00,+3.14,1.3,0.8,+0.5,+0.53,+0.84,0,0,0,0,0,0,0,0,0,5,0,0,,Big-5-European-Leagues,Big5,2020-2021
100,Hugo Lloris,fr FRA,GK,Tottenham,eng Premier League,33,1986,38,38,3420,38.0,45,1.18,144,111,75.7,18,8,12,12,31.6,10,10,0,0,0.0,Matches,0,3,3,47.0,0.28,+5.0,+0.13,202,489,41.3,799,158,46.3,37.3,268,44.4,36.7,366,18,4.9,16,0.42,13.4,0,0,0,0,0,0,0.00,0.00,0.00,0.00,0.00,0.0,0.0,0.0,0.0,0.00,0.00,0.00,0.00,0.00,90,100.0,90,,0,,0,1.63,68,45,+23,+0.61,,54.5,49.5,+5.0,+0.13,,0,0,3,0,0,0,0,0,0,152,0,0,,Big-5-European-Leagues,Big5,2020-2021
101,Niklas Lomb,de GER,GK,Leverkusen,de Bundesliga,27,1993,2,1,135,1.5,3,2.00,8,5,62.5,0,1,0,0,0.0,0,0,0,0,,Matches,0,0,0,3.1,0.38,+0.1,+0.04,5,17,29.4,53,13,26.4,30.5,7,42.9,37.9,12,1,8.3,1,0.67,14.2,0,0,0,0,0,0,0.00,0.00,0.00,0.00,0.00,0.0,0.0,0.0,0.0,0.00,0.00,0.00,0.00,0.00,68,4.4,90,1,1,45,25,1.00,2,3,-1,-0.67,-1.13,1.0,3.8,-2.8,-1.85,-2.15,0,0,0,0,0,0,0,0,0,9,0,0,,Big-5-European-Leagues,Big5,2020-2021
102,Anthony Lopes,pt POR,GK,Lyon,fr Ligue 1,29,1990,38,38,3420,38.0,43,1.13,130,94,70.8,22,10,6,11,28.9,8,5,2,1,28.6,Matches,2,4,2,43.2,0.30,+2.2,+0.06,214,407,52.6,926,181,32.7,33.4,250,41.6,36.8,308,16,5.2,39,1.03,17.1,0,0,0,0,2,0,0.00,0.00,0.00,0.00,0.00,0.0,0.0,0.0,0.0,0.00,0.00,0.00,0.00,0.00,90,100.0,90,,0,,0,2.00,81,43,+38,+1.00,,84.6,43.2,+41.4,+1.09,,0,2,7,0,0,0,0,0,2,192,0,0,,Big-5-European-Leagues,Big5,2020-2021
103,Pau LÃ³pez,es ESP,GK,Roma,it Serie A,25,1994,21,20,1817,20.2,29,1.44,81,58,67.9,10,4,6,4,20.0,3,3,0,0,0.0,Matches,1,4,3,26.7,0.30,+0.7,+0.04,82,200,41.0,562,106,28.6,31.5,101,38.6,36.5,115,8,7.0,16,0.79,16.3,0,0,0,0,0,0,0.00,0.00,0.00,0.00,0.00,0.0,0.0,0.0,0.0,0.00,0.00,0.00,0.00,0.00,87,53.1,90,20,1,17,12,1.76,37,29,+8,+0.40,+0.28,35.7,24.6,+11.1,+0.55,+0.19,0,0,1,0,0,0,0,0,0,97,0,0,,Big-5-European-Leagues,Big5,2020-2021
104,Andreas Luthe,de GER,GK,Union Berlin,de Bundesliga,33,1987,31,31,2768,30.8,42,1.37,123,84,69.1,11,12,8,5,16.1,5,4,1,0,20.0,Matches,0,8,1,41.1,0.31,+0.1,0.00,211,510,41.4,922,106,40.8,37.3,216,62.0,44.5,237,16,6.8,11,0.36,13.3,0,0,0,0,1,0,0.00,0.00,0.00,0.00,0.00,0.0,0.0,0.0,0.0,0.00,0.00,0.00,0.00,0.00,89,90.5,89,30,0,,0,1.45,48,42,+6,+0.20,-0.11,41.2,38.9,+2.3,+0.07,-0.60,0,1,3,0,0,0,0,0,1,141,0,0,,Big-5-European-Leagues,Big5,2020-2021
105,Mike Maignan,fr FRA,GK,Lille,fr Ligue 1,24,1995,38,38,3420,38.0,23,0.61,107,86,79.4,24,11,3,21,55.3,2,1,1,0,50.0,Matches,0,7,2,25.8,0.23,+4.8,+0.13,153,437,35.0,832,191,34.9,35.3,238,61.8,52.2,286,23,8.0,26,0.68,15.5,0,0,0,0,1,0,0.00,0.00,0.00,0.00,0.00,0.0,0.0,0.2,0.2,0.00,0.01,0.01,0.00,0.01,90,100.0,90,,0,,0,2.18,64,23,+41,+1.08,,50.0,26.7,+23.4,+0.61,,0,2,9,0,0,0,0,0,0,195,0,0,,Big-5-European-Leagues,Big5,2020-2021
106,RadosÅaw Majecki,pl POL,GK,Monaco,fr Ligue 1,20,1999,1,1,90,1.0,1,1.00,2,1,50.0,1,0,0,0,0.0,0,0,0,0,,Matches,0,0,0,0.3,0.16,-0.7,-0.68,4,15,26.7,25,2,36.0,32.5,12,50.0,39.9,7,0,0.0,1,1.00,16.0,0,0,0,0,0,0,0.00,0.00,0.00,0.00,0.00,0.0,0.0,0.0,0.0,0.00,0.00,0.00,0.00,0.00,90,2.6,90,,0,,27,3.00,2,1,+1,+1.00,+0.11,2.0,0.6,+1.3,+1.31,+0.43,0,0,0,0,0,0,0,0,0,3,0,0,,Big-5-European-Leagues,Big5,2020-2021
107,Steve Mandanda,fr FRA,GK,Marseille,fr Ligue 1,35,1985,37,37,3330,37.0,45,1.22,126,85,66.7,16,12,9,8,21.6,3,3,0,0,0.0,Matches,1,8,1,43.0,0.33,-1.0,-0.03,203,563,36.1,1034,187,38.3,35.5,290,57.6,44.7,367,26,7.1,22,0.59,14.1,0,0,0,0,1,0,0.00,0.00,0.00,0.00,0.00,0.0,0.0,0.0,0.0,0.00,0.00,0.00,0.00,0.00,90,97.4,90,,0,,0,1.62,53,45,+8,+0.22,+1.22,45.3,44.5,+0.8,+0.02,-0.63,0,0,4,0,0,0,0,0,0,195,0,0,,Big-5-European-Leagues,Big5,2020-2021
108,NiccolÃ² Manfredini,it ITA,GK,Benevento,it Serie A,32,1988,1,1,90,1.0,1,1.00,5,4,80.0,0,1,0,0,0.0,0,0,0,0,,Matches,0,1,0,1.6,0.33,+0.6,+0.64,1,5,20.0,24,10,8.3,26.0,7,42.9,42.0,13,3,23.1,1,1.00,14.9,0,0,0,0,0,0,0.00,0.00,0.00,0.00,0.00,0.0,0.0,0.0,0.0,0.00,0.00,0.00,0.00,0.00,90,2.6,90,1,0,,37,1.00,1,1,0,0.00,+0.95,0.6,1.9,-1.3,-1.26,-0.63,0,0,0,0,0,0,0,0,0,6,0,0,,Big-5-European-Leagues,Big5,2020-2021
109,Vito Mannone,it ITA,GK,Monaco,fr Ligue 1,32,1988,9,9,810,9.0,14,1.56,30,18,60.0,5,1,3,2,22.2,2,2,0,0,0.0,Matches,0,1,0,11.9,0.34,-2.1,-0.23,55,138,39.9,226,26,41.2,36.4,61,73.8,54.0,63,3,4.8,6,0.67,18.8,0,0,0,0,0,0,0.00,0.00,0.00,0.00,0.00,0.0,0.0,0.0,0.0,0.00,0.00,0.00,0.00,0.00,90,23.7,90,,0,,13,1.78,18,14,+4,+0.44,-0.59,15.3,9.5,+5.9,+0.65,-0.31,0,0,1,0,0,0,0,0,0,35,0,0,,Big-5-European-Leagues,Big5,2020-2021
110,Federico Marchetti,it ITA,GK,Genoa,it Serie A,37,1983,4,4,334,3.7,11,2.96,19,8,42.1,0,1,3,0,0.0,0,0,0,0,,Matches,0,1,0,8.0,0.42,-3.0,-0.80,13,34,38.2,101,19,17.8,26.8,35,45.7,35.7,27,0,0.0,3,0.81,13.6,0,0,0,0,0,0,0.00,0.00,0.00,0.00,0.00,0.0,0.0,0.0,0.0,0.00,0.00,0.00,0.00,0.00,84,9.8,84,3,0,,25,0.25,3,11,-8,-2.16,-2.07,3.2,6.8,-3.6,-0.97,-0.59,0,0,0,0,0,0,0,0,0,13,0,0,,Big-5-European-Leagues,Big5,2020-2021
111,Emiliano MartÃ­nez,ar ARG,GK,Aston Villa,eng Premier League,27,1992,38,38,3420,38.0,46,1.21,177,135,76.8,16,7,15,15,39.5,6,5,1,0,16.7,Matches,2,4,1,52.4,0.27,+7.4,+0.20,289,728,39.7,1041,162,52.7,42.5,254,70.5,52.9,393,33,8.4,21,0.55,13.1,0,0,0,0,1,0,0.00,0.00,0.00,0.00,0.00,0.0,0.0,0.2,0.2,0.00,0.01,0.01,0.00,0.01,90,100.0,90,,0,,0,1.45,55,46,+9,+0.24,,52.9,52.9,+0.1,0.00,,0,1,9,0,0,0,0,0,0,178,0,0,,Big-5-European-Leagues,Big5,2020-2021
112,Josep Martinez,es ESP,GK,RB Leipzig,de Bundesliga,22,1998,1,1,90,1.0,2,2.00,4,2,50.0,0,0,1,0,0.0,0,0,0,0,,Matches,0,1,0,2.0,0.49,0.0,-0.03,3,13,23.1,44,5,29.5,32.0,5,0.0,17.4,9,0,0.0,1,1.00,14.2,0,0,0,0,0,0,0.00,0.00,0.00,0.00,0.00,0.0,0.0,0.0,0.0,0.00,0.00,0.00,0.00,0.00,90,2.9,90,1,0,,28,0.00,1,2,-1,-1.00,-1.88,2.6,0.9,+1.7,+1.66,+0.61,0,0,0,0,0,0,0,0,0,7,0,0,,Big-5-European-Leagues,Big5,2020-2021
113,Jordi Masip,es ESP,GK,Valladolid,es La Liga,31,1989,25,25,2250,25.0,40,1.60,112,74,67.9,4,9,12,2,8.0,4,4,0,0,0.0,Matches,1,3,0,40.1,0.32,+0.1,0.00,177,555,31.9,582,91,64.6,47.6,218,82.1,61.8,263,14,5.3,13,0.52,13.7,0,0,0,0,3,0,0.00,0.00,0.00,0.00,0.00,0.0,0.0,0.0,0.0,0.00,0.00,0.00,0.00,0.00,90,65.8,90,25,0,,9,0.84,24,40,-16,-0.64,-0.10,24.2,35.6,-11.4,-0.46,-0.21,0,1,2,0,0,0,0,0,0,115,0,0,,Big-5-European-Leagues,Big5,2020-2021
114,Alex McCarthy,eng ENG,GK,Southampton,eng Premier League,30,1989,30,30,2700,30.0,57,1.90,141,90,63.8,8,7,15,7,23.3,6,6,0,0,0.0,Matches,1,4,1,47.9,0.31,-8.1,-0.27,155,525,29.5,898,124,45.8,36.8,171,66.7,47.6,239,22,9.2,20,0.67,15.1,0,0,0,0,2,0,0.00,0.00,0.00,0.00,0.00,0.0,0.0,0.0,0.0,0.00,0.00,0.00,0.00,0.00,90,78.9,90,,0,,7,1.03,37,57,-20,-0.67,-0.54,31.7,41.7,-10.0,-0.33,-0.11,0,0,2,0,0,0,0,0,0,130,0,0,,Big-5-European-Leagues,Big5,2020-2021
115,Edouard Mendy,sn SEN,GK,Rennes,fr Ligue 1,28,1992,1,1,90,1.0,1,1.00,1,0,0.0,0,1,0,0,0.0,0,0,0,0,,Matches,0,0,0,0.6,0.56,-0.4,-0.44,7,12,58.3,23,2,43.5,37.9,6,33.3,35.2,6,1,16.7,0,0.00,10.0,0,0,0,0,0,0,0.00,0.00,0.00,0.00,0.00,0.0,0.0,0.1,0.1,0.00,0.05,0.05,0.00,0.05,90,2.6,90,,0,,0,1.00,1,1,0,0.00,-0.32,1.4,0.5,+0.9,+0.87,+0.63,0,0,1,0,0,0,0,0,0,3,0,0,,Big-5-European-Leagues,Big5,2020-2021
116,Edouard Mendy,sn SEN,GK,Chelsea,eng Premier League,28,1992,31,31,2745,30.5,25,0.82,78,55,70.5,17,7,7,16,51.6,3,2,1,0,33.3,Matches,1,4,1,24.1,0.27,+0.1,0.00,126,265,47.5,826,125,24.5,28.7,181,34.8,32.3,207,13,6.3,20,0.66,15.3,0,0,0,0,2,0,0.00,0.00,0.00,0.00,0.00,0.0,0.0,0.0,0.0,0.00,0.00,0.00,0.00,0.00,89,80.3,89,,0,,3,1.87,46,25,+21,+0.69,+0.56,50.9,22.7,+28.2,+0.93,+0.54,0,1,2,0,0,0,0,0,1,118,0,1,0.0,Big-5-European-Leagues,Big5,2020-2021
117,Alex Meret,it ITA,GK,Napoli,it Serie A,23,1997,22,22,1980,22.0,29,1.32,79,53,65.8,13,5,4,6,27.3,2,2,0,0,0.0,Matches,1,3,1,22.8,0.28,-5.2,-0.23,63,117,53.8,511,97,18.0,26.7,96,26.0,28.2,149,15,10.1,6,0.27,13.0,0,0,0,0,0,0,0.00,0.00,0.00,0.00,0.00,0.0,0.0,0.1,0.1,0.00,0.01,0.01,0.00,0.01,90,57.9,90,22,0,,16,2.00,53,29,+24,+1.09,-0.22,39.1,27.1,+12.0,+0.54,-0.34,0,0,1,0,0,0,0,0,0,85,0,0,,Big-5-European-Leagues,Big5,2020-2021
118,Illan Meslier,fr FRA,GK,Leeds United,eng Premier League,20,2000,35,35,3150,35.0,52,1.49,177,134,75.1,16,5,14,11,31.4,9,8,1,0,11.1,Matches,1,11,2,55.3,0.27,+5.3,+0.15,181,409,44.3,1082,269,28.4,30.6,266,38.3,34.0,198,21,10.6,20,0.57,13.6,0,0,0,0,0,0,0.00,0.00,0.00,0.00,0.00,0.0,0.0,0.1,0.1,0.00,0.00,0.00,0.00,0.00,90,92.1,90,,0,,2,1.51,57,52,+5,+0.14,-0.86,53.9,58.7,-4.8,-0.14,+0.06,0,1,8,0,0,0,0,0,1,173,0,0,,Big-5-European-Leagues,Big5,2020-2021
119,Vanja MilinkoviÄ-SaviÄ,rs SRB,GK,Torino,it Serie A,23,1997,5,5,450,5.0,6,1.20,19,14,73.7,2,2,1,1,20.0,1,1,0,0,0.0,Matches,0,0,0,4.7,0.20,-1.3,-0.26,23,77,29.9,147,18,40.8,40.7,32,53.1,46.8,34,2,5.9,5,1.00,14.3,0,0,0,0,0,1,0.00,0.00,0.00,0.00,0.00,0.0,0.0,0.0,0.0,0.00,0.00,0.00,0.00,0.00,90,13.2,90,5,0,,26,1.33,9,9,0,0.00,+0.58,9.5,7.6,+1.9,+0.39,+0.71,0,0,2,0,0,0,1,0,0,28,0,0,,Big-5-European-Leagues,Big5,2020-2021
120,Antonio Mirante,it ITA,GK,Roma,it Serie A,37,1983,13,13,1153,12.8,19,1.48,54,36,68.5,6,3,4,5,38.5,3,2,1,0,33.3,Matches,1,0,0,15.9,0.25,-3.1,-0.24,70,149,47.0,346,69,35.3,33.2,90,30.0,29.8,112,2,1.8,15,1.17,15.8,0,0,0,0,2,0,0.00,0.00,0.00,0.00,0.00,0.0,0.0,0.0,0.0,0.00,0.00,0.00,0.00,0.00,89,33.7,89,12,0,,18,1.62,21,19,+2,+0.16,-0.16,25.5,18.7,+6.9,+0.54,+0.11,0,0,2,0,0,0,0,0,0,83,0,0,,Big-5-European-Leagues,Big5,2020-2021
121,Lorenzo MontipÃ²,it ITA,GK,Benevento,it Serie A,24,1996,37,37,3330,37.0,74,2.00,170,104,58.8,7,11,19,7,18.9,5,4,1,0,20.0,Matches,0,11,6,64.4,0.36,-3.6,-0.10,249,668,37.3,964,172,51.9,40.8,272,61.8,46.0,375,36,9.6,21,0.57,14.7,0,0,0,0,3,0,0.00,0.00,0.00,0.00,0.00,0.0,0.0,0.0,0.0,0.00,0.00,0.00,0.00,0.00,90,97.4,90,37,0,,0,0.86,39,74,-35,-0.95,-0.95,41.0,64.2,-23.2,-0.63,+0.63,0,3,6,0,0,0,0,0,2,160,0,0,,Big-5-European-Leagues,Big5,2020-2021
122,Jessy Moulin,fr FRA,GK,Saint-Ãtienne,fr Ligue 1,34,1986,29,29,2610,29.0,42,1.45,100,61,62.0,8,9,12,9,31.0,4,4,0,0,0.0,Matches,3,6,2,38.1,0.34,-1.9,-0.06,140,370,37.8,679,146,35.3,36.6,202,64.4,49.5,220,13,5.9,9,0.31,13.5,0,0,0,0,1,0,0.00,0.00,0.00,0.00,0.00,0.0,0.0,0.0,0.0,0.00,0.00,0.00,0.00,0.00,90,76.3,90,,0,,0,1.14,30,42,-12,-0.41,-0.41,34.2,34.1,+0.1,0.00,+0.04,0,0,5,1,0,0,0,0,0,164,0,0,,Big-5-European-Leagues,Big5,2020-2021
123,Florian MÃ¼ller,de GER,GK,Freiburg,de Bundesliga,22,1997,31,31,2790,31.0,46,1.48,152,110,71.1,11,8,12,6,19.4,3,2,1,0,33.3,Matches,2,3,2,47.1,0.30,+3.1,+0.10,189,587,32.2,1066,149,36.3,36.9,272,73.5,57.3,245,12,4.9,23,0.74,15.1,0,0,0,0,0,0,0.00,0.00,0.00,0.00,0.00,0.0,0.0,0.0,0.0,0.00,0.00,0.00,0.00,0.00,90,91.2,90,31,0,,0,1.32,45,46,-1,-0.03,-0.37,41.3,46.7,-5.3,-0.17,+0.55,0,1,3,0,0,1,0,0,0,170,0,0,,Big-5-European-Leagues,Big5,2020-2021
124,Juan Musso,ar ARG,GK,Udinese,it Serie A,26,1994,35,35,3147,35.0,51,1.46,140,102,72.9,9,10,16,8,22.9,13,13,0,0,0.0,Matches,2,2,0,53.7,0.31,+2.7,+0.08,185,419,44.2,771,171,40.2,35.6,253,43.1,36.4,292,28,9.6,15,0.43,12.9,0,0,0,0,5,0,0.00,0.00,0.00,0.00,0.00,0.0,0.0,0.0,0.0,0.00,0.00,0.00,0.00,0.00,90,92.0,90,34,0,,0,1.06,36,51,-15,-0.43,-0.10,39.4,48.2,-8.8,-0.25,-0.11,0,4,4,0,0,0,0,0,4,170,1,0,100.0,Big-5-European-Leagues,Big5,2020-2021
125,Paul Nardi,fr FRA,GK,Lorient,fr Ligue 1,26,1994,23,23,2070,23.0,44,1.91,108,69,63.0,6,4,13,3,13.0,6,4,1,1,20.0,Matches,0,3,0,31.5,0.27,-11.5,-0.50,116,355,32.7,442,108,48.9,40.3,197,70.6,54.3,180,9,5.0,14,0.61,14.9,0,0,0,0,1,0,0.00,0.00,0.00,0.00,0.00,0.0,0.0,0.1,0.1,0.00,0.00,0.00,0.00,0.00,90,60.5,90,,0,,7,0.96,29,43,-14,-0.61,-0.34,30.4,32.3,-1.9,-0.08,+0.07,0,0,0,0,0,1,0,0,0,111,0,1,0.0,Big-5-European-Leagues,Big5,2020-2021
126,Keylor Navas,cr CRC,GK,Paris S-G,fr Ligue 1,33,1986,29,29,2520,28.0,18,0.64,89,71,80.9,21,3,5,15,51.7,2,1,1,0,50.0,Matches,0,3,0,22.0,0.23,+4.0,+0.14,105,190,55.3,573,113,26.4,30.3,172,22.7,28.4,202,7,3.5,12,0.43,13.1,0,0,0,0,0,0,0.00,0.00,0.00,0.00,0.00,0.0,0.0,0.3,0.3,0.00,0.01,0.01,0.00,0.01,87,73.7,87,,0,,1,2.28,64,18,+46,+1.64,+0.44,58.4,25.7,+32.7,+1.17,-0.07,0,0,2,0,0,0,0,0,0,106,0,0,,Big-5-European-Leagues,Big5,2020-2021
127,Neto,br BRA,GK,Barcelona,es La Liga,31,1989,7,7,630,7.0,6,0.86,21,16,81.0,3,2,2,3,42.9,2,2,0,0,0.0,Matches,0,1,0,6.7,0.24,+0.7,+0.10,22,47,46.8,186,36,21.0,27.6,53,15.1,24.4,64,4,6.3,4,0.57,15.0,0,0,0,0,0,0,0.00,0.00,0.00,0.00,0.00,0.0,0.0,0.0,0.0,0.00,0.00,0.00,0.00,0.00,90,18.4,90,7,0,,28,1.57,11,6,+5,+0.71,-0.64,9.7,8.8,+0.9,+0.13,-1.11,0,0,0,0,0,0,0,0,0,26,0,0,,Big-5-European-Leagues,Big5,2020-2021
128,Manuel Neuer,de GER,GK,Bayern Munich,de Bundesliga,34,1986,33,33,2970,33.0,42,1.27,126,83,67.5,24,5,4,9,27.3,3,1,1,1,50.0,Matches,0,5,0,44.2,0.34,+2.2,+0.07,239,391,61.1,1131,189,30.9,32.1,186,22.6,29.1,228,6,2.6,42,1.27,16.5,0,0,0,0,1,0,0.00,0.00,0.00,0.00,0.00,0.0,0.0,0.2,0.2,0.00,0.01,0.01,0.00,0.01,90,97.1,90,33,0,,1,2.33,97,42,+55,+1.67,+1.67,72.4,39.6,+32.8,+0.99,-1.01,0,1,2,0,0,1,0,0,1,214,0,0,,Big-5-European-Leagues,Big5,2020-2021
129,Will Norris,eng ENG,GK,Burnley,eng Premier League,26,1993,2,2,180,2.0,4,2.00,6,2,33.3,0,0,2,0,0.0,0,0,0,0,,Matches,0,2,0,1.1,0.19,-2.9,-1.44,21,50,42.0,37,1,89.2,62.6,19,89.5,67.7,18,1,5.6,1,0.50,15.1,0,0,0,0,0,0,0.00,0.00,0.00,0.00,0.00,0.0,0.0,0.1,0.1,0.00,0.04,0.04,0.00,0.04,90,5.3,90,,0,,15,0.00,0,4,-4,-2.00,-1.50,1.7,3.5,-1.8,-0.91,-0.46,0,0,0,0,0,0,0,0,0,6,0,0,,Big-5-European-Leagues,Big5,2020-2021
130,Alexander NÃ¼bel,de GER,GK,Bayern Munich,de Bundesliga,23,1996,1,1,90,1.0,2,2.00,4,2,50.0,0,1,0,0,0.0,0,0,0,0,,Matches,0,1,0,1.9,0.47,-0.1,-0.11,1,3,33.3,27,2,11.1,26.7,8,0.0,28.1,10,0,0.0,0,0.00,9.5,0,0,0,0,0,0,0.00,0.00,0.00,0.00,0.00,0.0,0.0,0.0,0.0,0.00,0.00,0.00,0.00,0.00,90,2.9,90,1,0,,26,1.00,2,2,0,0.00,-1.67,3.4,1.4,+2.0,+2.01,+1.01,0,0,0,0,0,0,0,0,0,4,0,0,,Big-5-European-Leagues,Big5,2020-2021
131,Jan Oblak,si SVN,GK,AtlÃ©tico Madrid,es La Liga,27,1993,38,38,3420,38.0,25,0.66,120,97,80.0,26,8,4,18,47.4,4,1,2,1,66.7,Matches,0,6,3,31.8,0.25,+9.8,+0.26,269,620,43.4,714,122,59.5,44.6,289,67.5,50.2,327,19,5.8,18,0.47,15.3,0,0,0,0,0,0,0.00,0.00,0.00,0.00,0.00,0.0,0.0,0.0,0.0,0.00,0.00,0.00,0.00,0.00,90,100.0,90,38,0,,0,2.26,67,25,+42,+1.11,,52.4,32.7,+19.6,+0.52,,0,0,5,0,0,0,0,0,0,145,0,0,,Big-5-European-Leagues,Big5,2020-2021
132,Robin Olsen,se SWE,GK,Everton,eng Premier League,30,1990,7,7,630,7.0,9,1.29,27,18,70.4,2,3,2,2,28.6,1,1,0,0,0.0,Matches,0,0,0,9.5,0.33,+0.5,+0.08,50,104,48.1,148,21,49.3,41.1,51,60.8,46.3,51,4,7.8,1,0.14,11.0,0,0,0,0,1,0,0.00,0.00,0.00,0.00,0.00,0.0,0.0,0.0,0.0,0.00,0.00,0.00,0.00,0.00,90,18.4,90,,0,,21,1.29,9,9,0,0.00,+0.03,8.7,10.3,-1.6,-0.22,-0.12,0,0,1,0,0,0,0,0,0,22,0,0,,Big-5-European-Leagues,Big5,2020-2021
133,Jonas Omlin,ch SUI,GK,Montpellier,fr Ligue 1,26,1994,31,31,2673,29.7,51,1.72,147,107,72.8,10,10,11,2,6.5,11,11,0,0,0.0,Matches,0,5,2,51.2,0.29,+2.2,+0.08,234,505,46.3,739,173,46.1,39.0,243,67.5,51.9,266,24,9.0,14,0.47,13.8,0,0,0,0,0,1,0.00,0.00,0.00,0.00,0.00,0.0,0.0,0.0,0.0,0.00,0.00,0.00,0.00,0.00,86,78.2,86,,0,,0,1.29,50,51,-1,-0.03,+0.09,41.2,56.7,-15.6,-0.52,-0.26,0,3,2,0,0,0,0,0,1,168,0,0,,Big-5-European-Leagues,Big5,2020-2021
134,Stefan Ortega,de GER,GK,Arminia,de Bundesliga,27,1992,34,34,3060,34.0,52,1.53,166,119,71.7,9,8,17,11,32.4,6,5,1,0,16.7,Matches,0,6,1,52.1,0.29,+1.1,+0.03,488,1038,47.0,1720,116,51.1,43.4,246,64.6,51.6,338,28,8.3,34,1.00,15.3,0,1,0,0,1,0,0.00,0.03,0.03,0.00,0.03,0.0,0.0,0.6,0.6,0.00,0.02,0.02,0.00,0.02,90,100.0,90,34,0,,0,1.03,26,52,-26,-0.76,,30.7,55.7,-25.0,-0.73,,0,0,2,0,0,0,1,0,0,244,0,0,,Big-5-European-Leagues,Big5,2020-2021
135,David Ospina,co COL,GK,Napoli,it Serie A,31,1988,16,16,1440,16.0,12,0.75,39,30,76.9,11,0,5,8,50.0,3,3,0,0,0.0,Matches,0,0,0,13.2,0.27,+1.2,+0.07,73,155,47.1,483,49,29.6,31.4,56,21.4,25.6,117,11,9.4,12,0.75,15.4,0,1,0,0,2,0,0.00,0.06,0.06,0.00,0.06,0.0,0.0,0.1,0.1,0.00,0.01,0.01,0.00,0.01,90,42.1,90,16,0,,17,2.06,33,12,+21,+1.31,+0.22,28.6,14.5,+14.1,+0.88,+0.34,0,1,4,0,0,0,0,0,1,73,0,0,,Big-5-European-Leagues,Big5,2020-2021
136,Alexandre Oukidja,dz ALG,GK,Metz,fr Ligue 1,32,1988,34,34,3058,34.0,39,1.15,117,87,74.4,12,10,12,8,23.5,10,9,1,0,10.0,Matches,0,5,1,40.5,0.27,+3.5,+0.10,265,601,44.1,748,189,52.9,42.9,287,71.4,53.2,322,38,11.8,37,1.09,16.7,0,0,0,0,3,1,0.00,0.00,0.00,0.00,0.00,0.0,0.0,0.2,0.2,0.00,0.01,0.01,0.00,0.01,90,89.4,90,,0,,0,1.35,41,38,+3,+0.09,+1.83,37.6,41.2,-3.7,-0.11,+0.99,0,1,9,0,0,0,0,0,1,188,0,1,0.0,Big-5-European-Leagues,Big5,2020-2021
137,Fernando Pacheco,es ESP,GK,AlavÃ©s,es La Liga,28,1992,38,37,3349,37.2,57,1.53,142,86,62.0,9,11,17,9,24.3,3,3,0,0,0.0,Matches,0,6,0,54.9,0.38,-2.1,-0.06,329,642,51.2,781,112,58.3,44.9,300,62.3,47.1,330,31,9.4,23,0.62,14.8,0,0,0,0,1,0,0.00,0.00,0.00,0.00,0.00,0.0,0.0,0.0,0.0,0.00,0.00,0.00,0.00,0.00,88,97.9,90,37,1,19,0,1.00,36,57,-21,-0.56,-0.56,42.0,50.6,-8.6,-0.23,-0.51,0,0,3,0,0,0,0,0,0,156,0,0,,Big-5-European-Leagues,Big5,2020-2021
138,Daniele Padelli,it ITA,GK,Inter,it Serie A,34,1985,1,0,45,0.5,1,2.00,1,1,100.0,0,0,0,0,,1,1,0,0,0.0,Matches,0,0,0,1.0,0.14,0.0,+0.08,2,2,100.0,9,1,11.1,19.7,4,25.0,32.5,4,0,0.0,1,2.00,26.0,0,0,0,0,0,0,0.00,0.00,0.00,0.00,0.00,0.0,0.0,0.0,0.0,0.00,0.00,0.00,0.00,0.00,45,1.3,,0,1,45,32,3.00,3,1,+2,+4.00,+2.61,2.0,1.0,+1.0,+2.09,+1.15,0,0,0,0,0,0,0,0,0,0,0,0,,Big-5-European-Leagues,Big5,2020-2021
139,Alberto Paleari,it ITA,GK,Genoa,it Serie A,27,1992,3,2,206,2.3,3,1.31,12,8,75.0,1,0,1,1,50.0,0,0,0,0,,Matches,0,0,0,3.9,0.34,+0.9,+0.37,9,36,25.0,59,12,47.5,39.0,19,42.1,37.3,24,0,0.0,0,0.00,9.5,0,0,0,0,0,0,0.00,0.00,0.00,0.00,0.00,0.0,0.0,0.0,0.0,0.00,0.00,0.00,0.00,0.00,69,6.0,90,2,1,26,27,1.33,3,3,0,0.00,+0.31,3.6,4.6,-1.0,-0.45,-0.01,0,0,1,0,0,0,0,0,0,13,0,0,,Big-5-European-Leagues,Big5,2020-2021
140,Ivor Pandur,hr CRO,GK,Hellas Verona,it Serie A,20,2000,4,4,332,3.7,6,1.63,13,7,53.8,0,3,1,0,0.0,0,0,0,0,,Matches,0,1,0,5.3,0.41,-0.7,-0.20,13,60,21.7,79,8,48.1,38.1,22,100.0,64.2,26,1,3.8,2,0.54,16.8,0,0,0,0,0,0,0.00,0.00,0.00,0.00,0.00,0.0,0.0,0.0,0.0,0.00,0.00,0.00,0.00,0.00,83,9.7,83,3,0,,34,0.75,4,6,-2,-0.54,-0.54,4.5,3.7,+0.8,+0.22,+0.44,0,0,0,0,0,0,0,0,0,15,0,0,,Big-5-European-Leagues,Big5,2020-2021
141,Rui PatrÃ­cio,pt POR,GK,Wolves,eng Premier League,32,1988,37,37,3329,37.0,51,1.38,140,96,68.6,12,9,16,10,27.0,8,7,1,0,12.5,Matches,1,9,3,44.6,0.28,-3.4,-0.09,205,453,45.3,536,130,52.8,40.5,265,64.2,44.9,374,22,5.9,6,0.16,11.5,0,0,0,0,1,0,0.00,0.00,0.00,0.00,0.00,0.0,0.0,0.0,0.0,0.00,0.00,0.00,0.00,0.00,90,97.3,90,,0,,1,1.22,36,51,-15,-0.41,+0.58,39.2,45.0,-5.8,-0.16,+0.06,0,0,1,0,0,0,0,0,0,143,0,0,,Big-5-European-Leagues,Big5,2020-2021
142,JiÅÃ­ Pavlenka,cz CZE,GK,Werder Bremen,de Bundesliga,28,1992,34,34,3060,34.0,57,1.68,150,100,64.7,7,10,17,6,17.6,6,4,2,0,33.3,Matches,0,7,3,47.4,0.28,-6.6,-0.19,242,521,46.4,865,165,42.7,37.6,283,53.7,43.4,360,21,5.8,22,0.65,14.1,0,0,0,0,2,0,0.00,0.00,0.00,0.00,0.00,0.0,0.0,0.0,0.0,0.00,0.00,0.00,0.00,0.00,90,100.0,90,34,0,,0,0.91,36,57,-21,-0.62,,33.8,51.0,-17.2,-0.50,,0,2,3,0,0,0,0,0,1,173,0,1,0.0,Big-5-European-Leagues,Big5,2020-2021
143,Bailey Peacock-Farrell,nir NIR,GK,Burnley,eng Premier League,23,1996,4,4,360,4.0,14,3.50,25,11,44.0,0,0,4,0,0.0,0,0,0,0,,Matches,0,2,0,9.5,0.38,-4.5,-1.14,41,94,43.6,84,5,81.0,57.6,29,89.7,68.0,36,0,0.0,3,0.75,15.4,0,0,0,0,0,0,0.00,0.00,0.00,0.00,0.00,0.0,0.0,0.0,0.0,0.00,0.00,0.00,0.00,0.00,90,10.5,90,,0,,31,0.00,2,14,-12,-3.00,-2.71,4.0,9.1,-5.1,-1.27,-0.90,0,0,1,0,0,0,0,0,0,16,0,0,,Big-5-European-Leagues,Big5,2020-2021
144,Gianluca Pegolo,it ITA,GK,Sassuolo,it Serie A,39,1981,1,1,90,1.0,0,0.00,1,1,100.0,0,1,0,1,100.0,0,0,0,0,,Matches,0,0,0,0.0,0.04,0.0,+0.04,0,1,0.0,13,2,7.7,18.5,8,0.0,13.6,4,0,0.0,0,0.00,14.5,0,0,0,0,0,0,0.00,0.00,0.00,0.00,0.00,0.0,0.0,0.0,0.0,0.00,0.00,0.00,0.00,0.00,90,2.6,90,1,0,,34,1.00,0,0,0,0.00,-0.22,0.4,1.2,-0.8,-0.76,-0.90,0,0,0,0,0,0,0,0,0,3,0,0,,Big-5-European-Leagues,Big5,2020-2021
145,Yohann PelÃ©,fr FRA,GK,Marseille,fr Ligue 1,37,1982,1,1,90,1.0,2,2.00,5,2,60.0,0,0,1,0,0.0,0,0,0,0,,Matches,0,0,0,2.4,0.47,+0.4,+0.35,0,0,,22,7,0.0,20.5,3,0.0,14.7,8,1,12.5,1,1.00,13.0,0,0,0,0,0,0,0.00,0.00,0.00,0.00,0.00,0.0,0.0,0.0,0.0,0.00,0.00,0.00,0.00,0.00,90,2.6,90,,0,,34,0.00,1,2,-1,-1.00,-1.22,2.2,1.5,+0.7,+0.65,+0.63,0,0,0,0,0,0,0,0,0,4,0,0,,Big-5-European-Leagues,Big5,2020-2021
146,Philipp Pentke,de GER,GK,Hoffenheim,de Bundesliga,35,1985,3,3,270,3.0,3,1.00,13,10,76.9,1,2,0,0,0.0,0,0,0,0,,Matches,1,0,0,5.0,0.38,+2.0,+0.66,12,25,48.0,90,19,25.6,29.7,20,10.0,19.3,10,0,0.0,1,0.33,16.8,0,0,0,0,0,0,0.00,0.00,0.00,0.00,0.00,0.0,0.0,0.0,0.0,0.00,0.00,0.00,0.00,0.00,90,8.8,90,3,0,,30,1.67,4,3,+1,+0.33,+0.43,5.1,3.5,+1.6,+0.54,+0.64,0,0,0,0,0,0,0,0,0,12,0,0,,Big-5-European-Leagues,Big5,2020-2021
147,Juan PÃ©rez,es ESP,GK,Osasuna,es La Liga,24,1996,3,3,270,3.0,3,1.00,7,4,71.4,1,1,1,1,33.3,1,1,0,0,0.0,Matches,0,0,0,2.6,0.25,-0.4,-0.12,23,60,38.3,58,7,56.9,47.2,29,93.1,70.7,35,0,0.0,1,0.33,14.3,0,0,0,0,0,0,0.00,0.00,0.00,0.00,0.00,0.0,0.0,0.0,0.0,0.00,0.00,0.00,0.00,0.00,90,7.9,90,3,0,,25,1.33,3,3,0,0.00,+0.31,2.6,4.7,-2.1,-0.69,-0.36,0,0,0,0,0,0,0,0,0,17,0,0,,Big-5-European-Leagues,Big5,2020-2021
148,Mattia Perin,it ITA,GK,Genoa,it Serie A,27,1992,32,32,2879,32.0,44,1.38,151,113,75.5,9,11,12,8,25.0,7,7,0,0,0.0,Matches,0,6,2,47.2,0.28,+5.2,+0.16,233,624,37.3,891,136,54.8,41.3,275,49.5,39.7,342,17,5.0,9,0.28,12.4,0,0,0,0,1,1,0.00,0.00,0.00,0.00,0.00,0.0,0.0,0.0,0.0,0.00,0.00,0.00,0.00,0.00,90,84.2,90,31,0,,2,1.19,41,44,-3,-0.09,+1.24,31.0,43.1,-12.1,-0.38,+0.40,0,2,6,0,0,0,0,0,1,158,0,0,,Big-5-European-Leagues,Big5,2020-2021
149,Pavao Pervan,at AUT,GK,Wolfsburg,de Bundesliga,32,1987,2,2,180,2.0,4,2.00,14,9,71.4,0,1,1,0,0.0,0,0,0,0,,Matches,0,2,0,4.7,0.34,+0.7,+0.35,15,32,46.9,53,6,39.6,36.3,18,61.1,49.7,20,2,10.0,0,0.00,11.8,0,0,0,0,0,0,0.00,0.00,0.00,0.00,0.00,0.0,0.0,0.0,0.0,0.00,0.00,0.00,0.00,0.00,90,5.9,90,2,0,,30,0.50,3,4,-1,-0.50,-1.28,2.0,4.2,-2.2,-1.09,-1.39,0,0,0,0,0,0,0,0,0,5,0,0,,Big-5-European-Leagues,Big5,2020-2021
150,Jordan Pickford,eng ENG,GK,Everton,eng Premier League,26,1994,31,31,2742,30.5,39,1.28,128,90,71.1,15,5,11,10,32.3,3,2,0,1,0.0,Matches,1,5,1,38.7,0.29,+0.7,+0.02,275,650,42.3,945,135,53.3,43.4,207,70.5,56.5,295,24,8.1,19,0.62,14.7,0,0,0,0,1,0,0.00,0.00,0.00,0.00,0.00,0.0,0.0,0.0,0.0,0.00,0.00,0.00,0.00,0.00,88,80.2,88,,0,,2,1.61,38,39,-1,-0.03,-0.03,37.5,40.9,-3.4,-0.11,+0.08,0,1,3,0,0,0,0,0,1,160,0,0,,Big-5-European-Leagues,Big5,2020-2021
151,Carlo Pinsoglio,it ITA,GK,Juventus,it Serie A,30,1990,1,0,23,0.3,1,3.91,2,1,50.0,0,0,0,0,,0,0,0,0,,Matches,0,0,0,1.0,0.52,0.0,+0.16,1,2,50.0,9,0,22.2,21.8,2,0.0,12.5,1,0,0.0,1,3.91,31.0,0,0,0,0,0,1,0.00,0.00,0.00,0.00,0.00,0.0,0.0,0.0,0.0,0.00,0.00,0.00,0.00,0.00,23,0.7,,0,1,23,34,3.00,2,2,0,0.00,-1.03,0.7,0.9,-0.2,-0.82,-1.78,0,0,0,0,0,0,0,0,0,1,0,0,,Big-5-European-Leagues,Big5,2020-2021
152,Nick Pope,eng ENG,GK,Burnley,eng Premier League,28,1992,32,32,2880,32.0,37,1.16,148,114,77.0,10,9,13,11,34.4,3,3,0,0,0.0,Matches,0,7,1,40.9,0.26,+4.9,+0.15,292,757,38.6,728,128,74.3,53.0,251,86.1,62.3,325,42,12.9,41,1.28,16.5,0,0,0,0,1,0,0.00,0.00,0.00,0.00,0.00,0.0,0.0,0.4,0.4,0.00,0.01,0.01,0.00,0.01,90,84.2,90,,0,,0,1.22,31,37,-6,-0.19,+2.48,34.2,45.1,-10.8,-0.34,+0.81,0,2,3,0,0,1,0,0,2,164,0,1,0.0,Big-5-European-Leagues,Big5,2020-2021
153,Ivan Provedel,it ITA,GK,Spezia,it Serie A,26,1994,29,29,2610,29.0,55,1.90,124,74,60.5,6,10,13,4,13.8,7,6,1,0,14.3,Matches,1,5,0,49.1,0.35,-5.9,-0.20,280,617,45.4,1257,135,42.7,38.3,154,51.9,44.7,199,19,9.5,29,1.00,16.3,0,0,0,0,1,0,0.00,0.00,0.00,0.00,0.00,0.0,0.0,0.0,0.0,0.00,0.00,0.00,0.00,0.00,90,76.3,90,29,0,,2,0.97,38,55,-17,-0.59,-0.25,36.0,52.7,-16.7,-0.58,+0.08,0,0,7,0,0,0,0,0,0,147,0,0,,Big-5-European-Leagues,Big5,2020-2021
154,Anthony Racioppi,ch SUI,GK,Dijon,fr Ligue 1,21,1998,21,21,1890,21.0,33,1.57,93,62,67.7,2,6,13,3,14.3,4,3,1,0,25.0,Matches,0,5,0,35.3,0.36,+2.3,+0.11,113,324,34.9,478,99,42.5,37.1,178,68.0,49.7,199,13,6.5,10,0.48,14.4,0,0,0,0,0,0,0.00,0.00,0.00,0.00,0.00,0.0,0.0,0.1,0.1,0.00,0.01,0.01,0.00,0.01,90,55.3,90,,0,,13,0.57,16,33,-17,-0.81,+1.01,17.6,37.2,-19.5,-0.93,+0.50,0,0,4,0,0,0,0,0,0,103,0,0,,Big-5-European-Leagues,Big5,2020-2021
155,IonuÈ Radu,ro ROU,GK,Inter,it Serie A,23,1997,2,1,135,1.5,1,0.67,6,5,83.3,1,0,0,0,0.0,0,0,0,0,,Matches,0,0,0,1.4,0.23,+0.4,+0.27,2,4,50.0,45,11,8.9,26.6,10,0.0,15.9,18,0,0.0,1,0.67,9.7,0,0,0,0,0,0,0.00,0.00,0.00,0.00,0.00,0.0,0.0,0.0,0.0,0.00,0.00,0.00,0.00,0.00,68,3.9,90,1,1,45,33,3.00,5,1,+4,+2.67,+1.30,4.1,2.0,+2.2,+1.46,+0.53,0,0,0,0,0,0,0,0,0,12,0,0,,Big-5-European-Leagues,Big5,2020-2021
156,Rafael,br BRA,GK,Spezia,it Serie A,38,1982,3,2,207,2.3,5,2.17,19,14,73.7,0,1,1,1,50.0,0,0,0,0,,Matches,0,0,0,4.0,0.21,-1.0,-0.44,17,42,40.5,89,9,43.8,35.6,17,17.6,27.9,31,1,3.2,0,0.00,9.6,0,1,0,0,0,0,0.00,0.43,0.43,0.00,0.43,0.0,0.0,0.4,0.4,0.00,0.18,0.18,0.00,0.18,69,6.1,90,2,1,27,11,1.33,3,5,-2,-0.87,-0.37,2.9,4.9,-2.0,-0.88,-0.31,0,0,0,0,0,0,0,0,0,9,0,0,,Big-5-European-Leagues,Big5,2020-2021
157,Predrag RajkoviÄ,rs SRB,GK,Reims,fr Ligue 1,24,1995,37,37,3285,36.5,49,1.34,157,113,71.3,9,15,13,10,27.0,7,4,2,1,33.3,Matches,0,8,1,48.8,0.29,+0.8,+0.02,244,723,33.7,1111,157,45.7,40.7,343,62.7,49.7,354,21,5.9,22,0.60,14.0,0,0,0,0,2,0,0.00,0.00,0.00,0.00,0.00,0.0,0.0,0.0,0.0,0.00,0.00,0.00,0.00,0.00,89,96.1,89,,0,,0,1.14,41,49,-8,-0.22,-0.22,31.7,59.4,-27.7,-0.76,-0.76,0,1,12,0,0,0,0,0,1,201,0,0,,Big-5-European-Leagues,Big5,2020-2021
158,Aaron Ramsdale,eng ENG,GK,Sheffield Utd,eng Premier League,22,1998,38,38,3420,38.0,63,1.66,205,145,70.7,7,2,29,5,13.2,4,3,0,1,0.0,Matches,0,8,3,61.9,0.29,+1.9,+0.05,290,859,33.8,860,124,70.0,52.8,281,91.5,69.7,336,32,9.5,22,0.58,15.3,0,0,0,0,1,0,0.00,0.00,0.00,0.00,0.00,0.0,0.0,0.2,0.2,0.00,0.00,0.00,0.00,0.00,90,100.0,90,,0,,0,0.61,20,63,-43,-1.13,,31.4,62.4,-31.0,-0.82,,0,1,5,0,0,0,0,0,1,183,0,0,,Big-5-European-Leagues,Big5,2020-2021
159,Darren Randolph,ie IRL,GK,West Ham,eng Premier League,33,1987,3,3,270,3.0,3,1.00,9,6,66.7,2,0,1,1,33.3,0,0,0,0,,Matches,0,3,0,3.6,0.40,+0.6,+0.21,13,43,30.2,44,5,65.9,47.3,22,63.6,47.0,32,0,0.0,1,0.33,12.2,0,0,0,0,0,0,0.00,0.00,0.00,0.00,0.00,0.0,0.0,0.0,0.0,0.00,0.00,0.00,0.00,0.00,90,7.9,90,,0,,24,2.00,5,3,+2,+0.67,+0.30,6.5,2.0,+4.5,+1.50,+1.47,0,0,1,0,0,0,0,0,0,7,0,0,,Big-5-European-Leagues,Big5,2020-2021
160,Federico Ravaglia,it ITA,GK,Bologna,it Serie A,20,1999,4,4,360,4.0,10,2.50,18,9,50.0,0,1,3,0,0.0,1,1,0,0,0.0,Matches,0,1,1,7.7,0.40,-1.3,-0.33,10,28,35.7,115,18,22.6,27.4,23,8.7,18.7,21,1,4.8,5,1.25,16.5,0,0,0,0,0,0,0.00,0.00,0.00,0.00,0.00,0.0,0.0,0.0,0.0,0.00,0.00,0.00,0.00,0.00,90,10.5,90,4,0,,18,0.25,3,10,-7,-1.75,-1.54,5.5,8.0,-2.4,-0.61,-0.35,0,1,0,0,0,0,0,0,0,16,0,0,,Big-5-European-Leagues,Big5,2020-2021
161,Pepe Reina,es ESP,GK,Lazio,it Serie A,37,1982,29,29,2610,29.0,41,1.41,107,75,69.2,18,3,8,9,31.0,8,8,0,0,0.0,Matches,0,7,2,36.3,0.28,-2.7,-0.09,196,383,51.2,979,122,34.7,34.2,141,30.5,29.4,218,11,5.0,12,0.41,15.3,0,0,0,0,1,0,0.00,0.00,0.00,0.00,0.00,0.0,0.0,0.0,0.0,0.00,0.00,0.00,0.00,0.00,90,76.3,90,29,0,,9,1.97,53,41,+12,+0.41,+1.08,45.1,37.3,+7.9,+0.27,-0.19,0,0,1,0,0,0,0,0,0,109,0,0,,Big-5-European-Leagues,Big5,2020-2021
162,Ãlex Remiro,es ESP,GK,Real Sociedad,es La Liga,25,1995,38,38,3420,38.0,38,1.00,100,66,65.0,17,11,10,14,36.8,5,3,1,1,25.0,Matches,0,5,1,32.4,0.30,-4.6,-0.12,232,561,41.4,988,128,42.7,38.1,215,64.7,52.0,291,17,5.8,26,0.68,15.7,0,0,0,0,0,0,0.00,0.00,0.00,0.00,0.00,0.0,0.0,0.0,0.0,0.00,0.00,0.00,0.00,0.00,90,100.0,90,38,0,,0,1.63,59,38,+21,+0.55,,60.4,36.6,+23.8,+0.63,,0,0,7,0,0,0,0,0,0,181,0,0,,Big-5-European-Leagues,Big5,2020-2021
163,Baptiste Reynet,fr FRA,GK,NÃ®mes,fr Ligue 1,29,1990,38,38,3420,38.0,71,1.87,192,125,66.1,9,8,21,8,21.1,10,6,3,1,33.3,Matches,1,7,0,63.8,0.29,-7.2,-0.19,298,800,37.3,1287,144,46.3,40.5,300,68.0,50.4,362,19,5.2,27,0.71,14.5,0,0,0,0,3,0,0.00,0.00,0.00,0.00,0.00,0.1,0.1,0.8,0.9,0.00,0.02,0.02,0.00,0.02,90,100.0,90,,0,,0,0.92,40,71,-31,-0.82,,41.4,64.9,-23.5,-0.62,,0,1,8,0,0,0,0,0,1,210,1,0,100.0,Big-5-European-Leagues,Big5,2020-2021
164,Sergio Rico,es ESP,GK,Paris S-G,fr Ligue 1,26,1993,10,8,810,9.0,9,1.00,36,28,75.0,5,1,2,5,62.5,0,0,0,0,,Matches,0,0,1,9.9,0.28,+1.9,+0.21,10,27,37.0,162,41,13.0,25.1,54,11.1,24.6,58,3,5.2,5,0.56,14.1,0,0,0,0,0,0,0.00,0.00,0.00,0.00,0.00,0.0,0.0,0.0,0.0,0.00,0.00,0.00,0.00,0.00,81,23.7,90,,2,45,26,2.20,22,9,+13,+1.44,-0.11,23.4,10.2,+13.2,+1.47,+0.37,0,0,0,0,0,0,0,0,0,32,0,0,,Big-5-European-Leagues,Big5,2020-2021
165,Roberto,es ESP,GK,Valladolid,es La Liga,34,1986,13,13,1170,13.0,17,1.31,43,28,65.1,1,7,5,1,7.7,3,2,0,1,0.0,Matches,0,2,0,15.6,0.33,-1.4,-0.11,90,296,30.4,298,38,67.8,52.3,113,83.2,64.9,129,10,7.8,7,0.54,13.3,0,0,0,0,0,1,0.00,0.00,0.00,0.00,0.00,0.0,0.0,0.0,0.0,0.00,0.00,0.00,0.00,0.00,90,34.2,90,13,0,,22,0.71,10,21,-11,-0.85,-0.37,12.9,16.2,-3.3,-0.25,+0.21,0,0,0,0,0,0,0,0,0,55,0,0,,Big-5-European-Leagues,Big5,2020-2021
166,Joel Robles,es ESP,GK,Betis,es La Liga,30,1990,18,18,1620,18.0,25,1.39,56,37,62.5,9,2,7,6,33.3,5,4,1,0,20.0,Matches,1,5,2,21.5,0.31,-1.5,-0.08,99,301,32.9,449,80,52.6,43.0,116,56.0,45.3,145,10,6.9,14,0.78,16.3,0,0,0,0,2,0,0.00,0.00,0.00,0.00,0.00,0.0,0.0,0.0,0.0,0.00,0.00,0.00,0.00,0.00,90,47.4,90,18,0,,20,1.61,25,25,0,0.00,0.00,20.8,21.2,-0.4,-0.02,-0.07,0,1,1,0,0,0,0,0,1,89,0,0,,Big-5-European-Leagues,Big5,2020-2021
167,Marek RodÃ¡k,sk SVK,GK,Fulham,eng Premier League,23,1996,2,2,180,2.0,5,2.50,8,4,50.0,0,0,2,0,0.0,1,1,0,0,0.0,Matches,0,1,0,4.0,0.45,-1.0,-0.52,7,14,50.0,39,7,28.2,30.6,7,42.9,37.4,16,2,12.5,1,0.50,13.7,0,0,0,0,0,0,0.00,0.00,0.00,0.00,0.00,0.0,0.0,0.0,0.0,0.00,0.00,0.00,0.00,0.00,90,5.3,90,,0,,28,0.00,0,5,-5,-2.50,-1.92,1.1,3.0,-1.9,-0.93,-0.66,0,0,0,0,0,0,0,0,0,4,0,0,,Big-5-European-Leagues,Big5,2020-2021
168,RubÃ©n,es ESP,"GK,MF",Osasuna,es La Liga,36,1984,3,3,187,2.1,5,2.41,9,3,44.4,0,2,1,0,0.0,0,0,0,0,,Matches,0,0,0,4.9,0.55,-0.1,-0.04,33,54,61.1,46,2,84.8,55.7,15,100.0,65.7,19,1,5.3,3,1.44,14.6,0,0,0,0,0,1,0.00,0.00,0.00,0.00,0.00,0.0,0.0,0.0,0.0,0.00,0.00,0.00,0.00,0.00,62,5.5,62,2,0,,12,0.67,3,5,-2,-0.96,-0.71,3.7,5.1,-1.4,-0.68,-0.34,0,1,0,0,0,0,0,0,0,9,0,0,,Big-5-European-Leagues,Big5,2020-2021
169,John Ruddy,eng ENG,GK,Wolves,eng Premier League,33,1986,2,1,91,1.0,1,0.99,4,3,75.0,0,0,1,0,0.0,0,0,0,0,,Matches,0,1,0,1.1,0.28,+0.1,+0.13,1,6,16.7,19,10,26.3,33.5,5,20.0,39.6,9,0,0.0,0,0.00,10.4,0,0,0,0,0,0,0.00,0.00,0.00,0.00,0.00,0.0,0.0,0.0,0.0,0.00,0.00,0.00,0.00,0.00,46,2.7,90,,1,1,36,0.00,0,1,-1,-0.99,-0.58,0.7,0.9,-0.2,-0.21,-0.06,0,0,0,0,0,0,0,0,0,8,0,0,,Big-5-European-Leagues,Big5,2020-2021
170,GerÃ³nimo Rulli,ar ARG,GK,Villarreal,es La Liga,28,1992,2,2,180,2.0,4,2.00,8,4,50.0,0,0,2,0,0.0,0,0,0,0,,Matches,0,0,0,2.8,0.35,-1.2,-0.62,15,32,46.9,77,16,29.9,30.9,19,47.4,47.4,23,0,0.0,0,0.00,13.1,0,0,0,0,0,1,0.00,0.00,0.00,0.00,0.00,0.0,0.0,0.0,0.0,0.00,0.00,0.00,0.00,0.00,90,5.3,90,2,0,,32,0.00,3,6,-3,-1.50,-2.03,2.5,2.5,0.0,-0.01,-0.41,0,0,0,0,0,0,0,0,0,18,0,0,,Big-5-European-Leagues,Big5,2020-2021
171,Mathew Ryan,au AUS,GK,Brighton,eng Premier League,28,1992,11,11,990,11.0,19,1.73,30,16,50.0,2,4,5,2,18.2,4,4,0,0,0.0,Matches,0,3,1,14.8,0.37,-3.2,-0.29,57,141,40.4,341,56,33.4,32.5,58,46.6,40.2,103,7,6.8,6,0.55,14.4,0,0,0,0,1,0,0.00,0.00,0.00,0.00,0.00,0.0,0.0,0.0,0.0,0.00,0.00,0.00,0.00,0.00,90,28.9,90,,0,,1,0.91,14,19,-5,-0.45,-0.42,16.4,11.0,+5.4,+0.49,+0.18,0,1,0,0,0,0,0,0,1,42,0,0,,Big-5-European-Leagues,Big5,2020-2021
172,Mathew Ryan,au AUS,GK,Arsenal,eng Premier League,28,1992,3,3,270,3.0,2,0.67,9,8,88.9,1,1,1,1,33.3,1,1,0,0,0.0,Matches,0,0,0,4.2,0.36,+2.2,+0.73,6,11,54.5,58,19,13.8,26.3,9,33.3,33.0,20,4,20.0,1,0.33,13.4,0,0,0,0,0,0,0.00,0.00,0.00,0.00,0.00,0.0,0.0,0.0,0.0,0.00,0.00,0.00,0.00,0.00,90,7.9,90,,0,,12,1.33,3,2,+1,+0.33,-0.10,5.9,2.3,+3.6,+1.20,+1.04,0,0,0,0,0,0,0,0,0,15,0,1,0.0,Big-5-European-Leagues,Big5,2020-2021
173,Frederik RÃ¸nnow,dk DEN,GK,Schalke 04,de Bundesliga,27,1992,11,10,945,10.5,24,2.29,64,46,68.8,0,4,6,1,10.0,4,4,0,0,0.0,Matches,0,5,2,22.5,0.31,+0.5,+0.05,51,143,35.7,289,64,33.6,32.7,94,48.9,39.7,71,3,4.2,7,0.67,14.4,0,0,0,0,0,0,0.00,0.00,0.00,0.00,0.00,0.0,0.0,0.0,0.0,0.00,0.00,0.00,0.00,0.00,86,30.9,90,10,1,45,9,0.36,6,24,-18,-1.71,+0.12,5.7,20.2,-14.5,-1.38,-0.25,0,0,1,0,0,0,0,0,0,65,0,0,,Big-5-European-Leagues,Big5,2020-2021
174,Romain Salin,fr FRA,GK,Rennes,fr Ligue 1,36,1984,15,15,1350,15.0,14,0.93,54,40,74.1,9,4,2,5,33.3,0,0,0,0,,Matches,0,4,0,15.2,0.28,+1.2,+0.08,99,227,43.6,421,76,35.9,34.0,123,61.8,47.5,113,9,8.0,29,1.93,18.0,0,0,0,0,2,0,0.00,0.00,0.00,0.00,0.00,0.0,0.0,0.0,0.0,0.00,0.00,0.00,0.00,0.00,90,39.5,90,,0,,20,2.13,26,14,+12,+0.80,+0.80,19.4,15.8,+3.5,+0.24,-0.04,0,0,2,0,0,0,0,0,0,99,0,0,,Big-5-European-Leagues,Big5,2020-2021
175,Robert SÃ¡nchez,es ESP,GK,Brighton,eng Premier League,22,1997,27,27,2430,27.0,27,1.00,87,63,71.3,7,10,10,10,37.0,3,2,0,1,0.0,Matches,0,6,1,30.8,0.34,+4.8,+0.18,182,472,38.6,918,107,40.5,38.3,177,56.5,46.7,210,11,5.2,14,0.52,14.4,0,0,0,0,2,0,0.00,0.00,0.00,0.00,0.00,0.0,0.0,0.0,0.0,0.00,0.00,0.00,0.00,0.00,90,71.1,90,,0,,0,1.15,26,27,-1,-0.04,+0.42,35.2,26.7,+8.5,+0.32,-0.18,0,2,4,0,0,0,0,0,1,134,1,1,50.0,Big-5-European-Leagues,Big5,2020-2021
176,Kasper Schmeichel,dk DEN,GK,Leicester City,eng Premier League,33,1986,38,38,3420,38.0,50,1.32,134,87,65.7,20,6,12,11,28.9,4,4,0,0,0.0,Matches,0,9,2,48.5,0.34,+0.5,+0.01,226,533,42.4,1009,164,42.4,38.0,209,50.2,42.7,297,24,8.1,14,0.37,13.0,0,0,0,0,0,0,0.00,0.00,0.00,0.00,0.00,0.0,0.0,0.0,0.0,0.00,0.00,0.00,0.00,0.00,90,100.0,90,,0,,0,1.74,68,50,+18,+0.47,,56.0,47.7,+8.3,+0.22,,0,0,4,0,0,0,0,0,0,161,0,0,,Big-5-European-Leagues,Big5,2020-2021
177,Alexander Schwolow,de GER,GK,Hertha BSC,de Bundesliga,28,1992,26,26,2340,26.0,39,1.50,103,70,68.0,6,10,10,8,30.8,6,6,0,0,0.0,Matches,1,3,0,36.9,0.31,-2.1,-0.08,174,359,48.5,699,123,33.6,34.3,219,56.6,46.3,228,14,6.1,12,0.46,13.7,0,0,0,0,0,0,0.00,0.00,0.00,0.00,0.00,0.0,0.0,0.0,0.0,0.00,0.00,0.00,0.00,0.00,90,76.5,90,26,0,,8,1.08,34,39,-5,-0.19,+0.56,32.9,35.7,-2.8,-0.11,+0.11,0,0,4,0,0,0,0,0,0,118,0,0,,Big-5-European-Leagues,Big5,2020-2021
178,Simone Scuffet,it ITA,GK,Udinese,it Serie A,24,1996,1,1,90,1.0,2,2.00,3,2,66.7,0,0,1,0,0.0,1,1,0,0,0.0,Matches,0,0,0,1.6,0.23,-0.4,-0.43,13,21,61.9,20,4,70.0,46.3,8,87.5,54.4,10,0,0.0,0,0.00,10.0,0,0,0,0,0,0,0.00,0.00,0.00,0.00,0.00,0.0,0.0,0.0,0.0,0.00,0.00,0.00,0.00,0.00,90,2.6,90,1,0,,34,0.00,1,2,-1,-1.00,-0.59,0.4,1.8,-1.4,-1.40,-1.19,0,0,0,0,0,0,0,0,0,5,0,0,,Big-5-European-Leagues,Big5,2020-2021
179,Matz Sels,be BEL,GK,Strasbourg,fr Ligue 1,28,1992,6,6,540,6.0,13,2.17,25,14,56.0,1,2,3,0,0.0,2,2,0,0,0.0,Matches,1,3,0,10.0,0.34,-3.0,-0.50,47,111,42.3,125,23,57.6,43.9,50,78.0,57.2,54,6,11.1,1,0.17,11.4,0,0,0,0,0,0,0.00,0.00,0.00,0.00,0.00,0.0,0.0,0.0,0.0,0.00,0.00,0.00,0.00,0.00,90,15.8,90,,0,,2,0.83,9,13,-4,-0.67,-0.51,7.3,7.4,-0.1,-0.02,-0.21,0,0,0,0,0,0,0,0,0,28,0,0,,Big-5-European-Leagues,Big5,2020-2021
180,Luigi Sepe,it ITA,GK,Parma,it Serie A,29,1991,36,36,3240,36.0,76,2.11,177,103,58.2,3,11,22,5,13.9,2,2,0,0,0.0,Matches,0,9,3,60.8,0.34,-12.2,-0.34,351,637,55.1,1175,180,44.2,38.1,270,43.7,38.5,416,25,6.0,11,0.31,12.8,0,0,0,0,0,0,0.00,0.00,0.00,0.00,0.00,0.0,0.0,0.0,0.0,0.00,0.00,0.00,0.00,0.00,90,94.7,90,36,0,,2,0.56,35,76,-41,-1.14,+0.36,37.3,56.7,-19.4,-0.54,+0.43,0,0,2,0,0,0,0,0,0,162,0,0,,Big-5-European-Leagues,Big5,2020-2021
181,Rui Silva,pt POR,GK,Granada,es La Liga,26,1994,32,32,2880,32.0,55,1.72,129,78,61.2,12,6,14,8,25.0,10,5,4,1,44.4,Matches,2,3,1,50.8,0.35,-3.2,-0.10,282,753,37.5,809,68,66.3,49.3,266,81.6,59.1,311,13,4.2,29,0.91,16.2,0,0,0,0,1,0,0.00,0.00,0.00,0.00,0.00,0.0,0.0,0.0,0.0,0.00,0.00,0.00,0.00,0.00,90,84.2,90,32,0,,3,1.31,42,55,-13,-0.41,+0.43,34.5,44.1,-9.6,-0.30,+0.47,0,2,4,0,0,0,0,0,2,171,0,0,,Big-5-European-Leagues,Big5,2020-2021
182,Marco Silvestri,it ITA,GK,Hellas Verona,it Serie A,29,1991,34,34,3060,34.0,42,1.24,125,89,71.2,11,9,14,7,20.6,7,6,0,1,0.0,Matches,1,7,2,37.5,0.26,-2.5,-0.07,212,746,28.4,727,79,68.6,47.0,275,89.8,58.9,288,10,3.5,13,0.38,13.1,0,0,0,0,1,0,0.00,0.00,0.00,0.00,0.00,0.0,0.0,0.0,0.0,0.00,0.00,0.00,0.00,0.00,90,89.5,90,34,0,,4,1.24,38,42,-4,-0.12,-0.62,38.8,46.0,-7.2,-0.21,-0.33,0,2,3,0,0,0,0,0,2,176,0,0,,Big-5-European-Leagues,Big5,2020-2021
183,Unai SimÃ³n,es ESP,GK,Athletic Club,es La Liga,23,1997,37,37,3330,37.0,40,1.08,104,70,66.3,11,13,13,9,24.3,6,5,1,0,16.7,Matches,1,8,1,35.6,0.29,-3.4,-0.09,241,538,44.8,798,201,42.4,38.9,265,75.5,57.1,367,22,6.0,23,0.62,14.4,0,0,0,0,1,0,0.00,0.00,0.00,0.00,0.00,0.0,0.0,0.1,0.1,0.00,0.00,0.00,0.00,0.00,90,97.4,90,37,0,,1,1.24,46,40,+6,+0.16,+2.16,43.9,35.1,+8.7,+0.24,+0.88,0,2,6,1,0,0,0,0,1,178,0,1,0.0,Big-5-European-Leagues,Big5,2020-2021
184,Tobias Sippel,de GER,GK,M'Gladbach,de Bundesliga,32,1988,4,3,344,3.8,6,1.57,19,12,68.4,1,1,1,1,33.3,0,0,0,0,,Matches,0,2,0,7.1,0.37,+1.1,+0.29,37,86,43.0,101,12,51.5,42.9,46,73.9,58.0,56,3,5.4,4,1.05,16.0,0,0,0,0,0,0,0.00,0.00,0.00,0.00,0.00,0.0,0.0,0.0,0.0,0.00,0.00,0.00,0.00,0.00,86,11.2,90,3,1,74,30,1.25,9,6,+3,+0.78,+0.62,5.7,5.1,+0.6,+0.15,-0.18,0,0,0,0,0,0,0,0,0,16,0,0,,Big-5-European-Leagues,Big5,2020-2021
185,Salvatore Sirigu,it ITA,GK,Torino,it Serie A,33,1987,32,32,2880,32.0,62,1.94,129,74,58.1,5,13,14,7,21.9,9,8,0,1,0.0,Matches,1,7,0,46.7,0.31,-15.3,-0.48,198,478,41.4,743,106,45.2,37.1,269,52.8,39.9,301,18,6.0,16,0.50,12.9,0,0,0,0,0,0,0.00,0.00,0.00,0.00,0.00,0.0,0.0,0.0,0.0,0.00,0.00,0.00,0.00,0.00,90,84.2,90,32,0,,3,0.88,42,62,-20,-0.62,-0.79,38.8,50.8,-11.9,-0.37,-0.90,0,1,4,0,0,0,0,0,1,133,0,0,,Big-5-European-Leagues,Big5,2020-2021
186,Antonio Sivera,es ESP,GK,AlavÃ©s,es La Liga,23,1996,1,1,71,0.8,0,0.00,1,1,100.0,0,0,1,0,0.0,0,0,0,0,,Matches,0,0,0,0.0,0.01,0.0,+0.02,4,16,25.0,15,1,66.7,48.1,7,85.7,53.3,7,1,14.3,0,0.00,10.2,0,0,0,0,0,0,0.00,0.00,0.00,0.00,0.00,0.0,0.0,0.0,0.0,0.00,0.00,0.00,0.00,0.00,71,2.1,71,0,0,,37,0.00,0,0,0,0.00,+0.56,0.4,0.2,+0.2,+0.28,+0.51,0,0,0,0,0,0,0,0,0,6,0,0,,Big-5-European-Leagues,Big5,2020-2021
187,Åukasz Skorupski,pl POL,GK,Bologna,it Serie A,29,1991,28,28,2520,28.0,46,1.64,143,102,71.3,10,5,13,4,14.3,7,5,2,0,28.6,Matches,1,8,1,44.9,0.28,-0.1,0.00,120,316,38.0,738,163,33.7,33.3,228,29.4,26.2,243,25,10.3,13,0.46,12.8,0,0,0,0,1,0,0.00,0.00,0.00,0.00,0.00,0.0,0.0,0.0,0.0,0.00,0.00,0.00,0.00,0.00,90,73.7,90,28,0,,2,1.25,41,46,-5,-0.18,+0.72,41.2,47.3,-6.1,-0.22,+0.30,0,0,1,1,0,0,0,0,0,128,0,0,,Big-5-European-Leagues,Big5,2020-2021
188,Yann Sommer,ch SUI,GK,M'Gladbach,de Bundesliga,31,1988,31,31,2712,30.1,50,1.66,124,79,64.5,12,9,10,6,19.4,6,6,0,0,0.0,Matches,0,5,0,43.1,0.31,-6.9,-0.23,180,390,46.2,1028,125,32.0,32.1,211,28.9,29.9,240,14,5.8,20,0.66,13.5,0,0,0,0,1,1,0.00,0.00,0.00,0.00,0.00,0.0,0.0,0.0,0.0,0.00,0.00,0.00,0.00,0.00,87,88.6,87,30,0,,0,1.45,55,50,+5,+0.17,-0.61,50.8,41.1,+9.7,+0.32,+0.09,0,1,1,0,0,0,0,0,0,139,0,0,,Big-5-European-Leagues,Big5,2020-2021
189,David Soria,es ESP,GK,Getafe,es La Liga,27,1993,28,28,2520,28.0,31,1.11,75,52,66.7,6,8,14,10,35.7,7,6,1,0,14.3,Matches,0,4,3,29.5,0.32,+1.5,+0.06,299,749,39.9,661,14,87.9,59.1,195,86.2,59.4,208,20,9.6,42,1.50,17.0,0,0,0,0,2,0,0.00,0.00,0.00,0.00,0.00,0.0,0.0,0.1,0.1,0.00,0.00,0.00,0.00,0.00,90,73.7,90,28,0,,10,0.93,20,31,-11,-0.39,+0.01,24.5,30.3,-5.7,-0.21,-0.02,0,0,4,0,0,0,0,0,0,177,0,0,,Big-5-European-Leagues,Big5,2020-2021
190,Marco Sportiello,it ITA,GK,Atalanta,it Serie A,28,1992,15,13,1261,14.0,21,1.50,48,28,58.3,9,1,3,2,15.4,2,1,1,0,50.0,Matches,0,2,0,16.1,0.30,-4.9,-0.35,49,109,45.0,319,69,23.8,30.0,56,58.9,47.2,88,7,8.0,15,1.07,16.9,0,0,0,0,0,0,0.00,0.00,0.00,0.00,0.00,0.0,0.0,0.0,0.0,0.00,0.00,0.00,0.00,0.00,84,36.9,90,13,2,46,23,1.93,35,21,+14,+1.00,-0.21,27.9,15.9,+12.0,+0.85,-0.11,0,0,1,0,0,0,1,0,0,69,0,1,0.0,Big-5-European-Leagues,Big5,2020-2021
191,Zack Steffen,us USA,GK,Manchester City,eng Premier League,25,1995,1,1,90,1.0,1,1.00,2,1,50.0,1,0,0,0,0.0,0,0,0,0,,Matches,0,0,0,0.6,0.32,-0.4,-0.37,2,6,33.3,20,4,25.0,31.1,8,12.5,20.5,10,0,0.0,0,0.00,7.0,0,0,0,0,0,0,0.00,0.00,0.00,0.00,0.00,0.0,0.0,0.0,0.0,0.00,0.00,0.00,0.00,0.00,90,2.6,90,,0,,34,3.00,3,1,+2,+2.00,+0.68,2.4,0.8,+1.6,+1.62,+0.53,0,1,0,0,0,0,0,0,0,2,0,0,,Big-5-European-Leagues,Big5,2020-2021
192,Thomas Strakosha,al ALB,GK,Lazio,it Serie A,25,1995,9,9,810,9.0,14,1.56,37,24,67.6,3,2,4,3,33.3,2,2,0,0,0.0,Matches,0,1,0,13.2,0.31,-0.8,-0.09,55,107,51.4,286,49,34.3,31.7,58,15.5,24.8,77,7,9.1,1,0.11,11.9,0,0,0,0,1,0,0.00,0.00,0.00,0.00,0.00,0.0,0.0,0.0,0.0,0.00,0.00,0.00,0.00,0.00,90,23.7,90,9,0,,19,1.22,8,14,-6,-0.67,-1.08,14.7,10.5,+4.2,+0.46,+0.19,0,0,2,0,0,0,1,0,0,47,0,0,,Big-5-European-Leagues,Big5,2020-2021
193,Wojciech SzczÄsny,pl POL,GK,Juventus,it Serie A,30,1990,30,30,2677,29.7,32,1.08,95,67,70.5,16,8,6,5,16.7,6,4,2,0,33.3,Matches,0,4,2,28.1,0.25,-1.9,-0.06,118,203,58.1,835,130,21.0,29.1,180,15.6,24.3,241,17,7.1,24,0.81,14.7,0,1,0,0,0,0,0.00,0.03,0.03,0.00,0.03,0.0,0.0,0.1,0.1,0.00,0.00,0.00,0.00,0.00,89,78.3,89,29,0,,8,1.87,55,32,+23,+0.77,-1.16,54.5,28.9,+25.5,+0.86,-0.41,0,0,1,0,0,0,0,0,0,134,0,0,,Big-5-European-Leagues,Big5,2020-2021
194,Ciprian TÄtÄruÈanu,ro ROU,GK,Milan,it Serie A,34,1986,1,1,90,1.0,3,3.00,6,4,66.7,0,1,0,0,0.0,1,1,0,0,0.0,Matches,0,2,0,2.9,0.35,-0.1,-0.05,2,5,40.0,23,7,13.0,21.8,4,50.0,30.8,3,1,33.3,0,0.00,8.1,0,0,0,0,0,0,0.00,0.00,0.00,0.00,0.00,0.0,0.0,0.0,0.0,0.00,0.00,0.00,0.00,0.00,90,2.6,90,1,0,,37,1.00,3,3,0,0.00,-0.89,2.6,2.3,+0.3,+0.33,-0.35,0,0,0,0,0,0,0,0,0,6,0,0,,Big-5-European-Leagues,Big5,2020-2021
195,Marc-AndrÃ© ter Stegen,de GER,GK,Barcelona,es La Liga,28,1992,31,31,2790,31.0,32,1.03,102,75,71.6,21,5,5,11,35.5,3,3,0,0,0.0,Matches,1,4,2,29.0,0.27,-1.0,-0.03,138,241,57.3,879,149,22.2,29.4,156,29.5,31.8,174,19,10.9,22,0.71,17.1,0,0,0,0,1,0,0.00,0.00,0.00,0.00,0.00,0.1,0.1,0.0,0.1,0.00,0.00,0.00,0.00,0.00,90,81.6,90,31,0,,0,2.19,74,32,+42,+1.35,+0.64,69.2,30.8,+38.4,+1.24,+1.11,0,1,1,0,0,0,0,0,1,130,0,0,,Big-5-European-Leagues,Big5,2020-2021
196,Pietro Terracciano,it ITA,GK,Fiorentina,it Serie A,30,1990,4,2,272,3.0,4,1.32,10,7,60.0,0,1,1,2,100.0,1,0,1,0,100.0,Matches,0,1,1,3.2,0.22,+0.2,+0.05,27,66,40.9,55,10,67.3,49.5,32,90.6,60.6,37,0,0.0,0,0.00,13.1,0,0,0,0,0,0,0.00,0.00,0.00,0.00,0.00,0.0,0.0,0.0,0.0,0.00,0.00,0.00,0.00,0.00,68,8.0,90,2,2,46,34,0.50,1,4,-3,-0.99,-0.74,1.1,4.4,-3.3,-1.09,-0.90,0,0,0,0,0,0,0,0,0,11,0,0,,Big-5-European-Leagues,Big5,2020-2021
197,Kevin Trapp,de GER,GK,Eint Frankfurt,de Bundesliga,30,1990,33,33,2970,33.0,52,1.58,143,97,66.4,15,12,6,4,12.1,6,4,1,1,20.0,Matches,1,7,2,44.7,0.29,-5.3,-0.16,257,640,40.2,1089,161,46.1,37.9,263,52.5,43.9,286,24,8.4,23,0.70,14.9,0,0,0,0,0,0,0.00,0.00,0.00,0.00,0.00,0.0,0.0,0.0,0.0,0.00,0.00,0.00,0.00,0.00,90,97.1,90,33,0,,1,1.73,66,52,+14,+0.42,-1.58,54.2,47.4,+6.8,+0.21,-0.72,0,0,3,0,0,1,0,0,0,179,0,0,,Big-5-European-Leagues,Big5,2020-2021
198,Samir Ujkani,xk KVX,GK,Torino,it Serie A,32,1988,1,1,90,1.0,1,1.00,3,2,66.7,0,1,0,0,0.0,0,0,0,0,,Matches,0,0,0,1.0,0.33,0.0,0.00,3,7,42.9,22,6,31.8,33.9,6,0.0,24.5,16,1,6.3,0,0.00,13.4,0,0,0,0,0,0,0.00,0.00,0.00,0.00,0.00,0.0,0.0,0.0,0.0,0.00,0.00,0.00,0.00,0.00,90,2.6,90,1,0,,19,1.00,1,1,0,0.00,+0.51,1.9,0.6,+1.3,+1.26,+1.53,0,0,0,0,0,0,0,0,0,5,0,0,,Big-5-European-Leagues,Big5,2020-2021
199,TomÃ¡Å¡ VaclÃ­k,cz CZE,GK,Sevilla,es La Liga,31,1989,5,5,450,5.0,5,1.00,14,9,64.3,3,0,2,2,40.0,0,0,0,0,,Matches,0,0,0,3.5,0.26,-1.5,-0.29,20,41,48.8,120,24,28.3,30.5,26,26.9,27.4,40,2,5.0,3,0.60,14.0,0,0,0,0,0,0,0.00,0.00,0.00,0.00,0.00,0.0,0.0,0.0,0.0,0.00,0.00,0.00,0.00,0.00,90,13.2,90,5,0,,21,1.80,7,5,+2,+0.40,-0.15,6.0,4.1,+1.9,+0.38,-0.04,0,0,1,0,0,0,0,0,0,21,0,0,,Big-5-European-Leagues,Big5,2020-2021
200,Koke Vegas,es ESP,GK,Levante,es La Liga,24,1995,1,1,90,1.0,2,2.00,4,2,50.0,0,0,1,0,0.0,0,0,0,0,,Matches,0,0,0,2.6,0.64,+0.6,+0.56,2,11,18.2,18,4,44.4,37.7,11,27.3,30.5,7,0,0.0,1,1.00,18.8,0,0,0,0,1,0,0.00,0.00,0.00,0.00,0.00,0.0,0.0,0.0,0.0,0.00,0.00,0.00,0.00,0.00,90,2.6,90,1,0,,18,0.00,2,6,-4,-4.00,-3.81,0.4,2.4,-2.0,-2.01,-1.71,0,0,0,0,0,0,0,0,0,8,0,0,,Big-5-European-Leagues,Big5,2020-2021
201,Guglielmo Vicario,it ITA,GK,Cagliari,it Serie A,23,1996,4,4,360,4.0,6,1.50,21,15,71.4,3,0,1,1,25.0,0,0,0,0,,Matches,0,2,0,5.0,0.24,-1.0,-0.25,27,61,44.3,82,15,50.0,40.6,25,80.0,55.9,40,2,5.0,0,0.00,10.5,0,0,0,0,0,0,0.00,0.00,0.00,0.00,0.00,0.0,0.0,0.0,0.0,0.00,0.00,0.00,0.00,0.00,90,10.5,90,4,0,,34,2.25,8,6,+2,+0.50,+1.03,4.8,5.3,-0.4,-0.11,+0.40,0,0,1,0,0,0,0,0,0,15,0,0,,Big-5-European-Leagues,Big5,2020-2021
202,IvÃ¡n Villar,es ESP,GK,Celta Vigo,es La Liga,23,1997,21,19,1781,19.8,30,1.52,72,47,66.7,7,5,7,5,26.3,7,6,1,0,14.3,Matches,1,2,1,28.1,0.32,-0.9,-0.04,105,370,28.4,512,78,50.0,41.2,172,66.3,51.4,211,18,8.5,15,0.76,15.1,0,0,0,0,1,0,0.00,0.00,0.00,0.00,0.00,0.0,0.0,0.0,0.0,0.00,0.00,0.00,0.00,0.00,85,52.1,90,19,2,36,17,1.38,27,30,-3,-0.15,-0.21,23.7,29.3,-5.6,-0.28,-0.49,0,1,2,0,0,0,0,0,1,104,0,0,,Big-5-European-Leagues,Big5,2020-2021
203,JoÃ£o VirgÃ­nia,pt POR,GK,Everton,eng Premier League,20,1999,1,0,48,0.5,0,0.00,3,3,100.0,0,0,0,0,,0,0,0,0,,Matches,0,0,0,0.2,0.07,+0.2,+0.39,3,11,27.3,13,3,61.5,50.9,4,75.0,54.5,2,0,0.0,0,0.00,21.0,0,0,0,0,0,0,0.00,0.00,0.00,0.00,0.00,0.0,0.0,0.0,0.0,0.00,0.00,0.00,0.00,0.00,48,1.4,,,1,48,16,0.00,0,0,0,0.00,+0.03,0.9,0.8,+0.1,+0.20,+0.33,0,0,0,0,0,0,0,0,0,1,0,0,,Big-5-European-Leagues,Big5,2020-2021
204,RubÃ©n YÃ¡Ã±ez,es ESP,GK,Getafe,es La Liga,26,1993,10,10,900,10.0,12,1.20,30,19,63.3,3,3,4,4,40.0,1,1,0,0,0.0,Matches,0,0,0,11.6,0.35,-0.4,-0.04,89,203,43.8,208,29,70.2,48.7,68,83.8,61.1,72,5,6.9,7,0.70,15.2,0,0,0,0,2,0,0.00,0.00,0.00,0.00,0.00,0.0,0.0,0.0,0.0,0.00,0.00,0.00,0.00,0.00,90,26.3,90,10,0,,28,1.20,8,12,-4,-0.40,-0.01,8.2,10.1,-1.9,-0.19,+0.02,0,2,2,0,0,0,0,0,0,47,0,0,,Big-5-European-Leagues,Big5,2020-2021
205,Yoel,es ESP,GK,Eibar,es La Liga,31,1988,4,3,300,3.3,3,0.90,5,2,40.0,0,1,2,0,0.0,0,0,0,0,,Matches,0,0,0,2.2,0.44,-0.8,-0.24,39,74,52.7,97,26,58.8,44.3,17,100.0,72.5,11,1,9.1,8,2.40,17.7,0,0,0,0,0,0,0.00,0.00,0.00,0.00,0.00,0.0,0.0,0.0,0.0,0.00,0.00,0.00,0.00,0.00,75,8.8,90,3,1,30,34,0.25,1,3,-2,-0.60,+0.01,3.6,1.3,+2.2,+0.67,+0.89,0,0,0,0,0,0,0,0,0,31,0,0,,Big-5-European-Leagues,Big5,2020-2021
206,Robin Zentner,de GER,GK,Mainz 05,de Bundesliga,25,1994,31,31,2790,31.0,46,1.48,135,93,69.6,9,9,13,5,16.1,6,5,0,1,0.0,Matches,1,4,1,40.7,0.27,-4.3,-0.14,166,501,33.1,832,196,43.3,39.5,249,56.6,47.6,294,28,9.5,19,0.61,14.0,0,0,0,0,2,0,0.00,0.00,0.00,0.00,0.00,0.1,0.1,0.3,0.4,0.00,0.01,0.01,0.00,0.01,90,91.2,90,31,0,,0,1.16,33,46,-13,-0.42,+0.91,41.7,44.1,-2.5,-0.08,+0.35,0,0,5,0,0,0,0,0,0,186,0,1,0.0,Big-5-European-Leagues,Big5,2020-2021
207,Ron-Robert Zieler,de GER,GK,KÃ¶ln,de Bundesliga,31,1989,1,0,51,0.6,1,1.76,2,2,100.0,0,0,0,0,,1,1,0,0,0.0,Matches,0,0,0,0.7,0.01,-0.3,-0.46,6,11,54.5,17,4,35.3,35.0,6,83.3,49.7,10,0,0.0,0,0.00,11.8,0,0,0,0,0,0,0.00,0.00,0.00,0.00,0.00,0.0,0.0,0.0,0.0,0.00,0.00,0.00,0.00,0.00,51,1.7,,0,1,51,33,1.00,1,1,0,0.00,+0.69,0.3,1.3,-1.0,-1.75,-1.29,0,0,0,0,0,0,0,0,0,5,0,0,,Big-5-European-Leagues,Big5,2020-2021
208,Jeroen Zoet,nl NED,GK,Spezia,it Serie A,29,1991,7,7,603,6.7,12,1.79,26,17,65.4,3,1,3,1,14.3,3,3,0,0,0.0,Matches,0,2,0,11.6,0.34,-0.4,-0.06,56,128,43.8,276,46,41.7,37.8,30,43.3,40.1,60,6,10.0,8,1.19,15.1,0,0,0,0,1,0,0.00,0.00,0.00,0.00,0.00,0.0,0.0,0.0,0.0,0.00,0.00,0.00,0.00,0.00,86,17.6,86,6,0,,13,1.43,11,12,-1,-0.15,+0.46,7.8,11.7,-3.9,-0.58,+0.02,0,2,1,0,0,0,0,0,1,47,0,0,,Big-5-European-Leagues,Big5,2020-2021
