player,nationality,position,squad,age,birth_year,games_gk,games_starts_gk,minutes_gk,goals_against_gk,goals_against_per90_gk,shots_on_target_against,saves,save_pct,wins_gk,draws_gk,losses_gk,clean_sheets,clean_sheets_pct,pens_att_gk,pens_allowed,pens_saved,pens_missed_gk,minutes_90s_gk,free_kick_goals_against_gk,corner_kick_goals_against_gk,own_goals_against_gk,psxg_gk,psnpxg_per_shot_on_target_against,psxg_net_gk,psxg_net_per90_gk,passes_completed_launched_gk,passes_launched_gk,passes_pct_launched_gk,passes_gk,passes_throws_gk,pct_passes_launched_gk,passes_length_avg_gk,goal_kicks,pct_goal_kicks_launched,goal_kick_length_avg,crosses_gk,crosses_stopped_gk,crosses_stopped_pct_gk,def_actions_outside_pen_area_gk,def_actions_outside_pen_area_per90_gk,avg_distance_def_actions_gk
Adrián,es ESP,GK,Liverpool,33-338,1987,2.0,2.0,180.0,9.0,4.5,16.0,7.0,0.438,0.0,1.0,1.0,0.0,0.0,0.0,0.0,0.0,0.0,2.0,0.0,2.0,0.0,7.1,0.45,-1.9,-0.93,9.0,25.0,36.0,48.0,14.0,37.5,36.0,14.0,50.0,38.7,18.0,2.0,11.1,0.0,0.0,12.3
Alisson,br BRA,GK,Liverpool,28-065,1992,8.0,8.0,720.0,8.0,1.0,20.0,14.0,0.7,6.0,2.0,0.0,2.0,25.0,5.0,2.0,1.0,2.0,8.0,0.0,0.0,0.0,8.8,0.36,0.8,0.1,37.0,86.0,43.0,215.0,33.0,30.7,33.2,45.0,44.4,40.1,49.0,1.0,2.0,7.0,0.88,16.7
Saturnin Allagbé,bj BEN,GK,Dijon,27-014,1993,4.0,4.0,360.0,8.0,2.0,20.0,12.0,0.6,0.0,2.0,2.0,1.0,25.0,1.0,0.0,0.0,1.0,4.0,1.0,0.0,0.0,6.1,0.3,-1.9,-0.48,20.0,53.0,37.7,103.0,20.0,40.8,35.1,27.0,40.7,34.9,35.0,0.0,0.0,5.0,1.25,16.4
Nícolas Andrade,br BRA,GK,Udinese,32-238,1988,2.0,2.0,180.0,5.0,2.5,7.0,2.0,0.286,1.0,0.0,1.0,0.0,0.0,0.0,0.0,0.0,0.0,2.0,0.0,0.0,0.0,4.0,0.58,-1.0,-0.48,6.0,13.0,46.2,31.0,5.0,25.8,32.1,9.0,55.6,47.4,16.0,0.0,0.0,0.0,0.0,15.2
Alphonse Areola,fr FRA,GK,Fulham,27-283,1993,10.0,10.0,900.0,18.0,1.8,55.0,40.0,0.727,2.0,1.0,7.0,1.0,10.0,3.0,3.0,0.0,0.0,10.0,0.0,1.0,0.0,19.2,0.31,1.2,0.12,50.0,112.0,44.6,192.0,54.0,38.0,33.5,65.0,60.0,45.1,91.0,16.0,17.6,5.0,0.5,13.0
Kepa Arrizabalaga,es ESP,GK,Chelsea,26-064,1994,3.0,3.0,270.0,6.0,2.0,14.0,8.0,0.571,1.0,1.0,1.0,0.0,0.0,0.0,0.0,0.0,0.0,3.0,0.0,0.0,0.0,4.8,0.34,-1.2,-0.42,21.0,40.0,52.5,79.0,17.0,34.2,32.2,27.0,48.1,40.0,27.0,4.0,14.8,0.0,0.0,14.0
Sergio Asenjo,es ESP,GK,Villarreal,31-161,1989,11.0,11.0,990.0,12.0,1.09,32.0,24.0,0.688,5.0,5.0,1.0,3.0,27.3,2.0,2.0,0.0,0.0,11.0,0.0,1.0,1.0,9.1,0.23,-0.9,-0.08,69.0,147.0,46.9,311.0,69.0,34.7,35.9,77.0,50.6,42.6,134.0,19.0,14.2,5.0,0.45,11.9
Emil Audero,it ITA,GK,Sampdoria,23-323,1997,9.0,9.0,810.0,15.0,1.67,40.0,28.0,0.675,3.0,2.0,4.0,1.0,11.1,2.0,2.0,0.0,0.0,9.0,0.0,4.0,1.0,12.5,0.28,-1.5,-0.16,55.0,136.0,40.4,235.0,46.0,43.4,36.5,69.0,49.3,40.3,99.0,6.0,6.1,3.0,0.33,12.2
Édgar Badía,es ESP,GK,Elche,28-298,1992,9.0,9.0,810.0,10.0,1.11,42.0,33.0,0.786,3.0,4.0,2.0,3.0,33.3,3.0,1.0,1.0,1.0,9.0,0.0,2.0,0.0,12.6,0.26,2.6,0.29,71.0,157.0,45.2,290.0,47.0,35.2,34.4,79.0,69.6,45.4,119.0,10.0,8.4,8.0,0.89,13.7
Oliver Baumann,de GER,GK,Hoffenheim,30-187,1990,8.0,8.0,720.0,15.0,1.87,44.0,28.0,0.682,2.0,2.0,4.0,0.0,0.0,2.0,1.0,0.0,1.0,8.0,0.0,0.0,0.0,17.3,0.38,2.3,0.29,49.0,143.0,34.3,283.0,41.0,40.3,35.8,72.0,40.3,38.1,78.0,2.0,2.6,14.0,1.75,16.9
Walter Benítez,ar ARG,GK,Nice,27-262,1993,11.0,11.0,990.0,15.0,1.36,51.0,37.0,0.765,5.0,2.0,4.0,3.0,27.3,3.0,3.0,0.0,0.0,11.0,0.0,3.0,0.0,14.6,0.24,-0.4,-0.03,33.0,94.0,35.1,310.0,47.0,24.2,28.2,87.0,21.8,28.2,99.0,12.0,12.1,6.0,0.55,12.2
Paul Bernardoni,fr FRA,GK,Angers,23-232,1997,12.0,12.0,1080.0,22.0,1.83,57.0,36.0,0.649,6.0,1.0,5.0,2.0,16.7,2.0,2.0,0.0,0.0,12.0,0.0,2.0,0.0,19.5,0.31,-2.5,-0.21,48.0,144.0,33.3,210.0,72.0,44.8,39.0,79.0,63.3,48.3,115.0,7.0,6.1,2.0,0.17,12.0
Dimitry Bertaud,fr FRA,GK,Montpellier,22-183,1998,3.0,2.0,225.0,1.0,0.4,5.0,5.0,1.0,2.0,0.0,0.0,2.0,100.0,1.0,1.0,0.0,0.0,2.5,0.0,0.0,0.0,2.0,0.22,1.0,0.39,36.0,61.0,59.0,70.0,13.0,62.9,44.5,20.0,85.0,60.6,19.0,2.0,10.5,0.0,0.0,11.9
Rubén Blanco,es ESP,GK,Celta Vigo,25-134,1995,5.0,5.0,450.0,10.0,2.0,19.0,10.0,0.526,2.0,1.0,2.0,1.0,20.0,1.0,1.0,0.0,0.0,5.0,0.0,1.0,0.0,8.4,0.41,-1.6,-0.32,21.0,75.0,28.0,117.0,22.0,43.6,35.6,39.0,61.5,43.7,48.0,1.0,2.1,2.0,0.4,15.7
Yassine Bounou,ma MAR,GK,Sevilla,29-245,1991,7.0,7.0,630.0,6.0,0.86,23.0,18.0,0.739,3.0,1.0,3.0,2.0,28.6,0.0,0.0,0.0,0.0,7.0,0.0,1.0,1.0,6.2,0.27,1.2,0.17,33.0,77.0,42.9,167.0,28.0,29.3,32.1,41.0,68.3,48.2,65.0,3.0,4.6,3.0,0.43,13.5
Claudio Bravo,cl CHI,GK,Betis,37-237,1983,7.0,7.0,630.0,15.0,2.14,32.0,19.0,0.594,3.0,0.0,4.0,2.0,28.6,3.0,2.0,1.0,0.0,7.0,0.0,2.0,1.0,15.1,0.42,1.1,0.15,51.0,121.0,42.1,206.0,31.0,49.0,40.6,32.0,62.5,48.2,44.0,3.0,6.8,2.0,0.29,12.1
Gianluigi Buffon,it ITA,GK,Juventus,42-313,1978,3.0,3.0,270.0,2.0,0.67,5.0,4.0,0.8,2.0,1.0,0.0,1.0,33.3,1.0,1.0,0.0,0.0,3.0,0.0,0.0,0.0,2.1,0.25,0.1,0.04,9.0,21.0,42.9,82.0,14.0,23.2,28.6,28.0,7.1,18.6,21.0,0.0,0.0,4.0,1.33,15.8
Roman Bürki,ch SUI,GK,Dortmund,30-022,1990,8.0,8.0,720.0,10.0,1.25,23.0,14.0,0.609,4.0,1.0,3.0,3.0,37.5,1.0,1.0,0.0,0.0,8.0,0.0,2.0,0.0,7.3,0.3,-2.7,-0.33,23.0,67.0,34.3,191.0,37.0,30.9,32.1,35.0,22.9,29.2,43.0,3.0,7.0,0.0,0.0,13.0
Marcin Bułka,pl POL,GK,Paris S-G,21-063,1999,1.0,1.0,90.0,1.0,1.0,3.0,2.0,0.667,0.0,0.0,1.0,0.0,0.0,0.0,0.0,0.0,0.0,1.0,0.0,0.0,0.0,1.3,0.45,0.3,0.32,2.0,5.0,40.0,28.0,9.0,17.9,25.5,2.0,0.0,21.5,7.0,0.0,0.0,2.0,2.0,13.1
Willy Caballero,ar ARG,GK,Chelsea,39-069,1981,1.0,1.0,90.0,3.0,3.0,3.0,0.0,0.0,0.0,1.0,0.0,0.0,0.0,0.0,0.0,0.0,0.0,1.0,0.0,1.0,0.0,1.5,0.49,-1.5,-1.54,1.0,3.0,33.3,20.0,2.0,15.0,24.6,6.0,0.0,19.7,8.0,0.0,0.0,2.0,2.0,22.0
Dani Cárdenas,es ESP,GK,Levante,23-253,1997,1.0,1.0,90.0,1.0,1.0,4.0,3.0,0.75,0.0,1.0,0.0,0.0,0.0,0.0,0.0,0.0,0.0,1.0,0.0,0.0,0.0,1.0,0.26,0.0,0.03,3.0,7.0,42.9,22.0,4.0,27.3,30.5,7.0,14.3,18.4,16.0,2.0,12.5,1.0,1.0,15.3
Koen Casteels,be BEL,GK,Wolfsburg,28-164,1992,9.0,9.0,810.0,9.0,1.0,28.0,21.0,0.714,4.0,5.0,0.0,3.0,33.3,2.0,1.0,1.0,0.0,9.0,0.0,2.0,1.0,8.9,0.28,0.9,0.1,68.0,154.0,44.2,273.0,48.0,41.4,37.2,57.0,71.9,54.1,81.0,10.0,12.3,3.0,0.33,14.3
Alberto Cifuentes,es ESP,GK,Cádiz,41-191,1979,2.0,2.0,180.0,3.0,1.5,6.0,3.0,0.5,1.0,0.0,1.0,1.0,50.0,0.0,0.0,0.0,0.0,2.0,0.0,0.0,0.0,1.8,0.29,-1.2,-0.62,25.0,63.0,39.7,53.0,3.0,92.5,59.7,16.0,87.5,61.1,17.0,1.0,5.9,2.0,1.0,14.3
Andrea Consigli,it ITA,GK,Sassuolo,33-314,1987,9.0,9.0,810.0,12.0,1.33,42.0,32.0,0.738,5.0,3.0,1.0,3.0,33.3,1.0,1.0,0.0,0.0,9.0,0.0,0.0,1.0,12.3,0.27,1.3,0.15,58.0,119.0,48.7,262.0,43.0,39.3,33.2,55.0,29.1,28.8,80.0,7.0,8.8,6.0,0.67,15.4
Alex Cordaz,it ITA,GK,Crotone,37-340,1983,9.0,9.0,810.0,20.0,2.22,46.0,27.0,0.609,0.0,2.0,7.0,1.0,11.1,2.0,2.0,0.0,0.0,9.0,1.0,1.0,0.0,18.0,0.36,-2.0,-0.22,39.0,96.0,40.6,264.0,34.0,30.3,30.3,71.0,22.5,25.9,63.0,2.0,3.2,8.0,0.89,16.2
Benoît Costil,fr FRA,GK,Bordeaux,33-156,1987,12.0,12.0,1080.0,13.0,1.08,38.0,27.0,0.737,4.0,4.0,4.0,7.0,58.3,4.0,3.0,1.0,0.0,12.0,0.0,0.0,1.0,12.2,0.23,0.2,0.01,96.0,229.0,41.9,308.0,38.0,52.9,42.0,94.0,70.2,50.8,102.0,1.0,1.0,6.0,0.5,14.3
Thibaut Courtois,be BEL,GK,Real Madrid,28-209,1992,11.0,11.0,990.0,12.0,1.09,34.0,27.0,0.794,6.0,2.0,3.0,4.0,36.4,6.0,5.0,1.0,0.0,11.0,0.0,1.0,1.0,11.5,0.21,0.5,0.05,31.0,94.0,33.0,293.0,65.0,21.8,31.0,75.0,40.0,38.4,86.0,9.0,10.5,6.0,0.55,15.5
Alessio Cragno,it ITA,GK,Cagliari,26-161,1994,9.0,9.0,810.0,19.0,2.11,59.0,42.0,0.712,3.0,2.0,4.0,1.0,11.1,2.0,2.0,0.0,0.0,9.0,1.0,1.0,0.0,17.7,0.28,-1.3,-0.14,51.0,108.0,47.2,198.0,37.0,36.4,32.5,76.0,47.4,34.8,71.0,8.0,11.3,4.0,0.44,12.9
Karl Darlow,eng ENG,GK,Newcastle Utd,30-059,1990,10.0,10.0,900.0,15.0,1.5,54.0,40.0,0.741,4.0,2.0,4.0,2.0,20.0,2.0,1.0,1.0,0.0,10.0,0.0,2.0,1.0,14.6,0.24,0.6,0.06,73.0,222.0,32.9,222.0,41.0,68.0,50.3,82.0,86.6,62.0,92.0,11.0,12.0,2.0,0.2,11.6
Yehvann Diouf,fr FRA,GK,Reims,21-020,1999,2.0,1.0,135.0,1.0,0.67,5.0,5.0,1.0,0.0,0.0,1.0,0.0,0.0,1.0,1.0,0.0,0.0,1.5,0.0,0.0,0.0,1.0,0.03,0.0,0.01,5.0,16.0,31.3,40.0,13.0,27.5,32.2,12.0,41.7,39.0,11.0,0.0,0.0,1.0,0.67,15.3
Marko Dmitrović,rs SRB,GK,Eibar,28-317,1992,11.0,11.0,990.0,9.0,0.82,39.0,30.0,0.769,3.0,4.0,4.0,5.0,45.5,1.0,0.0,1.0,0.0,11.0,0.0,0.0,0.0,12.1,0.29,3.1,0.29,97.0,268.0,36.2,269.0,32.0,72.1,55.8,80.0,92.5,74.6,113.0,6.0,5.3,9.0,0.82,14.9
Jaume Doménech,es ESP,GK,Valencia,30-031,1990,11.0,11.0,990.0,17.0,1.55,55.0,41.0,0.727,3.0,3.0,5.0,1.0,9.1,2.0,2.0,0.0,0.0,11.0,1.0,2.0,1.0,18.4,0.31,2.4,0.22,107.0,203.0,52.7,240.0,43.0,51.7,40.5,109.0,72.5,52.8,136.0,6.0,4.4,3.0,0.27,12.3
Gianluigi Donnarumma,it ITA,GK,Milan,21-285,1999,8.0,8.0,720.0,5.0,0.62,23.0,20.0,0.826,7.0,1.0,0.0,4.0,50.0,1.0,1.0,0.0,0.0,8.0,0.0,1.0,1.0,8.4,0.32,4.4,0.55,39.0,113.0,34.5,214.0,23.0,42.1,36.1,42.0,54.8,41.1,67.0,8.0,11.9,4.0,0.5,15.2
Bartłomiej Drągowski,pl POL,GK,Fiorentina,23-109,1997,9.0,9.0,810.0,15.0,1.67,37.0,25.0,0.649,2.0,2.0,5.0,2.0,22.2,3.0,2.0,1.0,0.0,9.0,0.0,3.0,1.0,14.6,0.32,0.6,0.06,48.0,106.0,45.3,221.0,56.0,40.3,36.8,67.0,25.4,27.7,84.0,6.0,7.1,4.0,0.44,13.2
Ederson,br BRA,GK,Manchester City,27-111,1993,10.0,10.0,900.0,11.0,1.1,24.0,16.0,0.708,5.0,3.0,2.0,4.0,40.0,4.0,4.0,0.0,0.0,10.0,0.0,2.0,0.0,9.8,0.27,-1.2,-0.12,41.0,85.0,48.2,245.0,37.0,22.0,30.7,56.0,55.4,49.4,59.0,3.0,5.1,9.0,0.9,16.3
Łukasz Fabiański,pl POL,GK,West Ham,35-232,1985,11.0,11.0,990.0,14.0,1.27,42.0,29.0,0.69,5.0,2.0,4.0,4.0,36.4,3.0,1.0,1.0,1.0,11.0,0.0,0.0,0.0,15.4,0.33,1.4,0.12,92.0,207.0,44.4,244.0,39.0,62.3,46.6,73.0,75.3,55.0,116.0,5.0,4.3,3.0,0.27,13.0
Ralf Fährmann,de GER,GK,Schalke 04,32-070,1988,3.0,3.0,225.0,14.0,5.6,18.0,7.0,0.333,0.0,0.0,3.0,0.0,0.0,2.0,2.0,0.0,0.0,2.5,0.0,2.0,1.0,9.3,0.43,-3.7,-1.46,17.0,50.0,34.0,82.0,14.0,45.1,37.6,24.0,54.2,42.0,23.0,0.0,0.0,5.0,2.0,15.1
Aitor Fernández,es ESP,GK,Levante,29-217,1991,9.0,9.0,810.0,12.0,1.33,28.0,15.0,0.571,2.0,4.0,3.0,1.0,11.1,0.0,0.0,0.0,0.0,9.0,0.0,2.0,0.0,9.8,0.36,-2.2,-0.25,32.0,89.0,36.0,187.0,47.0,37.4,35.4,64.0,29.7,29.1,70.0,5.0,7.1,7.0,0.78,14.9
Andrés Fernández,es ESP,GK,Huesca,33-355,1986,11.0,11.0,990.0,17.0,1.55,37.0,22.0,0.622,0.0,7.0,4.0,2.0,18.2,3.0,3.0,0.0,0.0,11.0,1.0,3.0,0.0,13.3,0.29,-3.7,-0.34,56.0,176.0,31.8,313.0,48.0,42.2,37.0,82.0,53.7,43.8,109.0,9.0,8.3,3.0,0.27,11.9
David de Gea,es ESP,GK,Manchester Utd,30-029,1990,9.0,9.0,765.0,16.0,1.88,26.0,15.0,0.538,5.0,1.0,3.0,2.0,22.2,4.0,4.0,0.0,0.0,8.5,1.0,1.0,1.0,14.0,0.4,-1.0,-0.12,25.0,66.0,37.9,125.0,20.0,33.6,32.5,55.0,43.6,37.3,64.0,1.0,1.6,3.0,0.35,14.6
Rafał Gikiewicz,pl POL,GK,Augsburg,33-041,1987,9.0,9.0,810.0,13.0,1.44,46.0,34.0,0.761,3.0,3.0,3.0,2.0,22.2,2.0,2.0,0.0,0.0,9.0,0.0,0.0,0.0,13.9,0.27,1.9,0.21,62.0,158.0,39.2,330.0,61.0,36.4,33.8,80.0,47.5,44.4,108.0,8.0,7.4,10.0,1.11,15.4
David Gil,es ESP,GK,Cádiz,26-330,1994,1.0,1.0,90.0,2.0,2.0,3.0,1.0,0.333,0.0,0.0,1.0,0.0,0.0,0.0,0.0,0.0,0.0,1.0,0.0,0.0,0.0,1.2,0.4,-0.8,-0.8,5.0,29.0,17.2,28.0,3.0,75.0,51.4,9.0,88.9,64.3,5.0,0.0,0.0,0.0,0.0,9.0
Pierluigi Gollini,it ITA,GK,Atalanta,25-263,1995,2.0,2.0,155.0,1.0,0.58,2.0,2.0,1.0,0.0,1.0,1.0,1.0,50.0,1.0,1.0,0.0,0.0,1.7,0.0,0.0,0.0,1.1,0.04,0.1,0.03,11.0,41.0,26.8,56.0,6.0,58.9,43.4,9.0,88.9,58.2,11.0,1.0,9.1,2.0,1.16,16.1
Alfred Gomis,sn SEN,GK,Rennes,27-092,1993,5.0,5.0,450.0,8.0,1.6,18.0,10.0,0.556,1.0,1.0,3.0,0.0,0.0,0.0,0.0,0.0,0.0,5.0,0.0,0.0,0.0,6.3,0.35,-1.7,-0.34,17.0,35.0,48.6,115.0,30.0,26.1,30.0,16.0,31.3,33.8,23.0,1.0,4.3,4.0,0.8,15.8
Alfred Gomis,sn SEN,GK,Dijon,27-092,1993,5.0,5.0,450.0,10.0,2.0,24.0,18.0,0.708,0.0,1.0,4.0,0.0,0.0,3.0,3.0,0.0,0.0,5.0,0.0,2.0,1.0,9.9,0.3,0.9,0.17,28.0,94.0,29.8,121.0,28.0,43.0,39.4,67.0,62.7,49.6,78.0,8.0,10.3,3.0,0.6,12.8
Vicente Guaita,es ESP,GK,Crystal Palace,33-331,1987,10.0,10.0,900.0,15.0,1.5,43.0,30.0,0.721,4.0,1.0,5.0,1.0,10.0,3.0,3.0,0.0,0.0,10.0,0.0,1.0,0.0,15.1,0.29,0.1,0.01,48.0,185.0,25.9,180.0,37.0,63.9,47.8,84.0,83.3,59.8,96.0,6.0,6.3,6.0,0.6,14.0
Péter Gulácsi,hu HUN,GK,RB Leipzig,30-214,1990,10.0,10.0,900.0,9.0,0.9,27.0,17.0,0.667,6.0,3.0,1.0,3.0,30.0,0.0,0.0,0.0,0.0,10.0,0.0,1.0,0.0,6.5,0.24,-2.5,-0.25,46.0,92.0,50.0,295.0,48.0,26.1,31.1,58.0,25.9,31.9,64.0,5.0,7.8,13.0,1.3,17.5
Samir Handanović,si SVN,GK,Inter,36-145,1984,10.0,10.0,900.0,14.0,1.4,37.0,24.0,0.649,6.0,3.0,1.0,2.0,20.0,2.0,1.0,1.0,0.0,10.0,0.0,0.0,0.0,13.3,0.31,-0.7,-0.07,30.0,67.0,44.8,228.0,37.0,24.6,29.5,44.0,25.0,30.6,64.0,2.0,3.1,5.0,0.5,11.6
Dean Henderson,eng ENG,GK,Manchester Utd,23-269,1997,2.0,1.0,135.0,1.0,0.67,8.0,7.0,0.875,1.0,0.0,0.0,0.0,0.0,0.0,0.0,0.0,0.0,1.5,0.0,1.0,0.0,1.8,0.22,0.8,0.51,8.0,15.0,53.3,27.0,12.0,48.1,36.3,10.0,20.0,29.5,18.0,0.0,0.0,0.0,0.0,11.3
Sergio Herrera,es ESP,GK,Osasuna,27-184,1993,10.0,10.0,900.0,13.0,1.3,45.0,33.0,0.756,3.0,2.0,5.0,4.0,40.0,5.0,2.0,2.0,1.0,10.0,0.0,1.0,0.0,15.6,0.32,2.6,0.26,137.0,279.0,49.1,283.0,26.0,74.2,53.6,72.0,95.8,65.1,107.0,13.0,12.1,16.0,1.6,15.8
Marwin Hitz,ch SUI,GK,Dortmund,33-079,1987,2.0,2.0,180.0,0.0,0.0,5.0,5.0,1.0,2.0,0.0,0.0,2.0,100.0,0.0,0.0,0.0,0.0,2.0,0.0,0.0,0.0,0.7,0.13,0.7,0.33,14.0,25.0,56.0,61.0,11.0,31.1,31.5,10.0,60.0,49.4,9.0,3.0,33.3,1.0,0.5,16.0
Timo Horn,de GER,GK,Köln,27-208,1993,10.0,10.0,849.0,16.0,1.7,41.0,29.0,0.707,1.0,4.0,5.0,0.0,0.0,5.0,4.0,1.0,0.0,9.4,1.0,2.0,0.0,14.7,0.25,-1.3,-0.14,92.0,192.0,47.9,308.0,35.0,51.0,40.6,62.0,56.5,46.1,74.0,3.0,4.1,8.0,0.85,13.7
Lukáš Hrádecký,fi FIN,GK,Leverkusen,31-012,1989,9.0,9.0,810.0,9.0,1.0,21.0,14.0,0.619,5.0,4.0,0.0,3.0,33.3,1.0,1.0,0.0,0.0,9.0,0.0,0.0,1.0,7.6,0.32,-0.4,-0.05,64.0,171.0,37.4,409.0,43.0,36.7,35.3,49.0,42.9,35.2,55.0,5.0,9.1,14.0,1.56,18.9
Ángel Jiménez,es ESP,GK,Granada,18-167,2002,1.0,1.0,90.0,2.0,2.0,7.0,6.0,0.857,0.0,0.0,1.0,0.0,0.0,2.0,1.0,1.0,0.0,1.0,0.0,1.0,0.0,2.7,0.22,0.7,0.69,10.0,24.0,41.7,13.0,0.0,76.9,50.1,17.0,82.4,55.0,10.0,0.0,0.0,1.0,1.0,14.3
Sam Johnstone,eng ENG,GK,West Brom,27-256,1993,10.0,10.0,900.0,18.0,1.8,57.0,43.0,0.737,1.0,3.0,6.0,2.0,20.0,4.0,3.0,1.0,0.0,10.0,0.0,3.0,1.0,22.2,0.35,5.2,0.52,89.0,223.0,39.9,268.0,53.0,63.4,47.0,71.0,74.6,52.5,91.0,5.0,5.5,6.0,0.6,14.7
Bingourou Kamara,sn SEN,GK,Strasbourg,24-046,1996,8.0,8.0,720.0,14.0,1.75,31.0,19.0,0.581,2.0,0.0,6.0,2.0,25.0,1.0,1.0,0.0,0.0,8.0,0.0,1.0,1.0,9.7,0.28,-3.3,-0.41,63.0,142.0,44.4,191.0,43.0,48.7,39.3,56.0,87.5,60.0,58.0,3.0,5.2,1.0,0.13,12.9
Eiji Kawashima,jp JPN,GK,Strasbourg,37-261,1983,4.0,4.0,360.0,10.0,2.5,24.0,16.0,0.667,0.0,1.0,3.0,0.0,0.0,2.0,2.0,0.0,0.0,4.0,0.0,1.0,0.0,9.5,0.34,-0.5,-0.13,37.0,68.0,54.4,85.0,12.0,52.9,41.2,36.0,63.9,50.8,43.0,1.0,2.3,2.0,0.5,12.0
Gregor Kobel,ch SUI,GK,Stuttgart,23-000,1997,9.0,9.0,810.0,15.0,1.67,43.0,30.0,0.698,2.0,5.0,2.0,1.0,11.1,2.0,2.0,0.0,0.0,9.0,0.0,2.0,0.0,11.5,0.23,-3.5,-0.39,46.0,97.0,47.4,258.0,59.0,31.4,30.3,70.0,22.9,24.6,86.0,2.0,2.3,7.0,0.78,14.3
Alban Lafont,fr FRA,GK,Nantes,21-318,1999,12.0,12.0,1080.0,18.0,1.5,53.0,40.0,0.736,3.0,4.0,5.0,2.0,16.7,4.0,4.0,0.0,0.0,12.0,1.0,1.0,1.0,19.6,0.31,2.6,0.22,56.0,194.0,28.9,284.0,55.0,45.8,40.8,92.0,69.6,51.3,98.0,6.0,6.1,6.0,0.5,14.1
Gautier Larsonneur,fr FRA,GK,Brest,23-287,1997,12.0,12.0,1080.0,23.0,1.92,53.0,32.0,0.604,6.0,0.0,6.0,3.0,25.0,2.0,2.0,0.0,0.0,12.0,0.0,2.0,1.0,17.3,0.3,-4.7,-0.39,83.0,176.0,47.2,354.0,58.0,39.8,38.2,86.0,40.7,37.9,121.0,12.0,9.9,3.0,0.25,12.5
Jean-Louis Leca,fr FRA,GK,Lens,35-076,1985,12.0,12.0,1080.0,18.0,1.5,41.0,26.0,0.61,6.0,3.0,3.0,4.0,33.3,3.0,2.0,1.0,0.0,12.0,0.0,1.0,1.0,13.2,0.28,-3.8,-0.31,97.0,239.0,40.6,294.0,40.0,69.0,48.7,63.0,57.1,45.1,70.0,7.0,10.0,5.0,0.42,14.4
Benjamin Lecomte,fr FRA,GK,Monaco,29-224,1991,8.0,8.0,720.0,12.0,1.5,25.0,15.0,0.6,3.0,2.0,3.0,2.0,25.0,2.0,2.0,0.0,0.0,8.0,0.0,0.0,0.0,9.1,0.3,-2.9,-0.36,47.0,106.0,44.3,244.0,39.0,34.8,33.9,46.0,45.7,43.6,58.0,2.0,3.4,16.0,2.0,17.4
Jeremías Ledesma,ar ARG,GK,Cádiz,27-297,1993,9.0,9.0,810.0,8.0,0.89,39.0,31.0,0.795,4.0,3.0,2.0,4.0,44.4,0.0,0.0,0.0,0.0,9.0,0.0,2.0,0.0,6.0,0.2,-1.0,-0.13,77.0,219.0,35.2,181.0,16.0,83.4,58.5,72.0,94.4,68.0,89.0,16.0,18.0,6.0,0.75,14.7
Bernd Leno,de GER,GK,Arsenal,28-277,1992,10.0,10.0,900.0,12.0,1.2,40.0,29.0,0.7,4.0,1.0,5.0,3.0,30.0,0.0,0.0,0.0,0.0,10.0,0.0,2.0,1.0,11.9,0.31,0.9,0.09,33.0,85.0,38.8,299.0,29.0,18.7,26.8,58.0,50.0,39.5,85.0,4.0,4.7,9.0,0.9,16.4
Hugo Lloris,fr FRA,GK,Tottenham,33-346,1986,10.0,10.0,900.0,9.0,0.9,30.0,25.0,0.8,6.0,3.0,1.0,4.0,40.0,3.0,3.0,0.0,0.0,10.0,0.0,0.0,1.0,7.4,0.17,-0.6,-0.06,47.0,123.0,38.2,211.0,40.0,42.7,35.9,80.0,41.3,35.0,92.0,3.0,3.3,6.0,0.6,14.4
Anthony Lopes,pt POR,GK,Lyon,30-066,1990,12.0,12.0,1080.0,10.0,0.83,42.0,35.0,0.81,6.0,5.0,1.0,4.0,33.3,3.0,2.0,0.0,1.0,12.0,0.0,0.0,1.0,11.5,0.24,2.5,0.21,62.0,119.0,52.1,269.0,57.0,30.9,32.8,76.0,47.4,39.2,97.0,6.0,6.2,17.0,1.42,20.7
Pau López,es ESP,GK,Roma,25-359,1994,1.0,1.0,90.0,1.0,1.0,5.0,4.0,0.8,1.0,0.0,0.0,0.0,0.0,0.0,0.0,0.0,0.0,1.0,0.0,0.0,0.0,1.5,0.3,0.5,0.48,6.0,16.0,37.5,39.0,5.0,38.5,34.1,3.0,33.3,31.3,4.0,1.0,25.0,0.0,0.0,16.3
Andreas Luthe,de GER,GK,Union Berlin,33-271,1987,10.0,10.0,900.0,14.0,1.4,37.0,22.0,0.622,4.0,4.0,2.0,2.0,20.0,0.0,0.0,0.0,0.0,10.0,0.0,4.0,0.0,11.1,0.3,-2.9,-0.29,57.0,169.0,33.7,288.0,32.0,43.8,38.4,60.0,71.7,50.1,77.0,4.0,5.2,1.0,0.1,12.1
Mike Maignan,fr FRA,GK,Lille,25-008,1995,12.0,12.0,1080.0,8.0,0.67,36.0,30.0,0.806,6.0,5.0,1.0,6.0,50.0,1.0,1.0,0.0,0.0,12.0,0.0,2.0,1.0,11.7,0.3,4.7,0.39,58.0,168.0,34.5,296.0,65.0,38.9,37.9,79.0,67.1,56.4,94.0,10.0,10.6,12.0,1.0,17.9
Radosław Majecki,pl POL,GK,Monaco,21-020,1999,1.0,1.0,90.0,1.0,1.0,2.0,1.0,0.5,1.0,0.0,0.0,0.0,0.0,0.0,0.0,0.0,0.0,1.0,0.0,0.0,0.0,0.3,0.16,-0.7,-0.68,4.0,15.0,26.7,25.0,2.0,36.0,32.5,12.0,50.0,39.9,7.0,0.0,0.0,1.0,1.0,16.0
Steve Mandanda,fr FRA,GK,Marseille,35-253,1985,11.0,11.0,990.0,9.0,0.82,35.0,27.0,0.771,7.0,3.0,1.0,4.0,36.4,1.0,1.0,0.0,0.0,11.0,0.0,1.0,0.0,11.3,0.3,2.3,0.21,66.0,190.0,34.7,313.0,68.0,39.0,36.1,94.0,72.3,52.4,139.0,12.0,8.6,8.0,0.73,13.7
Vito Mannone,it ITA,GK,Monaco,32-279,1988,3.0,3.0,270.0,3.0,1.0,9.0,7.0,0.778,3.0,0.0,0.0,1.0,33.3,1.0,1.0,0.0,0.0,3.0,0.0,0.0,0.0,3.7,0.33,0.7,0.25,12.0,41.0,29.3,84.0,13.0,38.1,35.7,16.0,56.3,46.0,22.0,0.0,0.0,2.0,0.67,17.6
Federico Marchetti,it ITA,GK,Genoa,37-303,1983,1.0,1.0,90.0,6.0,6.0,10.0,4.0,0.4,0.0,0.0,1.0,0.0,0.0,0.0,0.0,0.0,0.0,1.0,0.0,0.0,0.0,3.6,0.36,-2.4,-2.41,4.0,12.0,33.3,20.0,5.0,40.0,38.3,7.0,57.1,40.3,9.0,0.0,0.0,1.0,1.0,19.0
Emiliano Martínez,ar ARG,GK,Aston Villa,28-095,1992,9.0,9.0,810.0,13.0,1.44,35.0,21.0,0.629,5.0,0.0,4.0,4.0,44.4,1.0,0.0,1.0,0.0,9.0,2.0,1.0,0.0,13.4,0.36,0.4,0.04,71.0,186.0,38.2,254.0,33.0,54.7,44.4,62.0,75.8,57.5,94.0,7.0,7.4,1.0,0.11,13.2
Jordi Masip,es ESP,GK,Valladolid,31-338,1989,6.0,6.0,540.0,8.0,1.33,20.0,14.0,0.7,2.0,2.0,2.0,0.0,0.0,2.0,2.0,0.0,0.0,6.0,1.0,2.0,0.0,7.4,0.27,-0.6,-0.09,53.0,144.0,36.8,132.0,17.0,68.2,50.6,60.0,90.0,65.0,74.0,4.0,5.4,3.0,0.5,12.9
Alex McCarthy,eng ENG,GK,Southampton,31-003,1989,10.0,10.0,900.0,16.0,1.6,47.0,31.0,0.681,5.0,2.0,3.0,4.0,40.0,1.0,1.0,0.0,0.0,10.0,0.0,2.0,0.0,15.0,0.3,-1.0,-0.1,49.0,180.0,27.2,319.0,39.0,44.8,36.7,51.0,72.5,52.7,90.0,9.0,10.0,8.0,0.8,16.4
Edouard Mendy,sn SEN,GK,Chelsea,28-280,1992,7.0,7.0,630.0,2.0,0.29,12.0,10.0,0.833,5.0,2.0,0.0,5.0,71.4,0.0,0.0,0.0,0.0,7.0,0.0,1.0,0.0,2.5,0.21,0.5,0.07,32.0,72.0,44.4,182.0,20.0,29.7,29.4,36.0,50.0,38.6,52.0,4.0,7.7,6.0,0.86,17.6
Edouard Mendy,sn SEN,GK,Rennes,28-280,1992,1.0,1.0,90.0,1.0,1.0,1.0,0.0,0.0,0.0,1.0,0.0,0.0,0.0,0.0,0.0,0.0,0.0,1.0,0.0,0.0,0.0,0.6,0.56,-0.4,-0.44,7.0,12.0,58.3,23.0,2.0,43.5,37.9,6.0,33.3,35.2,6.0,1.0,16.7,0.0,0.0,10.0
Alex Meret,it ITA,GK,Napoli,23-259,1997,4.0,4.0,360.0,4.0,1.0,11.0,7.0,0.636,3.0,0.0,1.0,2.0,50.0,0.0,0.0,0.0,0.0,4.0,0.0,0.0,0.0,3.5,0.32,-0.5,-0.11,4.0,9.0,44.4,111.0,19.0,7.2,23.4,19.0,5.3,19.6,20.0,2.0,10.0,1.0,0.25,11.3
Illan Meslier,fr FRA,GK,Leeds United,20-279,2000,11.0,11.0,990.0,20.0,1.82,53.0,37.0,0.698,4.0,2.0,5.0,4.0,36.4,4.0,4.0,0.0,0.0,11.0,1.0,3.0,1.0,21.1,0.33,2.1,0.19,62.0,111.0,55.9,317.0,79.0,26.5,29.0,80.0,33.8,30.8,56.0,2.0,3.6,7.0,0.64,13.8
Antonio Mirante,it ITA,GK,Roma,37-151,1983,8.0,8.0,720.0,11.0,1.37,29.0,19.0,0.69,4.0,2.0,2.0,3.0,37.5,3.0,2.0,1.0,0.0,8.0,1.0,0.0,0.0,9.4,0.23,-1.6,-0.2,49.0,89.0,55.1,206.0,40.0,35.4,33.6,48.0,33.3,32.5,62.0,2.0,3.2,8.0,1.0,15.9
Lorenzo Montipò,it ITA,GK,Benevento,24-290,1996,9.0,9.0,810.0,21.0,2.33,48.0,28.0,0.583,3.0,1.0,5.0,2.0,22.2,1.0,1.0,0.0,0.0,9.0,0.0,3.0,0.0,19.1,0.38,-1.9,-0.21,87.0,197.0,44.2,279.0,51.0,53.8,40.1,70.0,67.1,46.5,71.0,4.0,5.6,2.0,0.22,12.0
Jessy Moulin,fr FRA,GK,Saint-Étienne,34-328,1986,12.0,12.0,1080.0,20.0,1.67,46.0,27.0,0.587,3.0,2.0,7.0,3.0,25.0,1.0,1.0,0.0,0.0,12.0,1.0,4.0,1.0,16.6,0.34,-2.4,-0.2,70.0,169.0,41.4,329.0,69.0,34.0,35.9,90.0,63.3,48.4,99.0,4.0,4.0,4.0,0.33,13.4
Florian Müller,de GER,GK,Freiburg,23-023,1997,10.0,10.0,900.0,22.0,2.2,51.0,31.0,0.608,1.0,5.0,4.0,0.0,0.0,2.0,2.0,0.0,0.0,10.0,2.0,2.0,0.0,17.6,0.31,-4.4,-0.44,61.0,176.0,34.7,301.0,29.0,36.2,37.3,91.0,73.6,57.4,73.0,4.0,5.5,4.0,0.4,15.3
Juan Musso,ar ARG,GK,Udinese,26-214,1994,7.0,7.0,630.0,8.0,1.14,18.0,12.0,0.611,2.0,1.0,4.0,2.0,28.6,1.0,1.0,0.0,0.0,7.0,0.0,0.0,0.0,6.4,0.31,-0.6,-0.08,32.0,90.0,35.6,177.0,34.0,40.1,36.7,46.0,41.3,36.6,43.0,6.0,14.0,5.0,0.71,14.2
Paul Nardi,fr FRA,GK,Lorient,26-202,1994,12.0,12.0,1080.0,22.0,1.83,58.0,38.0,0.655,2.0,2.0,8.0,1.0,8.3,3.0,2.0,0.0,1.0,12.0,0.0,0.0,0.0,16.7,0.26,-5.3,-0.44,74.0,206.0,35.9,240.0,65.0,52.5,41.0,111.0,72.1,55.5,98.0,4.0,4.1,7.0,0.58,14.0
Keylor Navas,cr CRC,GK,Paris S-G,33-357,1986,9.0,9.0,810.0,5.0,0.56,22.0,18.0,0.818,8.0,0.0,1.0,6.0,66.7,2.0,1.0,1.0,0.0,9.0,0.0,2.0,0.0,8.2,0.29,3.2,0.35,38.0,65.0,58.5,167.0,33.0,27.5,30.6,68.0,27.9,30.6,76.0,4.0,5.3,3.0,0.33,10.9
Neto,br BRA,GK,Barcelona,31-140,1989,6.0,6.0,540.0,6.0,1.0,19.0,14.0,0.789,2.0,2.0,2.0,2.0,33.3,2.0,2.0,0.0,0.0,6.0,0.0,1.0,0.0,6.6,0.26,0.6,0.1,17.0,35.0,48.6,150.0,30.0,18.7,27.3,41.0,17.1,24.4,52.0,2.0,3.8,4.0,0.67,15.7
Manuel Neuer,de GER,GK,Bayern Munich,34-254,1986,10.0,10.0,900.0,16.0,1.6,40.0,24.0,0.625,7.0,2.0,1.0,2.0,20.0,1.0,1.0,0.0,0.0,10.0,0.0,1.0,0.0,19.0,0.46,3.0,0.3,69.0,110.0,62.7,344.0,60.0,27.3,31.3,54.0,29.6,33.0,72.0,1.0,1.4,11.0,1.1,16.1
Jan Oblak,si SVN,GK,Atlético Madrid,27-334,1993,10.0,10.0,900.0,2.0,0.2,34.0,32.0,0.941,8.0,2.0,0.0,8.0,80.0,0.0,0.0,0.0,0.0,10.0,0.0,0.0,0.0,6.3,0.19,4.3,0.43,70.0,170.0,41.2,204.0,29.0,57.4,43.4,88.0,60.2,46.9,94.0,7.0,7.4,2.0,0.2,13.1
Robin Olsen,se SWE,GK,Everton,30-333,1990,1.0,1.0,90.0,2.0,2.0,3.0,2.0,0.667,0.0,0.0,1.0,0.0,0.0,1.0,1.0,0.0,0.0,1.0,0.0,0.0,0.0,2.4,0.53,0.4,0.43,6.0,7.0,85.7,17.0,3.0,41.2,35.0,3.0,0.0,19.3,3.0,0.0,0.0,0.0,0.0,0.0
Jonas Omlin,ch SUI,GK,Montpellier,26-331,1994,11.0,11.0,945.0,18.0,1.71,45.0,31.0,0.711,5.0,2.0,4.0,1.0,9.1,5.0,5.0,0.0,0.0,10.5,0.0,1.0,1.0,18.8,0.32,1.8,0.17,80.0,185.0,43.2,254.0,49.0,50.4,41.1,79.0,72.2,53.4,93.0,10.0,10.8,4.0,0.38,13.2
Stefan Ortega,de GER,GK,Arminia,28-030,1992,10.0,10.0,900.0,20.0,2.0,56.0,37.0,0.661,2.0,1.0,7.0,1.0,10.0,2.0,1.0,1.0,0.0,10.0,0.0,4.0,0.0,16.7,0.3,-2.3,-0.25,114.0,240.0,47.5,448.0,35.0,46.9,40.6,57.0,52.6,44.1,96.0,4.0,4.2,7.0,0.78,14.6
David Ospina,co COL,GK,Napoli,32-097,1988,4.0,4.0,360.0,3.0,0.75,12.0,10.0,0.833,3.0,0.0,1.0,2.0,50.0,1.0,1.0,0.0,0.0,4.0,0.0,0.0,0.0,2.0,0.1,-1.0,-0.24,21.0,45.0,46.7,111.0,14.0,37.8,36.3,8.0,37.5,36.5,18.0,3.0,16.7,5.0,1.25,19.5
Alexandre Oukidja,dz ALG,GK,Metz,32-140,1988,12.0,12.0,1080.0,11.0,0.92,43.0,34.0,0.791,4.0,4.0,4.0,2.0,16.7,3.0,2.0,1.0,0.0,12.0,0.0,2.0,0.0,12.8,0.25,1.8,0.15,95.0,251.0,37.8,296.0,69.0,58.1,46.1,97.0,81.4,59.8,109.0,18.0,16.5,12.0,1.0,15.3
Fernando Pacheco,es ESP,GK,Alavés,28-202,1992,11.0,11.0,990.0,13.0,1.18,47.0,35.0,0.745,3.0,4.0,4.0,3.0,27.3,1.0,1.0,0.0,0.0,11.0,0.0,2.0,0.0,14.2,0.31,1.2,0.11,115.0,218.0,52.8,226.0,30.0,66.4,47.5,98.0,69.4,48.8,112.0,13.0,11.6,8.0,0.73,14.7
Alberto Paleari,it ITA,GK,Genoa,28-099,1992,1.0,1.0,90.0,2.0,2.0,3.0,0.0,0.333,0.0,0.0,1.0,0.0,0.0,0.0,0.0,0.0,0.0,1.0,0.0,0.0,0.0,0.9,0.31,-1.1,-1.06,6.0,15.0,40.0,26.0,5.0,57.7,41.7,7.0,0.0,11.6,5.0,0.0,0.0,0.0,0.0,12.3
Rui Patrício,pt POR,GK,Wolves,32-295,1988,10.0,10.0,900.0,11.0,1.1,29.0,21.0,0.69,5.0,2.0,3.0,4.0,40.0,3.0,2.0,1.0,0.0,10.0,1.0,1.0,1.0,8.6,0.23,-1.4,-0.14,71.0,152.0,46.7,156.0,36.0,59.0,43.6,70.0,85.7,54.8,113.0,10.0,8.8,1.0,0.1,11.2
Jiří Pavlenka,cz CZE,GK,Werder Bremen,28-236,1992,9.0,9.0,810.0,15.0,1.67,37.0,23.0,0.595,2.0,5.0,2.0,1.0,11.1,0.0,0.0,0.0,0.0,9.0,0.0,1.0,1.0,10.0,0.27,-4.0,-0.44,67.0,149.0,45.0,207.0,52.0,47.3,40.7,72.0,70.8,51.5,106.0,6.0,5.7,4.0,0.44,11.4
Bailey Peacock-Farrell,nir NIR,GK,Burnley,24-038,1996,1.0,1.0,90.0,5.0,5.0,7.0,2.0,0.286,0.0,0.0,1.0,0.0,0.0,0.0,0.0,0.0,0.0,1.0,0.0,0.0,0.0,4.4,0.62,-0.6,-0.65,11.0,28.0,39.3,23.0,1.0,87.0,55.5,9.0,88.9,64.9,9.0,0.0,0.0,0.0,0.0,8.5
Philipp Pentke,de GER,GK,Hoffenheim,35-219,1985,1.0,1.0,90.0,1.0,1.0,2.0,1.0,0.5,0.0,1.0,0.0,0.0,0.0,0.0,0.0,0.0,0.0,1.0,0.0,0.0,0.0,0.4,0.21,-0.6,-0.57,2.0,6.0,33.3,25.0,5.0,20.0,29.8,4.0,25.0,31.5,2.0,0.0,0.0,1.0,1.0,20.3
Mattia Perin,it ITA,GK,Genoa,28-026,1992,7.0,7.0,629.0,10.0,1.43,32.0,21.0,0.688,1.0,2.0,4.0,1.0,14.3,0.0,0.0,0.0,0.0,7.0,0.0,3.0,1.0,8.9,0.28,-0.1,-0.02,53.0,127.0,41.7,213.0,34.0,48.8,38.0,61.0,37.7,35.6,68.0,2.0,2.9,3.0,0.43,13.5
Pavao Pervan,at AUT,GK,Wolfsburg,33-023,1987,1.0,1.0,90.0,1.0,1.0,7.0,5.0,0.857,0.0,1.0,0.0,0.0,0.0,0.0,0.0,0.0,0.0,1.0,0.0,1.0,0.0,2.7,0.39,1.7,1.72,8.0,19.0,42.1,23.0,1.0,56.5,43.2,9.0,66.7,53.4,13.0,1.0,7.7,0.0,0.0,11.3
Jordan Pickford,eng ENG,GK,Everton,26-274,1994,10.0,10.0,900.0,16.0,1.6,47.0,31.0,0.66,5.0,2.0,3.0,1.0,10.0,1.0,0.0,0.0,1.0,10.0,1.0,1.0,0.0,12.6,0.27,-3.4,-0.34,72.0,198.0,36.4,313.0,47.0,50.2,42.1,63.0,65.1,54.9,84.0,6.0,7.1,7.0,0.7,14.7
Nick Pope,eng ENG,GK,Burnley,28-231,1992,9.0,9.0,810.0,13.0,1.44,43.0,32.0,0.721,1.0,3.0,5.0,3.0,33.3,1.0,1.0,0.0,0.0,9.0,0.0,4.0,1.0,14.0,0.31,2.0,0.22,92.0,216.0,42.6,226.0,40.0,72.6,51.1,58.0,89.7,63.7,88.0,10.0,11.4,8.0,0.89,15.0
Ivan Provedel,it ITA,GK,Spezia,26-264,1994,7.0,7.0,630.0,12.0,1.71,23.0,13.0,0.565,1.0,4.0,2.0,2.0,28.6,2.0,2.0,0.0,0.0,7.0,1.0,1.0,0.0,11.1,0.4,-0.9,-0.13,77.0,139.0,55.4,300.0,29.0,40.7,36.7,41.0,41.5,39.3,47.0,0.0,0.0,7.0,1.0,16.1
Anthony Racioppi,ch SUI,GK,Dijon,21-341,1998,3.0,3.0,270.0,3.0,1.0,12.0,10.0,0.833,1.0,1.0,1.0,0.0,0.0,2.0,1.0,1.0,0.0,3.0,0.0,0.0,0.0,4.2,0.24,1.2,0.41,25.0,56.0,44.6,86.0,10.0,41.9,36.3,26.0,76.9,54.1,28.0,1.0,3.6,2.0,0.67,15.9
Rafael,br BRA,GK,Spezia,38-278,1982,2.0,1.0,117.0,3.0,2.31,9.0,6.0,0.667,0.0,0.0,1.0,1.0,100.0,0.0,0.0,0.0,0.0,1.3,0.0,0.0,0.0,1.6,0.18,-1.4,-1.04,11.0,25.0,44.0,46.0,7.0,50.0,37.8,11.0,18.2,26.5,23.0,1.0,4.3,0.0,0.0,8.3
Predrag Rajković,rs SRB,GK,Reims,25-036,1995,11.0,11.0,945.0,21.0,2.0,42.0,24.0,0.548,2.0,3.0,6.0,1.0,9.1,3.0,2.0,1.0,0.0,10.5,0.0,4.0,1.0,15.3,0.32,-4.7,-0.45,76.0,206.0,36.9,274.0,34.0,50.0,42.4,119.0,58.0,47.5,118.0,8.0,6.8,6.0,0.57,13.7
Aaron Ramsdale,eng ENG,GK,Sheffield Utd,22-206,1998,10.0,10.0,900.0,16.0,1.6,57.0,40.0,0.719,0.0,1.0,9.0,0.0,0.0,1.0,0.0,0.0,1.0,10.0,0.0,4.0,0.0,17.6,0.31,1.6,0.16,81.0,237.0,34.2,208.0,29.0,76.0,54.5,84.0,94.0,71.9,104.0,10.0,9.6,4.0,0.4,13.8
Pepe Reina,es ESP,GK,Lazio,38-097,1982,5.0,5.0,450.0,6.0,1.2,22.0,16.0,0.773,4.0,1.0,0.0,1.0,20.0,1.0,1.0,0.0,0.0,5.0,0.0,2.0,0.0,6.9,0.27,0.9,0.17,36.0,76.0,47.4,143.0,16.0,44.1,36.2,35.0,37.1,31.1,38.0,2.0,5.3,3.0,0.6,14.7
Álex Remiro,es ESP,GK,Real Sociedad,25-257,1995,11.0,11.0,990.0,5.0,0.45,21.0,18.0,0.857,7.0,3.0,1.0,6.0,54.5,3.0,2.0,1.0,0.0,11.0,0.0,0.0,0.0,7.6,0.24,2.6,0.23,76.0,149.0,51.0,278.0,33.0,42.1,37.2,58.0,55.2,46.0,74.0,6.0,8.1,6.0,0.55,15.3
Baptiste Reynet,fr FRA,GK,Nîmes,30-039,1990,13.0,13.0,1170.0,24.0,1.85,67.0,45.0,0.687,3.0,2.0,8.0,4.0,30.8,3.0,3.0,0.0,0.0,13.0,0.0,1.0,0.0,22.8,0.3,-1.2,-0.1,107.0,291.0,36.8,404.0,35.0,52.2,43.1,101.0,79.2,55.6,130.0,8.0,6.2,13.0,1.0,15.2
Sergio Rico,es ESP,GK,Paris S-G,27-096,1993,3.0,3.0,270.0,3.0,1.0,9.0,7.0,0.667,1.0,1.0,1.0,1.0,33.3,0.0,0.0,0.0,0.0,3.0,0.0,0.0,1.0,2.5,0.28,0.5,0.16,2.0,6.0,33.3,44.0,13.0,11.4,23.1,19.0,5.3,22.4,21.0,0.0,0.0,2.0,0.67,15.0
Roberto,es ESP,GK,Valladolid,34-300,1986,6.0,6.0,540.0,10.0,1.67,25.0,17.0,0.68,0.0,2.0,4.0,0.0,0.0,3.0,2.0,0.0,1.0,6.0,0.0,0.0,0.0,10.1,0.33,0.1,0.01,39.0,130.0,30.0,136.0,24.0,62.5,51.1,52.0,86.5,68.8,58.0,5.0,8.6,5.0,0.83,14.8
Joel Robles,es ESP,GK,Betis,30-172,1990,4.0,4.0,360.0,8.0,2.0,12.0,7.0,0.5,1.0,0.0,3.0,1.0,25.0,3.0,2.0,1.0,0.0,4.0,0.0,1.0,1.0,7.3,0.44,0.3,0.08,32.0,83.0,38.6,119.0,14.0,55.5,43.7,31.0,54.8,45.1,25.0,0.0,0.0,4.0,1.0,18.9
Marek Rodák,sk SVK,GK,Fulham,23-359,1996,1.0,1.0,90.0,3.0,3.0,5.0,2.0,0.4,0.0,0.0,1.0,0.0,0.0,0.0,0.0,0.0,0.0,1.0,0.0,1.0,0.0,2.5,0.61,-0.5,-0.55,6.0,12.0,50.0,22.0,3.0,40.9,35.8,4.0,75.0,56.0,9.0,0.0,0.0,1.0,1.0,11.8
Mathew Ryan,au AUS,GK,Brighton,28-242,1992,9.0,9.0,810.0,14.0,1.56,22.0,12.0,0.5,2.0,4.0,3.0,2.0,22.2,3.0,3.0,0.0,0.0,9.0,0.0,2.0,1.0,10.4,0.35,-2.6,-0.29,44.0,109.0,40.4,286.0,44.0,31.1,31.4,43.0,46.5,40.5,80.0,4.0,5.0,5.0,0.56,14.6
Frederik Rønnow,dk DEN,GK,Schalke 04,28-124,1992,7.0,6.0,585.0,14.0,2.15,45.0,35.0,0.778,0.0,3.0,3.0,0.0,0.0,4.0,4.0,0.0,0.0,6.5,0.0,4.0,0.0,16.3,0.3,2.3,0.36,31.0,76.0,40.8,179.0,41.0,30.7,32.1,52.0,40.4,36.8,36.0,1.0,2.8,2.0,0.31,13.5
Romain Salin,fr FRA,GK,Rennes,36-130,1984,7.0,7.0,630.0,9.0,1.29,30.0,21.0,0.7,4.0,2.0,1.0,1.0,14.3,0.0,0.0,0.0,0.0,7.0,0.0,3.0,0.0,9.2,0.31,0.2,0.03,54.0,113.0,47.8,216.0,33.0,38.4,35.1,60.0,50.0,42.2,57.0,4.0,7.0,14.0,2.0,17.1
Robert Sánchez,es ESP,GK,Brighton,23-018,1997,1.0,1.0,90.0,2.0,2.0,2.0,1.0,0.5,0.0,0.0,1.0,0.0,0.0,1.0,1.0,0.0,0.0,1.0,0.0,0.0,0.0,1.6,0.37,-0.4,-0.38,5.0,16.0,31.3,23.0,2.0,60.9,46.4,5.0,40.0,35.8,3.0,0.0,0.0,0.0,0.0,17.0
Kasper Schmeichel,dk DEN,GK,Leicester City,34-031,1986,10.0,10.0,900.0,14.0,1.4,48.0,35.0,0.729,6.0,0.0,4.0,3.0,30.0,1.0,1.0,0.0,0.0,10.0,0.0,4.0,1.0,14.3,0.28,1.3,0.13,64.0,168.0,38.1,275.0,48.0,44.4,40.3,72.0,63.9,49.2,82.0,8.0,9.8,4.0,0.4,11.9
Alexander Schwolow,de GER,GK,Hertha BSC,28-187,1992,10.0,10.0,900.0,19.0,1.9,41.0,25.0,0.61,3.0,2.0,5.0,2.0,20.0,3.0,3.0,0.0,0.0,10.0,0.0,0.0,0.0,16.2,0.34,-2.8,-0.28,72.0,157.0,45.9,285.0,42.0,37.5,35.7,91.0,54.9,45.9,84.0,7.0,8.3,5.0,0.5,14.2
Luigi Sepe,it ITA,GK,Parma,29-212,1991,9.0,9.0,810.0,17.0,1.89,51.0,34.0,0.667,2.0,3.0,4.0,2.0,22.2,0.0,0.0,0.0,0.0,9.0,0.0,3.0,1.0,13.8,0.27,-2.2,-0.24,78.0,146.0,53.4,243.0,47.0,44.9,39.4,82.0,45.1,39.5,107.0,5.0,4.7,2.0,0.22,13.4
Rui Silva,pt POR,GK,Granada,26-303,1994,9.0,9.0,810.0,15.0,1.67,36.0,20.0,0.583,4.0,2.0,3.0,3.0,33.3,1.0,0.0,1.0,0.0,9.0,1.0,1.0,0.0,13.4,0.36,-1.6,-0.18,73.0,205.0,35.6,230.0,22.0,63.0,48.3,84.0,71.4,53.2,91.0,2.0,2.2,3.0,0.33,13.1
Marco Silvestri,it ITA,GK,Hellas Verona,29-279,1991,9.0,9.0,810.0,7.0,0.78,42.0,35.0,0.833,4.0,3.0,2.0,4.0,44.4,1.0,0.0,0.0,1.0,9.0,0.0,0.0,1.0,7.1,0.17,1.1,0.12,60.0,203.0,29.6,190.0,19.0,66.8,45.9,86.0,88.4,58.2,78.0,3.0,3.8,3.0,0.33,13.3
Unai Simón,es ESP,GK,Athletic Club,23-178,1997,11.0,11.0,990.0,12.0,1.09,23.0,14.0,0.565,4.0,1.0,6.0,2.0,18.2,2.0,2.0,0.0,0.0,11.0,0.0,2.0,1.0,9.6,0.34,-1.4,-0.13,90.0,212.0,42.5,284.0,50.0,51.8,43.4,68.0,95.6,69.2,98.0,7.0,7.1,10.0,0.91,15.3
Salvatore Sirigu,it ITA,GK,Torino,33-329,1987,10.0,10.0,900.0,24.0,2.4,41.0,19.0,0.463,1.0,3.0,6.0,1.0,10.0,2.0,2.0,0.0,0.0,10.0,1.0,3.0,0.0,16.6,0.37,-7.4,-0.74,49.0,115.0,42.6,273.0,40.0,31.5,31.3,82.0,35.4,29.5,108.0,4.0,3.7,2.0,0.2,11.4
Łukasz Skorupski,pl POL,GK,Bologna,29-215,1991,10.0,10.0,900.0,17.0,1.7,45.0,30.0,0.644,4.0,0.0,6.0,1.0,10.0,1.0,1.0,0.0,0.0,10.0,0.0,3.0,1.0,13.5,0.28,-2.5,-0.25,46.0,117.0,39.3,276.0,48.0,34.1,33.3,71.0,32.4,28.3,78.0,13.0,16.7,5.0,0.5,14.3
Yann Sommer,ch SUI,GK,M'Gladbach,31-355,1988,10.0,10.0,900.0,16.0,1.6,39.0,25.0,0.641,4.0,4.0,2.0,1.0,10.0,2.0,2.0,0.0,0.0,10.0,0.0,3.0,0.0,14.1,0.31,-1.9,-0.19,49.0,118.0,41.5,356.0,40.0,29.2,31.8,74.0,18.9,25.0,74.0,6.0,8.1,3.0,0.3,12.7
David Soria,es ESP,GK,Getafe,27-246,1993,11.0,11.0,990.0,13.0,1.18,35.0,25.0,0.714,3.0,4.0,4.0,5.0,45.5,3.0,3.0,0.0,0.0,11.0,0.0,2.0,0.0,12.2,0.28,-0.8,-0.07,112.0,312.0,35.9,290.0,3.0,86.2,58.3,78.0,79.5,54.4,61.0,8.0,13.1,15.0,1.36,16.6
Marco Sportiello,it ITA,GK,Atalanta,28-210,1992,8.0,7.0,655.0,15.0,2.06,33.0,18.0,0.545,4.0,1.0,2.0,0.0,0.0,1.0,0.0,1.0,0.0,7.3,0.0,1.0,0.0,10.7,0.3,-4.3,-0.59,26.0,61.0,42.6,164.0,41.0,23.8,30.7,37.0,59.5,47.5,49.0,4.0,8.2,6.0,0.82,16.1
Thomas Strakosha,al ALB,GK,Lazio,25-262,1995,5.0,5.0,450.0,11.0,2.2,23.0,12.0,0.522,1.0,1.0,3.0,1.0,20.0,0.0,0.0,0.0,0.0,5.0,0.0,1.0,0.0,8.9,0.39,-2.1,-0.43,28.0,68.0,41.2,179.0,29.0,35.2,31.6,31.0,16.1,25.7,43.0,3.0,7.0,0.0,0.0,11.5
Wojciech Szczęsny,pl POL,GK,Juventus,30-232,1990,6.0,6.0,540.0,6.0,1.0,15.0,10.0,0.667,2.0,4.0,0.0,1.0,16.7,1.0,1.0,0.0,0.0,6.0,0.0,2.0,0.0,5.4,0.3,-0.6,-0.1,23.0,34.0,67.6,160.0,23.0,18.1,28.2,37.0,13.5,22.4,51.0,2.0,3.9,6.0,1.0,16.0
Ciprian Tătărușanu,ro ROU,GK,Milan,34-301,1986,1.0,1.0,90.0,3.0,3.0,6.0,4.0,0.667,0.0,1.0,0.0,0.0,0.0,1.0,1.0,0.0,0.0,1.0,0.0,2.0,0.0,2.9,0.35,-0.1,-0.05,2.0,5.0,40.0,23.0,7.0,13.0,21.8,4.0,50.0,30.8,3.0,1.0,33.3,0.0,0.0,8.1
Marc-André ter Stegen,de GER,GK,Barcelona,28-220,1992,4.0,4.0,360.0,5.0,1.25,17.0,12.0,0.706,2.0,0.0,2.0,1.0,25.0,0.0,0.0,0.0,0.0,4.0,0.0,0.0,0.0,3.3,0.25,0.3,0.09,15.0,20.0,75.0,85.0,16.0,16.5,26.3,17.0,35.3,36.8,22.0,2.0,9.1,4.0,1.33,23.0
Kevin Trapp,de GER,GK,Eint Frankfurt,30-151,1990,10.0,10.0,900.0,17.0,1.7,48.0,34.0,0.688,2.0,7.0,1.0,0.0,0.0,2.0,2.0,0.0,0.0,10.0,0.0,2.0,1.0,15.1,0.28,-0.9,-0.09,89.0,198.0,44.9,343.0,50.0,47.2,37.7,69.0,52.2,43.7,89.0,8.0,9.0,6.0,0.6,14.7
Tomáš Vaclík,cz CZE,GK,Sevilla,31-252,1989,3.0,3.0,270.0,3.0,1.0,9.0,6.0,0.667,2.0,0.0,1.0,1.0,33.3,0.0,0.0,0.0,0.0,3.0,0.0,0.0,0.0,2.4,0.27,-0.6,-0.21,14.0,32.0,43.8,86.0,15.0,32.6,31.7,8.0,50.0,38.3,19.0,1.0,5.3,2.0,0.67,14.9
Koke Vegas,es ESP,GK,Levante,25-070,1995,1.0,1.0,90.0,2.0,2.0,4.0,2.0,0.5,0.0,0.0,1.0,0.0,0.0,0.0,0.0,0.0,0.0,1.0,0.0,0.0,0.0,2.6,0.64,0.6,0.56,2.0,11.0,18.2,18.0,4.0,44.4,37.7,11.0,27.3,30.5,7.0,0.0,0.0,1.0,1.0,18.8
Iván Villar,es ESP,GK,Celta Vigo,23-150,1997,7.0,7.0,630.0,10.0,1.43,22.0,15.0,0.636,1.0,3.0,3.0,1.0,14.3,2.0,2.0,0.0,0.0,7.0,0.0,0.0,1.0,8.6,0.32,-0.4,-0.05,30.0,96.0,31.3,150.0,28.0,46.7,39.2,56.0,46.4,40.8,67.0,5.0,7.5,8.0,1.14,17.2
Robin Zentner,de GER,GK,Mainz 05,26-039,1994,10.0,10.0,900.0,24.0,2.4,58.0,37.0,0.621,1.0,2.0,7.0,0.0,0.0,2.0,2.0,0.0,0.0,10.0,1.0,3.0,1.0,15.5,0.27,-5.5,-0.61,46.0,141.0,32.6,260.0,58.0,37.3,35.8,77.0,57.1,48.0,94.0,6.0,6.4,10.0,1.11,14.6
Ron-Robert Zieler,de GER,GK,Köln,31-298,1989,1.0,0.0,51.0,1.0,1.76,2.0,2.0,1.0,0.0,0.0,0.0,0.0,0.0,1.0,1.0,0.0,0.0,0.6,0.0,0.0,0.0,0.7,0.01,-0.3,-0.46,6.0,11.0,54.5,17.0,4.0,35.3,35.0,6.0,83.3,49.7,10.0,0.0,0.0,0.0,0.0,11.8
Jeroen Zoet,nl NED,GK,Spezia,29-335,1991,2.0,2.0,153.0,4.0,2.35,5.0,2.0,0.4,1.0,0.0,1.0,1.0,50.0,1.0,1.0,0.0,0.0,1.7,0.0,1.0,0.0,3.0,0.4,-1.0,-0.6,9.0,20.0,45.0,52.0,11.0,34.6,33.0,8.0,25.0,30.8,16.0,0.0,0.0,0.0,0.0,8.1
